{"MAE": 24.9246798557651, "MRAE": 0.4851602684802677, "R^2-Score": 0.4655766423367257, "MEAPE-mu": 5.334434123875889, "MEAPE-std": 3.229350678227188, "RMSE": 31.159877743465454, "JSD": 0.1377855750094582, "_runtime": 3, "_timestamp": 1646315760, "_step": 0, "_wandb": {"runtime": 4}}