{"MAE": 24.80647288223149, "RMSE": 29.3232780917415, "MRAE": 0.39795988559635964, "JSD": Infinity, "R^2-Score": 0.19076166962067764, "MEAPE-mu": 6.987347390567493, "MEAPE-std": 0.4461188479712967, "_runtime": 244, "_timestamp": 1645535476, "_step": 0, "_wandb": {"runtime": 245}}