{"ARI": 0.19942587242370005, "NMI": 0.12989986579088109, "JSD": 0.18391508605354528, "Precision": 0.7412769177146077, "Recall": 0.7428467286313104, "F1-Score": 0.6943422374111622, "ROC AUC": 0.7672714167433742, "Accuracy": 0.7428467286313104, "MEAPE-mu": 21.693175447629518, "MEAPE-std": 0.6778499158230025, "_runtime": 2893, "_timestamp": 1646878271, "_step": 0, "_wandb": {"runtime": 2893}}