{"MAE": 19.758143616267656, "RMSE": 26.0799843551028, "MRAE": 0.28522880310539733, "JSD": 0.1105478562092121, "R^2-Score": 0.24694218047895944, "MEAPE-mu": 4.037630916090071, "MEAPE-std": 3.194146872735508, "_runtime": 1, "_timestamp": 1645189261, "_step": 0, "_wandb": {"runtime": 3}}