{"MAE": 21.15013587669523, "RMSE": 26.033693951007578, "MRAE": 0.30621473748348793, "JSD": 0.11108766218286811, "R^2-Score": 0.4113343698812455, "MEAPE-mu": 3.8904700617936423, "MEAPE-std": 3.0975171862037247, "_runtime": 2, "_timestamp": 1645107674, "_step": 0, "_wandb": {"runtime": 3}}