{"MAE": 26.35826412079634, "MRAE": 0.33685249251577104, "R^2-Score": 0.22474866108003355, "MEAPE-mu": 8.729640422441385, "MEAPE-std": 5.113180479205075, "RMSE": 31.875823474149996, "JSD": 0.13038402005874442, "_runtime": 5, "_timestamp": 1646306327, "_step": 0, "_wandb": {"runtime": 4}}