{"ARI": 0.05362776025236593, "NMI": 0.0353609861429893, "JSD": 0.23602428001758194, "Precision": 0.5506666666666666, "Recall": 0.6333333333333333, "F1-Score": 0.5867149758454107, "ROC AUC": 0.4601104209799862, "Accuracy": 0.6333333333333333, "MEAPE-mu": 14.509600964152092, "MEAPE-std": 9.24645934411577, "_runtime": 5, "_timestamp": 1646933297, "_step": 0, "_wandb": {"runtime": 5}}