{"MAE": 29.081185663426414, "RMSE": 34.96718583088433, "MRAE": 0.4837053043090335, "JSD": 0.1326440042795349, "R^2-Score": 0.32310228216378833, "MEAPE-mu": 13.561524299677549, "MEAPE-std": 4.927211741699423, "_runtime": 2, "_timestamp": 1645185250, "_step": 0, "_wandb": {"runtime": 3}}