{"ARI": 0.014169391827120873, "NMI": 0.0023714710863991114, "JSD": 0.20794649982702562, "Precision": 0.6118568035261985, "Recall": 0.6911727806493702, "F1-Score": 0.599216197422138, "ROC AUC": 0.6375445779910205, "Accuracy": 0.6911727806493702, "MEAPE-mu": 32.10015987957424, "MEAPE-std": 0.28897486741566114, "_runtime": 4, "_timestamp": 1645772249, "_step": 0, "_wandb": {"runtime": 5}}