{"ARI": 0.0, "NMI": 0.0, "JSD": 0.1780825084701762, "Precision": 0.3832618155944979, "Recall": 0.6190814288883958, "F1-Score": 0.4734311798729381, "ROC AUC": 0.5951526419455964, "Accuracy": 0.6190814288883958, "MEAPE-mu": 39.21632903534838, "MEAPE-std": 0.2065001715401158, "_runtime": 1676, "_timestamp": 1646032650, "_step": 0, "_wandb": {"runtime": 1677}}