{"ARI": 0.36459954950056966, "NMI": 0.3152484995880336, "JSD": 0.19493588378127216, "Precision": 0.6966247119306223, "Recall": 0.7005546927002441, "F1-Score": 0.6732467525947513, "ROC AUC": 0.7453648981450558, "Accuracy": 0.7005546927002441, "MEAPE-mu": 11.774238205706814, "MEAPE-std": 0.3502105417931142, "_runtime": 2114, "_timestamp": 1649106636, "_step": 0, "_wandb": {"runtime": 2115}}