{"ARI": 0.41678968262454585, "NMI": 0.2432765069665318, "JSD": 0.15937511448737174, "Precision": 0.7799710206767939, "Recall": 0.7955166757791142, "F1-Score": 0.7821753810656956, "ROC AUC": 0.7838590057713006, "Accuracy": 0.7955166757791142, "MEAPE-mu": 8.562721069842292, "MEAPE-std": 0.5744921049708201, "_runtime": 387, "_timestamp": 1646835877, "_step": 0, "_wandb": {"runtime": 387}}