{"MAE": 24.973791475321597, "MRAE": 0.6063302308402001, "R^2-Score": 0.2105438323704203, "MEAPE-mu": 4.331130781865793, "MEAPE-std": 0.3373337213110585, "RMSE": 31.705004727836016, "JSD": 0.16613636123750813, "_runtime": 5, "_timestamp": 1647416965, "_step": 0, "_wandb": {"runtime": 5}}