{"MAE": 26.4740771484923, "MRAE": 0.5884737968107854, "R^2-Score": 0.08182072853566391, "MEAPE-mu": 0.2501679935546833, "MEAPE-std": 0.18477417292100737, "RMSE": 32.723282422925266, "JSD": 0.1705525417662341, "_runtime": 4803, "_timestamp": 1651329543, "_step": 0, "_wandb": {"runtime": 4804}}