{"MAE": 25.48854040344883, "MRAE": 0.4880609990785878, "R^2-Score": -0.05038549215022803, "MEAPE-mu": 5.764625479650059, "MEAPE-std": 0.27547943214389903, "RMSE": 32.12282111421391, "JSD": Infinity, "_runtime": 8, "_timestamp": 1648646655, "_step": 0, "_wandb": {"runtime": 7}}