{"ARI": 0.734727694716551, "NMI": 0.6401176961979264, "JSD": 0.10964078721959768, "Precision": 0.9226013478141213, "Recall": 0.9228224917309813, "F1-Score": 0.9221833309072821, "ROC AUC": 0.9746941312288078, "Accuracy": 0.9228224917309813, "MEAPE-mu": 1.939886701981342, "MEAPE-std": 1.1322289888637382, "_runtime": 192, "_timestamp": 1654217014, "_step": 0, "_wandb": {"runtime": 193}}