{"ARI": 0.05066689495509322, "NMI": 0.03402865647123699, "JSD": 0.2019043954947804, "Precision": 0.5932797167643948, "Recall": 0.6271577546039494, "F1-Score": 0.5403034850748617, "ROC AUC": 0.6477807774394663, "Accuracy": 0.6271577546039494, "MEAPE-mu": 30.090530012692444, "MEAPE-std": 0.3162487558833802, "_runtime": 2916, "_timestamp": 1645936817, "_step": 0, "_wandb": {"runtime": 2917}}