{"ARI": 0.03670964289512705, "NMI": 0.020147309680826314, "JSD": 0.226696859305989, "Precision": 0.5283902683205054, "Recall": 0.5082760150876414, "F1-Score": 0.5156621311218181, "ROC AUC": 0.5992867149699515, "Accuracy": 0.5082760150876414, "MEAPE-mu": 8.158396647260114, "MEAPE-std": 0.4597392427854404, "_runtime": 3, "_timestamp": 1645606727, "_step": 0, "_wandb": {"runtime": 3}}