{"ARI": 0.7277610458230092, "NMI": 0.6290842524114152, "JSD": 0.1036866399302043, "Precision": 0.9121035345747637, "Recall": 0.9105391613046372, "F1-Score": 0.9109633654287677, "ROC AUC": 0.9825902584393935, "Accuracy": 0.9105391613046372, "MEAPE-mu": 2.0958896395235556, "MEAPE-std": 0.19033252396440564, "_runtime": 10140, "_timestamp": 1655280999, "_step": 0, "_wandb": {"runtime": 10140}}