{"ARI": 0.3244038127375476, "NMI": 0.20565477703920595, "JSD": 0.1674583571000848, "Precision": 0.74668922920577, "Recall": 0.7839029768467475, "F1-Score": 0.7515803432106737, "ROC AUC": 0.7921361694781011, "Accuracy": 0.7839029768467475, "MEAPE-mu": 11.216016062101954, "MEAPE-std": 1.6131086872557125, "_runtime": 5, "_timestamp": 1654262118, "_step": 0, "_wandb": {"runtime": 6}}