{"ARI": 0.5165621921012111, "NMI": 0.37633091659430934, "JSD": 0.14076930893988976, "Precision": 0.8407278262464137, "Recall": 0.8467475192943771, "F1-Score": 0.8406899106696677, "ROC AUC": 0.8825462916495669, "Accuracy": 0.8467475192943771, "MEAPE-mu": 5.261857751948441, "MEAPE-std": 1.439065871709624, "_runtime": 9, "_timestamp": 1654103292, "_step": 0, "_wandb": {"runtime": 9}}