{"ARI": 0.618092418901836, "NMI": 0.4911715704367448, "JSD": 0.12586878729176937, "Precision": 0.8836466366801066, "Recall": 0.8822457163689391, "F1-Score": 0.8764182884562947, "ROC AUC": 0.9581787440054387, "Accuracy": 0.8822457163689391, "MEAPE-mu": 7.361330874757841, "MEAPE-std": 0.4482379367587098, "_runtime": 20, "_timestamp": 1646866006, "_step": 0, "_wandb": {"runtime": 20}}