{"MAE": 26.618172232000184, "MRAE": 0.5256638643236047, "R^2-Score": 0.03869896369830861, "MEAPE-mu": 0.5559070163481408, "MEAPE-std": 0.2902774371542322, "RMSE": 34.181971271702864, "JSD": Infinity, "_runtime": 2, "_timestamp": 1645989319, "_step": 0, "_wandb": {"runtime": 3}}