{"ARI": 0.21648235629684723, "NMI": 0.12314868863827352, "JSD": 0.1868178521778828, "Precision": 0.7532585300832484, "Recall": 0.7475192943770672, "F1-Score": 0.7075014028932243, "ROC AUC": 0.7725733224622278, "Accuracy": 0.7475192943770672, "MEAPE-mu": 14.396157653754315, "MEAPE-std": 1.872881265275122, "_runtime": 33, "_timestamp": 1654285605, "_step": 0, "_wandb": {"runtime": 35}}