{"ARI": 0.044554097531131334, "NMI": 0.023704050365178857, "JSD": 0.22119067106552598, "Precision": 0.5604553841623464, "Recall": 0.6063900599068116, "F1-Score": 0.5466485395179514, "ROC AUC": 0.6019513586153916, "Accuracy": 0.6063900599068116, "MEAPE-mu": 21.959291598598444, "MEAPE-std": 0.3767695094553436, "_runtime": 5, "_timestamp": 1645720909, "_step": 0, "_wandb": {"runtime": 6}}