{"ARI": 0.2949133536741026, "NMI": 0.17552882486091043, "JSD": 0.19005321747840642, "Precision": 0.7778016206420315, "Recall": 0.7812625451625853, "F1-Score": 0.7792538137728857, "ROC AUC": 0.811252551069449, "Accuracy": 0.7812625451625853, "MEAPE-mu": 2.290069977330781, "MEAPE-std": 0.3832551671421653, "_runtime": 5, "_timestamp": 1645796640, "_step": 0, "_wandb": {"runtime": 6}}