{"ARI": 0.09391882532206677, "NMI": 0.06063459538357604, "JSD": 0.21301591704342124, "Precision": 0.6375000000000001, "Recall": 0.5483870967741935, "F1-Score": 0.5799143545822861, "ROC AUC": 0.6410138248847927, "Accuracy": 0.5483870967741935, "MEAPE-mu": 16.769796792877347, "MEAPE-std": 11.071840324298092, "_runtime": 5, "_timestamp": 1646932412, "_step": 0, "_wandb": {"runtime": 5}}