{"ARI": -0.0003812334402168723, "NMI": 8.347139133601058e-05, "JSD": Infinity, "Precision": 0.5499959510877485, "Recall": 0.6994530034626386, "F1-Score": 0.576621834084363, "ROC AUC": 0.487722080400196, "Accuracy": 0.6994530034626386, "MEAPE-mu": 150.14548447440285, "MEAPE-std": 4.0803788181164755, "_runtime": 8, "_timestamp": 1653918301, "_step": 0, "_wandb": {"runtime": 10}}