{"ARI": 0.27990335114476145, "NMI": 0.15569614896010786, "JSD": 0.18336728645850994, "Precision": 0.7926001764702739, "Recall": 0.8061908517350158, "F1-Score": 0.784991784583406, "ROC AUC": 0.8221434637937451, "Accuracy": 0.8061908517350158, "MEAPE-mu": 14.806214085047163, "MEAPE-std": 0.7107274709433216, "_runtime": 31, "_timestamp": 1646926555, "_step": 0, "_wandb": {"runtime": 31}}