{"ARI": 0.016123526863740117, "NMI": 0.02271382494762912, "JSD": 0.1783048417690654, "Precision": 0.6330223798205115, "Recall": 0.628222764588418, "F1-Score": 0.4956388412555321, "ROC AUC": 0.7853278252448552, "Accuracy": 0.628222764588418, "MEAPE-mu": 37.808576221099486, "MEAPE-std": 0.2126703859989531, "_runtime": 9, "_timestamp": 1646930233, "_step": 0, "_wandb": {"runtime": 8}}