{"ARI": -0.07498885933248531, "NMI": 0.07680328639231622, "JSD": 0.24993079442460736, "Precision": 0.35995550651531677, "Recall": 0.5202573774129132, "F1-Score": 0.42483106553517846, "ROC AUC": 0.4681925793589446, "Accuracy": 0.5202573774129132, "MEAPE-mu": 27.035481416122725, "MEAPE-std": 0.45654828265951675, "_runtime": 1539, "_timestamp": 1648233096, "_step": 0, "_wandb": {"runtime": 1538}}