{"MAE": 27.912278405403228, "MRAE": 0.6884749646321722, "R^2-Score": 0.013250115707670096, "MEAPE-mu": 10.945068998290845, "MEAPE-std": 0.321531215950848, "RMSE": 33.71600697035423, "JSD": 0.1725471723821981, "_runtime": 11, "_timestamp": 1645991737, "_step": 0, "_wandb": {"runtime": 11}}