{"ARI": 0.0, "NMI": 1.2053129287859264e-15, "JSD": 0.18276030413081737, "Precision": 0.5755053507728894, "Recall": 0.7586206896551724, "F1-Score": 0.6544962812711291, "ROC AUC": 0.5681818181818181, "Accuracy": 0.7586206896551724, "MEAPE-mu": 31.639746705108383, "MEAPE-std": 7.136134156305863, "_runtime": 5, "_timestamp": 1646933687, "_step": 0, "_wandb": {"runtime": 5}}