{"ARI": 0.0, "NMI": 0.0, "JSD": 0.17808250847017623, "Precision": 0.3832618155944979, "Recall": 0.6190814288883958, "F1-Score": 0.4734311798729381, "ROC AUC": 0.6005096228406804, "Accuracy": 0.6190814288883958, "MEAPE-mu": 39.23954693584608, "MEAPE-std": 0.20949199394901252, "_runtime": 3, "_timestamp": 1645771471, "_step": 0, "_wandb": {"runtime": 4}}