{"MAE": 27.656876961708285, "RMSE": 33.75310928719263, "MRAE": 0.5800560255922056, "JSD": Infinity, "R^2-Score": 0.008850287824686998, "MEAPE-mu": 0.6006375494471634, "MEAPE-std": 0.2902233584706676, "_runtime": 3, "_timestamp": 1645194008, "_step": 0, "_wandb": {"runtime": 4}}