{"ARI": 0.2445743870472166, "NMI": 0.22783617468283182, "JSD": 0.1706044625814067, "Precision": 0.6560885422605757, "Recall": 0.7303305968493454, "F1-Score": 0.6765441299721886, "ROC AUC": 0.7036614172099112, "Accuracy": 0.7303305968493454, "MEAPE-mu": 17.378631169158194, "MEAPE-std": 0.298806899783484, "_runtime": 11, "_timestamp": 1646920848, "_step": 0, "_wandb": {"runtime": 10}}