{"MAE": 28.491900179252212, "MRAE": 0.5476272364166319, "R^2-Score": 0.32497613292423977, "MEAPE-mu": 6.473805954772656, "MEAPE-std": 4.720960498956022, "RMSE": 36.13069777825054, "JSD": 0.15625481586474962, "_runtime": 3, "_timestamp": 1646480293, "_step": 0, "_wandb": {"runtime": 4}}