{"ARI": 0.10159924741298212, "NMI": 0.08498927147791897, "JSD": 0.21099700827777107, "Precision": 0.6416666666666667, "Recall": 0.7, "F1-Score": 0.6676923076923076, "ROC AUC": 0.669990798251668, "Accuracy": 0.7, "MEAPE-mu": 10.460400730945542, "MEAPE-std": 6.715886891429083, "_runtime": 2, "_timestamp": 1645461262, "_step": 0, "_wandb": {"runtime": 3}}