{"MAE": 17.403554502369666, "MRAE": 0.2916413511275183, "R^2-Score": 0.5704281294233988, "MEAPE-mu": 3.237952030190017, "MEAPE-std": 0.37686763516898125, "RMSE": 23.318301882808193, "JSD": 0.10269101286712919, "_runtime": 61, "_timestamp": 1646422123, "_step": 0, "_wandb": {"runtime": 62}}