{"MAE": 21.38789646372585, "MRAE": 0.3977745219719313, "R^2-Score": 0.4198029569942534, "MEAPE-mu": 0.34868550998059866, "MEAPE-std": 0.2902661105567918, "RMSE": 27.398063753132398, "JSD": Infinity, "_runtime": 3, "_timestamp": 1646316802, "_step": 0, "_wandb": {"runtime": 4}}