{"ARI": 0.22216599540876175, "NMI": 0.178878815182901, "JSD": 0.20232731753439998, "Precision": 0.5926569971065041, "Recall": 0.6463723097404038, "F1-Score": 0.5720474894419003, "ROC AUC": 0.8215475832249461, "Accuracy": 0.6463723097404038, "MEAPE-mu": 24.612839692752438, "MEAPE-std": 0.33462846660050083, "_runtime": 1695, "_timestamp": 1649297389, "_step": 0, "_wandb": {"runtime": 1696}}