{"MAE": 29.228955895378373, "MRAE": 0.7057497810324938, "R^2-Score": 0.03624250430133236, "MEAPE-mu": 3.9381418491833835, "MEAPE-std": 0.3523410692927091, "RMSE": 35.0306096605436, "JSD": Infinity, "_runtime": 2, "_timestamp": 1645985791, "_step": 0, "_wandb": {"runtime": 4}}