{"MAE": 27.651834923452412, "MRAE": 0.6092141694560432, "R^2-Score": -0.006079142235148716, "MEAPE-mu": 0.371703277298025, "MEAPE-std": 0.26701332110195614, "RMSE": 34.53648821776467, "JSD": 0.17823131442356233, "_runtime": 3, "_timestamp": 1645989043, "_step": 0, "_wandb": {"runtime": 4}}