{"MAE": 26.068061267441063, "MRAE": 0.8379620751422271, "R^2-Score": 0.3318870246181085, "MEAPE-mu": 5.504117904517516, "MEAPE-std": 5.103795246738538, "RMSE": 31.67385609788624, "JSD": 0.1613162347268036, "_runtime": 4, "_timestamp": 1646309051, "_step": 0, "_wandb": {"runtime": 5}}