{"MAE": 26.813660442055532, "MRAE": 0.530431628430357, "R^2-Score": 0.036440390627042296, "MEAPE-mu": 2.939307935516417, "MEAPE-std": 0.2898288994368095, "RMSE": 33.08792856370022, "JSD": Infinity, "_runtime": 2, "_timestamp": 1645988983, "_step": 0, "_wandb": {"runtime": 4}}