{"MAE": 23.274852559708098, "MRAE": 0.4475242309539169, "R^2-Score": 0.2509446110434398, "MEAPE-mu": 1.460197110651022, "MEAPE-std": 0.3153916640198642, "RMSE": 33.133335297005615, "JSD": Infinity, "_runtime": 5, "_timestamp": 1647000703, "_step": 0, "_wandb": {"runtime": 6}}