{"ARI": 0.07888321613177346, "NMI": 0.06669574198694939, "JSD": 0.18054041103308582, "Precision": 0.5680137409385939, "Recall": 0.6383847348568893, "F1-Score": 0.5273348599936201, "ROC AUC": 0.760626155813675, "Accuracy": 0.6383847348568893, "MEAPE-mu": 33.77580421759396, "MEAPE-std": 0.2671096972913812, "_runtime": 8, "_timestamp": 1646930186, "_step": 0, "_wandb": {"runtime": 9}}