{"ARI": 0.0, "NMI": 0.0, "JSD": 0.17798584841629284, "Precision": 0.4816415651700762, "Recall": 0.6940040094769455, "F1-Score": 0.5686427688194101, "ROC AUC": 0.6412017062045388, "Accuracy": 0.6940040094769455, "MEAPE-mu": 35.010268091329614, "MEAPE-std": 0.5043801463089128, "_runtime": 3, "_timestamp": 1645474796, "_step": 0, "_wandb": {"runtime": 4}}