{"ARI": 0.3695763030966306, "NMI": 0.2700902168760091, "JSD": 0.15419883025292705, "Precision": 0.7517676418182064, "Recall": 0.804851157662624, "F1-Score": 0.7694591264683577, "ROC AUC": 0.8028806151343911, "Accuracy": 0.804851157662624, "MEAPE-mu": 12.810406309939975, "MEAPE-std": 1.4857185396440256, "_runtime": 5, "_timestamp": 1654262060, "_step": 0, "_wandb": {"runtime": 6}}