{"ARI": 0.28386000607821593, "NMI": 0.16577020145049987, "JSD": 0.19025800945433669, "Precision": 0.7728254556731545, "Recall": 0.782517061421116, "F1-Score": 0.7720564949081394, "ROC AUC": 0.821848769265531, "Accuracy": 0.782517061421116, "MEAPE-mu": 9.674564463275383, "MEAPE-std": 0.3910296031742054, "_runtime": 7, "_timestamp": 1645798992, "_step": 0, "_wandb": {"runtime": 7}}