{"MAE": 29.949302560099845, "MRAE": 0.5636702137503787, "R^2-Score": 0.16804612885187165, "MEAPE-mu": 7.20762815562076, "MEAPE-std": 5.5712245578574215, "RMSE": 37.336852880381855, "JSD": 0.15744082104693596, "_runtime": 5, "_timestamp": 1646304232, "_step": 0, "_wandb": {"runtime": 3}}