{"ARI": 0.09235970030215027, "NMI": 0.039948460392788585, "JSD": 0.19911572424047394, "Precision": 0.5666342764312091, "Recall": 0.6273352562680276, "F1-Score": 0.5471446320855315, "ROC AUC": 0.7128204556466142, "Accuracy": 0.6273352562680276, "MEAPE-mu": 28.596969318111736, "MEAPE-std": 0.2732716285265101, "_runtime": 8, "_timestamp": 1646926067, "_step": 0, "_wandb": {"runtime": 9}}