{"ARI": -0.04066985645933014, "NMI": 0.010011600653577134, "JSD": Infinity, "Precision": 0.6877394636015325, "Recall": 0.4827586206896552, "F1-Score": 0.510344827586207, "ROC AUC": 0.6363636363636364, "Accuracy": 0.4827586206896552, "MEAPE-mu": 158.5372153662583, "MEAPE-std": 80.89351277513134, "_runtime": 4, "_timestamp": 1653672689, "_step": 0, "_wandb": {"runtime": 5}}