{"ARI": 0.7011540823873406, "NMI": 0.5795215866810128, "JSD": 0.1087126139328289, "Precision": 0.8976428926314095, "Recall": 0.8984246727313069, "F1-Score": 0.8976328847192734, "ROC AUC": 0.9695412171397721, "Accuracy": 0.8984246727313069, "MEAPE-mu": 2.1530893094977905, "MEAPE-std": 0.20746567637136631, "_runtime": 14, "_timestamp": 1648726956, "_step": 0, "_wandb": {"runtime": 14}}