{"ARI": 0.05637914811941627, "NMI": 0.03592178803863195, "JSD": 0.2064563128364519, "Precision": 0.5939734560914054, "Recall": 0.6261814954515199, "F1-Score": 0.5473622782151517, "ROC AUC": 0.6367270047836954, "Accuracy": 0.6261814954515199, "MEAPE-mu": 28.121970546499504, "MEAPE-std": 0.3100787176223715, "_runtime": 679, "_timestamp": 1645721663, "_step": 0, "_wandb": {"runtime": 680}}