{"ARI": 0.1814497237011645, "NMI": 0.08896208150614432, "JSD": 0.20740868074276975, "Precision": 0.7227046988446705, "Recall": 0.7408671216378965, "F1-Score": 0.7210637616231903, "ROC AUC": 0.7695993795152463, "Accuracy": 0.7408671216378965, "MEAPE-mu": 13.786424837796527, "MEAPE-std": 0.4361762780562781, "_runtime": 9, "_timestamp": 1646849947, "_step": 0, "_wandb": {"runtime": 9}}