{"ARI": 0.13682864450127877, "NMI": 0.19875053415076946, "JSD": 0.17350753589228313, "Precision": 0.7518518518518519, "Recall": 0.7333333333333333, "F1-Score": 0.687037037037037, "ROC AUC": 0.6711870255348517, "Accuracy": 0.7333333333333333, "MEAPE-mu": 21.913599747233672, "MEAPE-std": 7.581867004657013, "_runtime": 1, "_timestamp": 1645452658, "_step": 0, "_wandb": {"runtime": 3}}