{"ARI": 0.09339172540971989, "NMI": 0.04362213749488916, "JSD": 0.21835433883668354, "Precision": 0.5589524346525245, "Recall": 0.5753716441091635, "F1-Score": 0.5562157339877765, "ROC AUC": 0.5709156791904668, "Accuracy": 0.5753716441091635, "MEAPE-mu": 13.21293898500913, "MEAPE-std": 0.39693554758785826, "_runtime": 13, "_timestamp": 1647933024, "_step": 0, "_wandb": {"runtime": 13}}