{"ARI": 0.1566127340987313, "NMI": 0.10724445714981123, "JSD": 0.22022312958700463, "Precision": 0.57480102572645, "Recall": 0.6177501664078101, "F1-Score": 0.5590837401087694, "ROC AUC": 0.640697628067914, "Accuracy": 0.6177501664078101, "MEAPE-mu": 20.887910282796046, "MEAPE-std": 0.37333649644733224, "_runtime": 2055, "_timestamp": 1649110679, "_step": 0, "_wandb": {"runtime": 2055}}