{"MAE": 27.308098058537578, "MRAE": 0.5922834547625071, "R^2-Score": 0.07733654065591156, "MEAPE-mu": 1.4948736029758223, "MEAPE-std": 0.3294399388218565, "RMSE": 36.066134528501486, "JSD": Infinity, "_runtime": 2, "_timestamp": 1645986481, "_step": 0, "_wandb": {"runtime": 4}}