{"ARI": 0.9021867758549051, "NMI": 0.8143958452979378, "JSD": 0.062252708655281465, "Precision": 0.9696675424331647, "Recall": 0.9695588771418155, "F1-Score": 0.9695537073852777, "ROC AUC": 0.9666265629134075, "Accuracy": 0.9695588771418155, "MEAPE-mu": 0.48837592407703245, "MEAPE-std": 0.2472667568975842, "_runtime": 233, "_timestamp": 1646083994, "_step": 0, "_wandb": {"runtime": 234}}