{"ARI": 0.016628209864818715, "NMI": 0.004504549266498634, "JSD": 0.19320600665621593, "Precision": 0.4966981664863949, "Recall": 0.6179720434879077, "F1-Score": 0.4972169667712368, "ROC AUC": 0.6075976845971673, "Accuracy": 0.6179720434879077, "MEAPE-mu": 34.99091425703733, "MEAPE-std": 0.2702685530913935, "_runtime": 4, "_timestamp": 1645564729, "_step": 0, "_wandb": {"runtime": 6}}