{"ARI": 0.0, "NMI": 6.72167951363937e-16, "JSD": 0.1763480429671087, "Precision": 0.4588969823100936, "Recall": 0.6774193548387096, "F1-Score": 0.5471464019851118, "ROC AUC": 0.4495199692780338, "Accuracy": 0.6774193548387096, "MEAPE-mu": 35.44228787737131, "MEAPE-std": 6.221822087624858, "_runtime": 5, "_timestamp": 1646933952, "_step": 0, "_wandb": {"runtime": 5}}