{"ARI": 0.03483438287541531, "NMI": 0.016780045660043395, "JSD": 0.19728645734011677, "Precision": 0.6768344472701384, "Recall": 0.7063930148534725, "F1-Score": 0.6112673956460464, "ROC AUC": 0.7510024059806252, "Accuracy": 0.7063930148534725, "MEAPE-mu": 33.561001388546764, "MEAPE-std": 0.293876791995318, "_runtime": 4, "_timestamp": 1645772200, "_step": 0, "_wandb": {"runtime": 5}}