{"MAE": 27.62974155446913, "RMSE": 34.42412815602088, "MRAE": 0.5042944478956042, "JSD": 0.1547551966497704, "R^2-Score": 0.35180802547618306, "MEAPE-mu": 6.99322972665221, "MEAPE-std": 4.141877328353946, "_runtime": 5, "_timestamp": 1645433154, "_step": 0, "_wandb": {"runtime": 5}}