{"ARI": 0.009679340008925667, "NMI": 0.005252901279415699, "JSD": Infinity, "Precision": 0.6759146907845148, "Recall": 0.7019269369731032, "F1-Score": 0.586503336781213, "ROC AUC": 0.4861509894924067, "Accuracy": 0.7019269369731032, "MEAPE-mu": 145.42041213098932, "MEAPE-std": 4.3961279521253065, "_runtime": 34, "_timestamp": 1653751419, "_step": 0, "_wandb": {"runtime": 34}}