{"ARI": 0.5150786040698118, "NMI": 0.37775421844082824, "JSD": 0.14342531026521838, "Precision": 0.8413627413053987, "Recall": 0.8456069996354356, "F1-Score": 0.8388862428708923, "ROC AUC": 0.9137281279326339, "Accuracy": 0.8456069996354356, "MEAPE-mu": 7.13236374636426, "MEAPE-std": 0.5793394430905905, "_runtime": 266, "_timestamp": 1647581634, "_step": 0, "_wandb": {"runtime": 266}}