{"ARI": 0.02111942607174925, "NMI": 0.0032610651393295866, "JSD": Infinity, "Precision": 0.6551569463784868, "Recall": 0.7381187142575429, "F1-Score": 0.6615161140389035, "ROC AUC": 0.5728536997137186, "Accuracy": 0.7381187142575429, "MEAPE-mu": 82.35636221076807, "MEAPE-std": 4.670667679970359, "_runtime": 570, "_timestamp": 1653852381, "_step": 0, "_wandb": {"runtime": 570}}