{"ARI": 0.1012582384661474, "NMI": 0.19461388988717646, "JSD": 0.17153248430620446, "Precision": 0.8067460317460318, "Recall": 0.5666666666666667, "F1-Score": 0.6188718323586746, "ROC AUC": 0.8119018863584081, "Accuracy": 0.5666666666666667, "MEAPE-mu": 32.67928960283643, "MEAPE-std": 12.267095265833145, "_runtime": 5, "_timestamp": 1646932435, "_step": 0, "_wandb": {"runtime": 6}}