{"ARI": 0.07416870740287168, "NMI": 0.08133867671324066, "JSD": 0.22081108511691136, "Precision": 0.5440833323732469, "Recall": 0.6214333259374306, "F1-Score": 0.5792508790513248, "ROC AUC": 0.5064600195683465, "Accuracy": 0.6214333259374306, "MEAPE-mu": 7.530060056028772, "MEAPE-std": 0.39345834470850066, "_runtime": 462, "_timestamp": 1647386095, "_step": 0, "_wandb": {"runtime": 463}}