{"ARI": 0.0, "NMI": 0.0, "JSD": 0.17878432623971877, "Precision": 0.49, "Recall": 0.7, "F1-Score": 0.5764705882352941, "ROC AUC": 0.6007994018863585, "Accuracy": 0.7, "MEAPE-mu": 33.67192046362889, "MEAPE-std": 7.139488001053453, "_runtime": 4, "_timestamp": 1646932659, "_step": 0, "_wandb": {"runtime": 5}}