{"ARI": 0.04495294338240239, "NMI": 0.01417773509666631, "JSD": 0.21062206403414194, "Precision": 0.6482983020910155, "Recall": 0.6992522707883776, "F1-Score": 0.626153119872541, "ROC AUC": 0.6440269917595994, "Accuracy": 0.6992522707883776, "MEAPE-mu": 28.910416438489474, "MEAPE-std": 0.33102294832428497, "_runtime": 3, "_timestamp": 1645605971, "_step": 0, "_wandb": {"runtime": 3}}