{"ARI": 0.14483716714972772, "NMI": 0.06794016847856112, "JSD": 0.20553144641589147, "Precision": 0.6005211980558443, "Recall": 0.6419347681384513, "F1-Score": 0.5946554644566393, "ROC AUC": 0.7158691374778282, "Accuracy": 0.6419347681384513, "MEAPE-mu": 21.28823782100541, "MEAPE-std": 0.31739834821920965, "_runtime": 5, "_timestamp": 1646929533, "_step": 0, "_wandb": {"runtime": 5}}