{"MAE": 22.95184373329234, "RMSE": 29.110270052733675, "MRAE": 0.451554047598683, "JSD": 0.1296249018898598, "R^2-Score": 0.5271467981046682, "MEAPE-mu": 4.813927874904786, "MEAPE-std": 3.432314290009277, "_runtime": 4, "_timestamp": 1645482795, "_step": 0, "_wandb": {"runtime": 4}}