{"ARI": 0.009691096305269533, "NMI": 0.08625060791082025, "JSD": 0.5032443572895312, "Precision": 0.44545454545454544, "Recall": 0.23333333333333334, "F1-Score": 0.30624999999999997, "Accuracy": 0.23333333333333334, "MEAPE-mu": 62.40114750424172, "MEAPE-std": 8.941295956023065, "_runtime": 3, "_timestamp": 1645616926, "_step": 0, "_wandb": {"runtime": 4}}