{"ARI": 0.02844428102679994, "NMI": 0.011013761009293315, "JSD": 0.22410185585300701, "Precision": 0.5049815801735814, "Recall": 0.594674950077657, "F1-Score": 0.5284256069307232, "ROC AUC": 0.5613789772345623, "Accuracy": 0.594674950077657, "MEAPE-mu": 21.249696449475223, "MEAPE-std": 0.41040087168775613, "_runtime": 4, "_timestamp": 1645987170, "_step": 0, "_wandb": {"runtime": 5}}