{"ARI": 0.10949922567654682, "NMI": 0.07824560666313939, "JSD": 0.20278855771555823, "Precision": 0.5738444851234195, "Recall": 0.6586199245617927, "F1-Score": 0.5998942832999163, "ROC AUC": 0.7134098027609265, "Accuracy": 0.6586199245617927, "MEAPE-mu": 18.47313083248097, "MEAPE-std": 0.30904478492495985, "_runtime": 10, "_timestamp": 1646846152, "_step": 0, "_wandb": {"runtime": 10}}