{"MAE": 28.379953015414294, "RMSE": 34.48579853096365, "MRAE": 0.48216775979601845, "JSD": 0.15189148691794255, "R^2-Score": 0.15404806904752044, "MEAPE-mu": 6.425323497533167, "MEAPE-std": 5.521905804155438, "_runtime": 6, "_timestamp": 1645433498, "_step": 0, "_wandb": {"runtime": 6}}