{"ARI": 0.4497529159793286, "NMI": 0.3445856095666055, "JSD": 0.15479464563679757, "Precision": 0.8028565239960082, "Recall": 0.803638784113601, "F1-Score": 0.7979048507503703, "ROC AUC": 0.8662891588496848, "Accuracy": 0.803638784113601, "MEAPE-mu": 4.503147099723165, "MEAPE-std": 0.2842883070794148, "_runtime": 1279, "_timestamp": 1654209760, "_step": 0, "_wandb": {"runtime": 1279}}