{"MAE": 24.315526750953776, "RMSE": 30.688059377797074, "MRAE": 0.4531921334829317, "JSD": Infinity, "R^2-Score": 0.2378359573095763, "MEAPE-mu": 0.8458875189858301, "MEAPE-std": 0.49097011552581554, "_runtime": 1, "_timestamp": 1645192456, "_step": 0, "_wandb": {"runtime": 3}}