{"ARI": 0.7017693989566157, "NMI": 0.5757938786875992, "JSD": 0.10659246628008547, "Precision": 0.9105875421786515, "Recall": 0.9095920617420066, "F1-Score": 0.9051649952410481, "ROC AUC": 0.9689731164043881, "Accuracy": 0.9095920617420066, "MEAPE-mu": 4.124774635462258, "MEAPE-std": 0.9355438647219283, "_runtime": 51, "_timestamp": 1654116177, "_step": 0, "_wandb": {"runtime": 51}}