{"MAE": 9.365747727887374, "MRAE": 0.19522465414030418, "R^2-Score": 0.8068289632605699, "MEAPE-mu": 0.2335061665956174, "MEAPE-std": 0.13724199441851057, "RMSE": 15.162879634109126, "JSD": Infinity, "_runtime": 11037, "_timestamp": 1650388289, "_step": 0, "_wandb": {"runtime": 11037}}