{"ARI": 0.21101445359948043, "NMI": 0.13845617998847823, "JSD": 0.1899993948239521, "Precision": 0.6739186659007167, "Recall": 0.6943421344575106, "F1-Score": 0.6705627957471265, "ROC AUC": 0.7988794934354453, "Accuracy": 0.6943421344575106, "MEAPE-mu": 11.37453158023561, "MEAPE-std": 0.3903195581346922, "_runtime": 9, "_timestamp": 1645807703, "_step": 0, "_wandb": {"runtime": 9}}