{"ARI": 0.5189640811832525, "NMI": 0.37743364156794934, "JSD": 0.14111803331945041, "Precision": 0.8429500791452801, "Recall": 0.847093129214507, "F1-Score": 0.8386910973536819, "ROC AUC": 0.8565274211549868, "Accuracy": 0.847093129214507, "MEAPE-mu": 7.934773521543088, "MEAPE-std": 0.5956437954139524, "_runtime": 4612, "_timestamp": 1647378975, "_step": 0, "_wandb": {"runtime": 4613}}