{"ARI": 0.11762591860660614, "NMI": 0.0925777180985299, "JSD": 0.2062635677773036, "Precision": 0.6804332877576454, "Recall": 0.5946044476850164, "F1-Score": 0.616234092495376, "ROC AUC": 0.7057964507788265, "Accuracy": 0.5946044476850164, "MEAPE-mu": 22.74436708757009, "MEAPE-std": 0.8918458918786754, "_runtime": 4, "_timestamp": 1645776035, "_step": 0, "_wandb": {"runtime": 4}}