{"ARI": 0.17328356557821534, "NMI": 0.09323544602807284, "JSD": 0.19144296521856474, "Precision": 0.7140482481772238, "Recall": 0.7331863285556781, "F1-Score": 0.6879446580054159, "ROC AUC": 0.7597532816357917, "Accuracy": 0.7331863285556781, "MEAPE-mu": 18.044802290427764, "MEAPE-std": 1.8442143790970527, "_runtime": 38, "_timestamp": 1654285428, "_step": 0, "_wandb": {"runtime": 39}}