{"MAE": 21.59707757199357, "MRAE": 0.41876582900342035, "R^2-Score": 0.37768898369488246, "MEAPE-mu": 5.128127307101448, "MEAPE-std": 3.8040077703218262, "RMSE": 27.591866163341802, "JSD": 0.12745802635804282, "_runtime": 4, "_timestamp": 1646307890, "_step": 0, "_wandb": {"runtime": 4}}