{"MAE": 25.4692548657363, "MRAE": 0.3878340652534797, "R^2-Score": 0.1753819482923633, "MEAPE-mu": 6.7942242674810895, "MEAPE-std": 4.410543223088708, "RMSE": 30.291038421972416, "JSD": 0.1301238530362547, "_runtime": 3, "_timestamp": 1646308292, "_step": 0, "_wandb": {"runtime": 4}}