{"ARI": 0.0, "NMI": 0.0, "JSD": 0.17878432623971874, "Precision": 0.49, "Recall": 0.7, "F1-Score": 0.5764705882352941, "ROC AUC": 0.6003105590062112, "Accuracy": 0.7, "MEAPE-mu": 33.814202735871106, "MEAPE-std": 7.21639377206775, "_runtime": 2, "_timestamp": 1645458988, "_step": 0, "_wandb": {"runtime": 3}}