{"MAE": 20.295590423345534, "RMSE": 27.16706062070165, "MRAE": 0.3231653229560887, "JSD": 0.12617120953614874, "R^2-Score": 0.23564458303691005, "MEAPE-mu": 5.2077660384883355, "MEAPE-std": 3.922817614671893, "_runtime": 2, "_timestamp": 1645117921, "_step": 0, "_wandb": {"runtime": 3}}