{"MAE": 28.37601739411208, "MRAE": 0.633713597430026, "R^2-Score": 0.040956197023623075, "MEAPE-mu": 10.684710964066415, "MEAPE-std": 0.3712204883344005, "RMSE": 37.871130119968406, "JSD": Infinity, "_runtime": 1518, "_timestamp": 1649354003, "_step": 0, "_wandb": {"runtime": 1518}}