{"MAE": 11.914960367873963, "MRAE": 0.2139580316006823, "R^2-Score": 0.7898398386953209, "MEAPE-mu": 0.23766597953481178, "MEAPE-std": 0.17477408086642499, "RMSE": 16.228813000361654, "JSD": Infinity, "_runtime": 1177, "_timestamp": 1646534709, "_step": 0, "_wandb": {"runtime": 1178}}