{"ARI": 0.0, "NMI": 1.6883267560046202e-15, "JSD": 0.1779992404031432, "Precision": 0.5036420395421436, "Recall": 0.7096774193548387, "F1-Score": 0.5891661594643944, "ROC AUC": 0.5914441972562107, "Accuracy": 0.7096774193548387, "MEAPE-mu": 32.84410104868465, "MEAPE-std": 6.512875358548759, "_runtime": 5, "_timestamp": 1646933583, "_step": 0, "_wandb": {"runtime": 5}}