{"ARI": 0.16863518883917405, "NMI": 0.15253835599473284, "JSD": 0.196761200948499, "Precision": 0.6919354838709677, "Recall": 0.7096774193548387, "F1-Score": 0.6935483870967741, "ROC AUC": 0.6447388632872504, "Accuracy": 0.7096774193548387, "MEAPE-mu": 12.122530876526486, "MEAPE-std": 8.259055295989892, "_runtime": 8, "_timestamp": 1645466186, "_step": 0, "_wandb": {"runtime": 9}}