{"ARI": 0.34966239684347994, "NMI": 0.20356351838469522, "JSD": 0.1772080772894525, "Precision": 0.6725105189340814, "Recall": 0.7419354838709677, "F1-Score": 0.7054740957966765, "ROC AUC": 0.7384408602150537, "Accuracy": 0.7419354838709677, "MEAPE-mu": 7.39319789956792, "MEAPE-std": 5.817858967114973, "_runtime": 163, "_timestamp": 1645493921, "_step": 0, "_wandb": {"runtime": 163}}