{"MAE": 23.893084873902136, "RMSE": 30.803865914355818, "MRAE": 0.47634123794637784, "JSD": 0.1294633942289854, "R^2-Score": 0.42664471258888226, "MEAPE-mu": 7.935372405070086, "MEAPE-std": 4.491143994366021, "_runtime": 2, "_timestamp": 1645117929, "_step": 0, "_wandb": {"runtime": 3}}