{"ARI": 0.0888252757365007, "NMI": 0.058823491088239616, "JSD": 0.1988591927076992, "Precision": 0.5696798576528213, "Recall": 0.652806745063235, "F1-Score": 0.5802461772078995, "ROC AUC": 0.6864199671722193, "Accuracy": 0.652806745063235, "MEAPE-mu": 24.479574513195704, "MEAPE-std": 0.32723557379892754, "_runtime": 5, "_timestamp": 1646914656, "_step": 0, "_wandb": {"runtime": 5}}