{"ARI": -0.0018555900414451796, "NMI": 0.0007482791009725091, "JSD": 0.20911677675277424, "Precision": 0.4620684214360675, "Recall": 0.6001331262480586, "F1-Score": 0.49099298792317964, "ROC AUC": 0.5545613714137407, "Accuracy": 0.6001331262480586, "MEAPE-mu": 32.07609098913092, "MEAPE-std": 0.3422269197059908, "_runtime": 5, "_timestamp": 1645737685, "_step": 0, "_wandb": {"runtime": 5}}