{"MAE": 24.775107204409515, "RMSE": 31.19198246467902, "MRAE": 0.4463212685289828, "JSD": Infinity, "R^2-Score": 0.2453631113226714, "MEAPE-mu": 0.5439822960886924, "MEAPE-std": 0.3410022834882464, "_runtime": 2, "_timestamp": 1645387569, "_step": 0, "_wandb": {"runtime": 3}}