{"ARI": 0.02240325865580448, "NMI": 0.004655442283834747, "JSD": 0.22368817118431097, "Precision": 0.6533333333333333, "Recall": 0.7142857142857143, "F1-Score": 0.6695652173913044, "ROC AUC": 0.836734693877551, "Accuracy": 0.7142857142857143, "MEAPE-mu": 19.57106833938709, "MEAPE-std": 10.339411670963669, "_runtime": 4, "_timestamp": 1646933735, "_step": 0, "_wandb": {"runtime": 5}}