{"MAE": 22.27152719607424, "MRAE": 0.4667862269469117, "R^2-Score": 0.3068423769225773, "MEAPE-mu": 0.25620977813439544, "MEAPE-std": 0.15831941253590087, "RMSE": 28.621040725349456, "JSD": Infinity, "_runtime": 5, "_timestamp": 1646988366, "_step": 0, "_wandb": {"runtime": 5}}