{"MAE": 26.678367800974996, "MRAE": 0.39433832240347416, "R^2-Score": 0.20598414152823152, "MEAPE-mu": 6.5221450288116465, "MEAPE-std": 4.081869154632636, "RMSE": 32.657154078749095, "JSD": 0.13692544014160138, "_runtime": 3, "_timestamp": 1646307580, "_step": 0, "_wandb": {"runtime": 4}}