{"ARI": 0.11920195817858607, "NMI": 0.10073053653427219, "JSD": 0.208372353034493, "Precision": 0.6079197766668978, "Recall": 0.5840248502329709, "F1-Score": 0.5886136821407637, "ROC AUC": 0.6766090203353218, "Accuracy": 0.5840248502329709, "MEAPE-mu": 12.436611624441953, "MEAPE-std": 0.37818474842589617, "_runtime": 5, "_timestamp": 1646915813, "_step": 0, "_wandb": {"runtime": 5}}