{"ARI": 0.3069967236581465, "NMI": 0.21065556217619394, "JSD": 0.1695332787289895, "Precision": 0.7599504883891429, "Recall": 0.782800441014333, "F1-Score": 0.750762927987926, "ROC AUC": 0.7874650118700155, "Accuracy": 0.782800441014333, "MEAPE-mu": 11.711578140119911, "MEAPE-std": 1.6111409263913359, "_runtime": 5, "_timestamp": 1654262106, "_step": 0, "_wandb": {"runtime": 7}}