{"MAE": 29.95058263205673, "RMSE": 35.90751947472694, "MRAE": 0.478190782104982, "JSD": Infinity, "R^2-Score": 0.2501746783715637, "MEAPE-mu": 8.831869303921819, "MEAPE-std": 0.5156410645889948, "_runtime": 4, "_timestamp": 1645533592, "_step": 0, "_wandb": {"runtime": 4}}