{"ARI": -0.00026019373511762235, "NMI": 2.3596743131560142e-05, "JSD": Infinity, "Precision": 0.6134253957016058, "Recall": 0.7501478998225202, "F1-Score": 0.6439321930358816, "ROC AUC": 0.4890998593530239, "Accuracy": 0.7501478998225202, "MEAPE-mu": 99.3222114349378, "MEAPE-std": 4.084889259255919, "_runtime": 3, "_timestamp": 1653905425, "_step": 0, "_wandb": {"runtime": 4}}