{"ARI": 0.08009276793794412, "NMI": 0.05542047270037122, "JSD": 0.21815970748265218, "Precision": 0.5689973938890093, "Recall": 0.5698690925227424, "F1-Score": 0.5649057146420753, "ROC AUC": 0.5827343170921401, "Accuracy": 0.5698690925227424, "MEAPE-mu": 7.403884068886074, "MEAPE-std": 0.38536895398484095, "_runtime": 14, "_timestamp": 1647933113, "_step": 0, "_wandb": {"runtime": 15}}