{"ARI": 0.0, "NMI": 1.2053129287859264e-15, "JSD": 0.18276030413081737, "Precision": 0.5755053507728894, "Recall": 0.7586206896551724, "F1-Score": 0.6544962812711291, "ROC AUC": 0.564935064935065, "Accuracy": 0.7586206896551724, "MEAPE-mu": 31.419093331671878, "MEAPE-std": 8.32507854164665, "_runtime": 2, "_timestamp": 1645450779, "_step": 0, "_wandb": {"runtime": 3}}