{"MAE": 25.07507911830494, "MRAE": 0.4213263589061183, "R^2-Score": 0.2613605512196897, "MEAPE-mu": 5.229656109341092, "MEAPE-std": 4.425008493207769, "RMSE": 31.129944355349053, "JSD": 0.13805470082510496, "_runtime": 3, "_timestamp": 1646315721, "_step": 0, "_wandb": {"runtime": 4}}