{"ARI": 0.33855612688222936, "NMI": 0.2054718613853126, "JSD": 0.1741601003831824, "Precision": 0.816371545057422, "Recall": 0.8248866101360678, "F1-Score": 0.8075400442586403, "ROC AUC": 0.8497055723467429, "Accuracy": 0.8248866101360678, "MEAPE-mu": 13.829101446034617, "MEAPE-std": 0.667886861529239, "_runtime": 31, "_timestamp": 1645782136, "_step": 0, "_wandb": {"runtime": 31}}