{"ARI": 0.05658860800962512, "NMI": 0.0400995439825825, "JSD": 0.20010364827687174, "Precision": 0.6031133413497559, "Recall": 0.6313734191258044, "F1-Score": 0.5466941917830538, "ROC AUC": 0.6520198267530515, "Accuracy": 0.6313734191258044, "MEAPE-mu": 30.05278746554519, "MEAPE-std": 0.32832526552247465, "_runtime": 1666, "_timestamp": 1646087258, "_step": 0, "_wandb": {"runtime": 1667}}