{"ARI": 0.7040633633074557, "NMI": 0.5819140324693063, "JSD": 0.1077589732453799, "Precision": 0.8985818287839181, "Recall": 0.8993565564677168, "F1-Score": 0.8985006221200399, "ROC AUC": 0.9682141484389511, "Accuracy": 0.8993565564677168, "MEAPE-mu": 2.2775228600384883, "MEAPE-std": 0.18792552646589497, "_runtime": 14, "_timestamp": 1647592412, "_step": 0, "_wandb": {"runtime": 15}}