{"MAE": 29.292480860598367, "MRAE": 0.4249883057953835, "R^2-Score": 0.11095911098435018, "MEAPE-mu": 7.731876714852042, "MEAPE-std": 4.733352294859829, "RMSE": 35.77618720708517, "JSD": 0.1555728923170018, "_runtime": 3, "_timestamp": 1646304192, "_step": 0, "_wandb": {"runtime": 4}}