{"ARI": 0.13565842392029634, "NMI": 0.07281049234877657, "JSD": 0.1962977515408294, "Precision": 0.6855240400323562, "Recall": 0.721058434399118, "F1-Score": 0.6705336238647145, "ROC AUC": 0.7207416312640105, "Accuracy": 0.721058434399118, "MEAPE-mu": 18.2448554122616, "MEAPE-std": 1.7925228792562946, "_runtime": 4, "_timestamp": 1654269822, "_step": 0, "_wandb": {"runtime": 5}}