{"ARI": 0.05421129609463604, "NMI": 0.04230687882388706, "JSD": 0.20349815372368654, "Precision": 0.5422680364730582, "Recall": 0.6221433325937431, "F1-Score": 0.5437852092527512, "ROC AUC": 0.6268541433725388, "Accuracy": 0.6221433325937431, "MEAPE-mu": 26.93349112782654, "MEAPE-std": 0.32862520294125835, "_runtime": 1705, "_timestamp": 1647705924, "_step": 0, "_wandb": {"runtime": 1706}}