{"MAE": 23.197506524654553, "RMSE": 28.88477200916489, "MRAE": 0.45176586547280473, "JSD": 0.13002277961041447, "R^2-Score": 0.5407683316539669, "MEAPE-mu": 4.076440840814049, "MEAPE-std": 3.6875458064875275, "_runtime": 2, "_timestamp": 1645185588, "_step": 0, "_wandb": {"runtime": 3}}