{"ARI": 0.28391991151928403, "NMI": 0.21317952522152883, "JSD": 0.1580297320454281, "Precision": 0.7649439209455108, "Recall": 0.7602989427633977, "F1-Score": 0.7282065942553196, "ROC AUC": 0.7347364964615999, "Accuracy": 0.7602989427633977, "MEAPE-mu": 19.557117713518345, "MEAPE-std": 0.5288609812576366, "_runtime": 4, "_timestamp": 1645784579, "_step": 0, "_wandb": {"runtime": 6}}