{"ARI": 0.03214818751236054, "NMI": 0.07643545386990776, "JSD": 0.17893003201365515, "Precision": 0.7408301101988191, "Recall": 0.3017528289327712, "F1-Score": 0.1614253194335816, "ROC AUC": 0.6932293527633937, "Accuracy": 0.3017528289327712, "MEAPE-mu": 76.39865782467211, "MEAPE-std": 0.5772124997496204, "_runtime": 6, "_timestamp": 1646915007, "_step": 0, "_wandb": {"runtime": 5}}