{"MAE": 24.75687734169243, "RMSE": 31.458449376340006, "MRAE": 0.4260966136742812, "JSD": Infinity, "R^2-Score": 0.18495713658702184, "MEAPE-mu": 1.0718106434974397, "MEAPE-std": 0.568245484459664, "_runtime": 4, "_timestamp": 1645533547, "_step": 0, "_wandb": {"runtime": 4}}