{"ARI": -0.019595835884874464, "NMI": 0.08284198634285414, "JSD": 0.21565825321005774, "Precision": 0.6609351432880844, "Recall": 0.5333333333333333, "F1-Score": 0.5501633986928105, "ROC AUC": 0.6590838509316771, "Accuracy": 0.5333333333333333, "MEAPE-mu": 43.05735559348744, "MEAPE-std": 14.999241948486436, "_runtime": 5, "_timestamp": 1646931948, "_step": 0, "_wandb": {"runtime": 5}}