{"ARI": 0.01669449081803005, "NMI": 0.011380856661166906, "JSD": 0.24511154189282838, "Precision": 0.5612903225806452, "Recall": 0.5806451612903226, "F1-Score": 0.5698924731182795, "ROC AUC": 0.5454055230449292, "Accuracy": 0.5806451612903226, "MEAPE-mu": 12.048641832710603, "MEAPE-std": 10.439753164023033, "_runtime": 5, "_timestamp": 1646931877, "_step": 0, "_wandb": {"runtime": 5}}