{"ARI": -0.02286219178838667, "NMI": 0.1701960945116596, "JSD": 0.37284539288773494, "Precision": 0.7849462365591398, "Recall": 0.16129032258064516, "F1-Score": 0.20598410472183262, "Accuracy": 0.16129032258064516, "MEAPE-mu": 108.80751139500961, "MEAPE-std": 35.77367188801718, "_runtime": 4, "_timestamp": 1645623475, "_step": 0, "_wandb": {"runtime": 4}}