{"ARI": 0.10632722938435381, "NMI": 0.07766185357692518, "JSD": 0.2032551272030067, "Precision": 0.5727235570384941, "Recall": 0.657377412913246, "F1-Score": 0.5984944947305417, "ROC AUC": 0.7164637383744717, "Accuracy": 0.657377412913246, "MEAPE-mu": 18.69188964743703, "MEAPE-std": 0.3552641010701192, "_runtime": 10, "_timestamp": 1646846057, "_step": 0, "_wandb": {"runtime": 10}}