{"ARI": 0.2871099213295841, "NMI": 0.2598057745862927, "JSD": 0.20535269193564729, "Precision": 0.7064368833595268, "Recall": 0.6982471710672288, "F1-Score": 0.6942638613921398, "ROC AUC": 0.7610622116278764, "Accuracy": 0.6982471710672288, "MEAPE-mu": 4.25975616786771, "MEAPE-std": 0.39748045456165737, "_runtime": 5878, "_timestamp": 1649371838, "_step": 0, "_wandb": {"runtime": 5878}}