{"ARI": 0.13240464552166437, "NMI": 0.06673505951848642, "JSD": 0.19113153374030137, "Precision": 0.6536343148064077, "Recall": 0.7243660418963617, "F1-Score": 0.6647662656688103, "ROC AUC": 0.7299420137608422, "Accuracy": 0.7243660418963617, "MEAPE-mu": 21.63793795442526, "MEAPE-std": 1.707571590753775, "_runtime": 2, "_timestamp": 1654268767, "_step": 0, "_wandb": {"runtime": 4}}