{"ARI": -0.021430944733636062, "NMI": 0.06881712255544115, "JSD": 0.4819743885904194, "Precision": 0.5680770842061165, "Recall": 0.3225806451612903, "F1-Score": 0.4004032258064516, "Accuracy": 0.3225806451612903, "MEAPE-mu": 46.898837755405374, "MEAPE-std": 11.227938586587172, "_runtime": 3, "_timestamp": 1645545968, "_step": 0, "_wandb": {"runtime": 4}}