{"ARI": 0.30562898244247194, "NMI": 0.29092136569815297, "JSD": 0.1794305862622084, "Precision": 0.6339950372208436, "Recall": 0.7096774193548387, "F1-Score": 0.6586385474511761, "ROC AUC": 0.6139976958525345, "Accuracy": 0.7096774193548387, "MEAPE-mu": 16.4544311526957, "MEAPE-std": 8.605360640951274, "_runtime": 10, "_timestamp": 1646947708, "_step": 0, "_wandb": {"runtime": 10}}