{"ARI": -0.04241663178456816, "NMI": 0.026473550970279962, "JSD": 0.20489676172921512, "Precision": 0.45161290322580644, "Recall": 0.6451612903225806, "F1-Score": 0.5313092979127134, "ROC AUC": 0.6546274961597542, "Accuracy": 0.6451612903225806, "MEAPE-mu": 31.234466784631834, "MEAPE-std": 9.027955570808723, "_runtime": 5, "_timestamp": 1646942221, "_step": 0, "_wandb": {"runtime": 5}}