{"ARI": 0.10723845742029574, "NMI": 0.05601424343449205, "JSD": 0.21790153679735602, "Precision": 0.6430107526881721, "Recall": 0.6129032258064516, "F1-Score": 0.625384024577573, "ROC AUC": 0.6869978989000124, "Accuracy": 0.6129032258064516, "MEAPE-mu": 12.836662193515604, "MEAPE-std": 9.838781676060997, "_runtime": 11, "_timestamp": 1646947622, "_step": 0, "_wandb": {"runtime": 11}}