{"ARI": 0.0, "NMI": 0.0, "JSD": 0.17878432623971877, "Precision": 0.0, "Recall": 0.0, "F1-Score": 0.0, "Accuracy": 0.0, "MEAPE-mu": 166.681972350501, "MEAPE-std": 6.692476371425765, "_runtime": 2, "_timestamp": 1645617963, "_step": 0, "_wandb": {"runtime": 3}}