{"MAE": 23.36553064869992, "RMSE": 31.085110311056393, "MRAE": 0.406464866747755, "JSD": 0.1323084153684629, "R^2-Score": 0.22554147618360398, "MEAPE-mu": 5.380982665473301, "MEAPE-std": 4.076697098378301, "_runtime": 2, "_timestamp": 1645108281, "_step": 0, "_wandb": {"runtime": 3}}