{"ARI": 0.15335473744586353, "NMI": 0.08396575441527813, "JSD": 0.19947768245473194, "Precision": 0.696221406045291, "Recall": 0.721058434399118, "F1-Score": 0.682905918690661, "ROC AUC": 0.7480835320376571, "Accuracy": 0.721058434399118, "MEAPE-mu": 15.017394945418847, "MEAPE-std": 1.759975951051548, "_runtime": 40, "_timestamp": 1654285308, "_step": 0, "_wandb": {"runtime": 41}}