{"MAE": 20.800651561776796, "RMSE": 26.69514549366464, "MRAE": 0.3664184442963499, "JSD": 0.12106474609775351, "R^2-Score": 0.41326077745097667, "MEAPE-mu": 0.8983645099116933, "MEAPE-std": 0.502673924171689, "_runtime": 158, "_timestamp": 1645214218, "_step": 0, "_wandb": {"runtime": 158}}