{"ARI": 0.07600663157537844, "NMI": 0.10881416217956386, "JSD": 0.19937748234202463, "Precision": 0.5506768438789128, "Recall": 0.39920124251164857, "F1-Score": 0.42383342826442644, "ROC AUC": 0.6939067115408651, "Accuracy": 0.39920124251164857, "MEAPE-mu": 22.907030488024496, "MEAPE-std": 0.4590462568593017, "_runtime": 2, "_timestamp": 1645790224, "_step": 0, "_wandb": {"runtime": 3}}