{"MAE": 19.83674815724116, "MRAE": 0.3551514785302853, "R^2-Score": 0.49492700864297823, "MEAPE-mu": 0.4366488062072685, "MEAPE-std": 0.31705792905471275, "RMSE": 25.710974506012924, "JSD": Infinity, "_runtime": 4, "_timestamp": 1646483599, "_step": 0, "_wandb": {"runtime": 4}}