{"MAE": 13.525641269342325, "MRAE": 0.20135888149388556, "R^2-Score": 0.7126520923774613, "MEAPE-mu": 0.24906564545528076, "MEAPE-std": 0.19208088764787112, "RMSE": 18.85894108737452, "JSD": Infinity, "_runtime": 200, "_timestamp": 1646554125, "_step": 0, "_wandb": {"runtime": 201}}