{"ARI": 0.21522710665870828, "NMI": 0.12949114368232495, "JSD": 0.18127202909897486, "Precision": 0.7287057650897956, "Recall": 0.7492254419537088, "F1-Score": 0.7045259687352348, "ROC AUC": 0.7799080844162036, "Accuracy": 0.7492254419537088, "MEAPE-mu": 17.930833327466598, "MEAPE-std": 0.5801475564860276, "_runtime": 36, "_timestamp": 1646922957, "_step": 0, "_wandb": {"runtime": 37}}