{"MAE": 24.338967810809855, "MRAE": 0.5789314130978902, "R^2-Score": 0.06579459960201339, "MEAPE-mu": 0.473345067293251, "MEAPE-std": 0.32522105956282416, "RMSE": 33.26115797652712, "JSD": 0.17502511597727352, "_runtime": 12169, "_timestamp": 1648612982, "_step": 0, "_wandb": {"runtime": 12169}}