{"ARI": 0.07480837919033374, "NMI": 0.1206521199006331, "JSD": 0.1815931180012141, "Precision": 0.7534456573649254, "Recall": 0.32997559352118927, "F1-Score": 0.2036305113126024, "ROC AUC": 0.7295971865400435, "Accuracy": 0.32997559352118927, "MEAPE-mu": 74.38470329076503, "MEAPE-std": 0.5897115582301096, "_runtime": 2, "_timestamp": 1645788567, "_step": 0, "_wandb": {"runtime": 4}}