{"MAE": 22.600380066902407, "RMSE": 27.925567952923057, "MRAE": 0.40543893911325907, "JSD": 0.14049701196888809, "R^2-Score": 0.184426799864311, "MEAPE-mu": 6.143094989300194, "MEAPE-std": 4.008052304973615, "_runtime": 3, "_timestamp": 1645190292, "_step": 0, "_wandb": {"runtime": 3}}