{"ARI": 0.2672126952487466, "NMI": 0.18375812519426596, "JSD": 0.18165828602642844, "Precision": 0.7920061009131107, "Recall": 0.7867215335976313, "F1-Score": 0.7582490736472522, "ROC AUC": 0.8982459163951658, "Accuracy": 0.7867215335976313, "MEAPE-mu": 20.213595229258477, "MEAPE-std": 0.31734199466567437, "_runtime": 6, "_timestamp": 1645796665, "_step": 0, "_wandb": {"runtime": 7}}