{"ARI": 0.34048015462825226, "NMI": 0.2020847006776822, "JSD": 0.17554443449226395, "Precision": 0.8137909104866465, "Recall": 0.8237034115559061, "F1-Score": 0.808527458367826, "ROC AUC": 0.8420302540623036, "Accuracy": 0.8237034115559061, "MEAPE-mu": 12.372232574673298, "MEAPE-std": 0.6937074410114831, "_runtime": 29, "_timestamp": 1645782098, "_step": 0, "_wandb": {"runtime": 30}}