{"ARI": 0.02831356455599737, "NMI": 0.00843422829997208, "JSD": 0.20520344300587623, "Precision": 0.639940910337822, "Recall": 0.6982637494981935, "F1-Score": 0.6099039816465878, "ROC AUC": 0.6553917463002725, "Accuracy": 0.6982637494981935, "MEAPE-mu": 31.939926432845077, "MEAPE-std": 0.2861185023311221, "_runtime": 4, "_timestamp": 1645605595, "_step": 0, "_wandb": {"runtime": 4}}