{"MAE": 20.85883400495496, "MRAE": 0.34921864959462723, "R^2-Score": 0.42420011077274067, "MEAPE-mu": 2.3018003116365775, "MEAPE-std": 0.43547222487725634, "RMSE": 27.342487317838547, "JSD": 0.12133043731126188, "_runtime": 173, "_timestamp": 1646514382, "_step": 0, "_wandb": {"runtime": 174}}