{"MAE": 26.73104308322461, "MRAE": 0.5089275099348788, "R^2-Score": -0.10695445054154362, "MEAPE-mu": 6.617286964532957, "MEAPE-std": 0.32585488572076, "RMSE": 34.47381313132571, "JSD": Infinity, "_runtime": 4, "_timestamp": 1646985207, "_step": 0, "_wandb": {"runtime": 5}}