{"MAE": 20.196791065710155, "MRAE": 0.42238713813488193, "R^2-Score": 0.41393689896204544, "MEAPE-mu": 0.5092723507582391, "MEAPE-std": 0.2315356552280229, "RMSE": 26.114225280134438, "JSD": Infinity, "_runtime": 5, "_timestamp": 1647017072, "_step": 0, "_wandb": {"runtime": 5}}