{"MAE": 27.402868233215518, "RMSE": 34.96455250237711, "MRAE": 0.4384396583323797, "JSD": 0.14718336585914832, "R^2-Score": 0.3678467441303963, "MEAPE-mu": 5.918478113129311, "MEAPE-std": 4.612974476513262, "_runtime": 2, "_timestamp": 1645190281, "_step": 0, "_wandb": {"runtime": 3}}