{"ARI": 0.43661320803560505, "NMI": 0.255356341486915, "JSD": 0.15828763372580842, "Precision": 0.7839791247378618, "Recall": 0.8000364564345607, "F1-Score": 0.7872704192303834, "ROC AUC": 0.7857847736897948, "Accuracy": 0.8000364564345607, "MEAPE-mu": 7.113045202244737, "MEAPE-std": 0.6406258227778311, "_runtime": 401, "_timestamp": 1646837887, "_step": 0, "_wandb": {"runtime": 402}}