{"ARI": 0.15547024952015356, "NMI": 0.08981702723928799, "JSD": 0.18107244430712538, "Precision": 0.5407407407407407, "Recall": 0.7, "F1-Score": 0.61, "ROC AUC": 0.6140297906602254, "Accuracy": 0.7, "MEAPE-mu": 27.95141764199611, "MEAPE-std": 7.992341815911625, "_runtime": 4, "_timestamp": 1646934182, "_step": 0, "_wandb": {"runtime": 5}}