{"ARI": -0.05320136096504794, "NMI": 0.046896633820157886, "JSD": 0.2746736963646974, "Precision": 0.47727272727272724, "Recall": 0.5, "F1-Score": 0.48837209302325585, "Accuracy": 0.5, "MEAPE-mu": 24.64310613277698, "MEAPE-std": 10.502077522862734, "_runtime": 3, "_timestamp": 1645609373, "_step": 0, "_wandb": {"runtime": 4}}