{"MAE": 21.39911152436257, "RMSE": 27.92101473859376, "MRAE": 0.36966397440791154, "JSD": Infinity, "R^2-Score": 0.1348989776955638, "MEAPE-mu": 0.3979588515642811, "MEAPE-std": 0.32847729728133684, "_runtime": 138, "_timestamp": 1645535225, "_step": 0, "_wandb": {"runtime": 139}}