{"ARI": 0.9972177532426297, "NMI": 0.9928127157015042, "JSD": 0.01083649375546087, "Precision": 0.9992012275066424, "Recall": 0.9992012425116485, "F1-Score": 0.9992011384988669, "ROC AUC": 0.9991581079974203, "Accuracy": 0.9992012425116485, "MEAPE-mu": 0.025991452063948105, "MEAPE-std": 0.016260106194540158, "_runtime": 273, "_timestamp": 1648770293, "_step": 0, "_wandb": {"runtime": 273}}