{"ARI": 0.006658343736995423, "NMI": 0.09984539220536781, "JSD": 0.2420140083044533, "Precision": 0.5532258064516129, "Recall": 0.4838709677419355, "F1-Score": 0.5009907267971784, "ROC AUC": 0.6522849462365591, "Accuracy": 0.4838709677419355, "MEAPE-mu": 30.689197722072304, "MEAPE-std": 17.06713196815029, "_runtime": 5, "_timestamp": 1646931901, "_step": 0, "_wandb": {"runtime": 5}}