{"MAE": 24.363615137562828, "RMSE": 31.043314224539266, "MRAE": 0.449802369253464, "JSD": Infinity, "R^2-Score": 0.24664677214955244, "MEAPE-mu": 0.4017528893847665, "MEAPE-std": 0.30912836665412735, "_runtime": 4, "_timestamp": 1645429875, "_step": 0, "_wandb": {"runtime": 5}}