{"ARI": -0.025603724178062264, "NMI": 0.18107095187355013, "JSD": 0.3050275936114925, "Precision": 0.0, "Recall": 0.0, "F1-Score": 0.0, "Accuracy": 0.0, "MEAPE-mu": 314.5520828807598, "MEAPE-std": 58.339288615233905, "_runtime": 3, "_timestamp": 1645609637, "_step": 0, "_wandb": {"runtime": 4}}