{"MAE": 27.30798126172069, "MRAE": 0.5922718963257918, "R^2-Score": 0.07734145494677325, "MEAPE-mu": 1.5367000445648609, "MEAPE-std": 0.33602927809975325, "RMSE": 36.06603848063618, "JSD": Infinity, "_runtime": 2, "_timestamp": 1645989012, "_step": 0, "_wandb": {"runtime": 4}}