{"ARI": -0.04358280733393448, "NMI": 0.025104845542488003, "JSD": 0.17685409054557105, "Precision": 0.05268817204301075, "Recall": 0.22580645161290322, "F1-Score": 0.08544027898866607, "ROC AUC": 0.696267457669015, "Accuracy": 0.22580645161290322, "MEAPE-mu": 97.31272886234623, "MEAPE-std": 17.86751491638083, "_runtime": 3, "_timestamp": 1645463212, "_step": 0, "_wandb": {"runtime": 4}}