{"MAE": 22.061021542526433, "MRAE": 0.46023212968463045, "R^2-Score": 0.30801831067844554, "MEAPE-mu": 0.21750020589317487, "MEAPE-std": 0.16706596120494732, "RMSE": 28.505379225626598, "JSD": Infinity, "_runtime": 5, "_timestamp": 1646985613, "_step": 0, "_wandb": {"runtime": 5}}