{"MAE": 21.526702533545738, "RMSE": 27.176492100911265, "MRAE": 0.38844616031561313, "JSD": 0.12376464890982658, "R^2-Score": 0.3121194555211626, "MEAPE-mu": 5.823242668392255, "MEAPE-std": 4.066970812211829, "_runtime": 3, "_timestamp": 1645389635, "_step": 0, "_wandb": {"runtime": 4}}