{"ARI": -0.051042149143121815, "NMI": 0.04095517070303446, "JSD": 0.18994744825346455, "Precision": 0.06451612903225806, "Recall": 0.16129032258064516, "F1-Score": 0.09216589861751152, "ROC AUC": 0.6040963389273105, "Accuracy": 0.16129032258064516, "MEAPE-mu": 70.29288888585732, "MEAPE-std": 21.508482130132887, "_runtime": 4, "_timestamp": 1645454342, "_step": 0, "_wandb": {"runtime": 4}}