{"ARI": 0.022958411447805173, "NMI": 0.019534546827932115, "JSD": 0.21944485533222655, "Precision": 0.5676069366599914, "Recall": 0.6044476850164054, "F1-Score": 0.5668899319166859, "ROC AUC": 0.5561333904575396, "Accuracy": 0.6044476850164054, "MEAPE-mu": 18.800868947661524, "MEAPE-std": 0.6898263492366731, "_runtime": 3, "_timestamp": 1645774887, "_step": 0, "_wandb": {"runtime": 4}}