{"MAE": 27.656934334180075, "MRAE": 0.5800623219765619, "R^2-Score": 0.008856815009447128, "MEAPE-mu": 0.6818145011864707, "MEAPE-std": 0.3479304746866155, "RMSE": 33.75299814699829, "JSD": Infinity, "_runtime": 3, "_timestamp": 1645989301, "_step": 0, "_wandb": {"runtime": 4}}