{"ARI": 0.0, "NMI": 0.0, "JSD": 0.17878432623971877, "Precision": 0.49, "Recall": 0.7, "F1-Score": 0.5764705882352941, "ROC AUC": 0.577685760294456, "Accuracy": 0.7, "MEAPE-mu": 33.91882797437707, "MEAPE-std": 7.570169442095157, "_runtime": 5, "_timestamp": 1646933198, "_step": 0, "_wandb": {"runtime": 5}}