{"MAE": 21.99788381790011, "MRAE": 0.3888016166032485, "R^2-Score": 0.37963178812057996, "MEAPE-mu": 0.4367213255612218, "MEAPE-std": 0.33028506915598965, "RMSE": 28.325345650417198, "JSD": Infinity, "_runtime": 3, "_timestamp": 1646320705, "_step": 0, "_wandb": {"runtime": 4}}