{"MAE": 0.07051697359662747, "MRAE": 0.0007476011385209207, "R^2-Score": 0.9989726627983788, "MEAPE-mu": 0.033194770773289604, "MEAPE-std": 0.010373567475609757, "RMSE": 1.1022547840914934, "JSD": 0.0046604099377357605, "_runtime": 43, "_timestamp": 1649098711, "_step": 0, "_wandb": {"runtime": 43}}