{"MAE": 19.744747608571345, "MRAE": 0.3526838048427854, "R^2-Score": 0.49189098358740635, "MEAPE-mu": 0.2899462960409518, "MEAPE-std": 0.19211807141226428, "RMSE": 25.552331452200832, "JSD": Infinity, "_runtime": 4, "_timestamp": 1646485387, "_step": 0, "_wandb": {"runtime": 4}}