{"ARI": 0.0, "NMI": 0.0, "JSD": 0.1780789571710467, "Precision": 0.38320687357176164, "Recall": 0.6190370534723763, "F1-Score": 0.4733762859224146, "ROC AUC": 0.5738444471037182, "Accuracy": 0.6190370534723763, "MEAPE-mu": 39.23768148851675, "MEAPE-std": 0.21622126817894793, "_runtime": 3, "_timestamp": 1645771500, "_step": 0, "_wandb": {"runtime": 4}}