{"ARI": 0.0, "NMI": 0.0, "JSD": 0.17878432623971877, "Precision": 0.0, "Recall": 0.0, "F1-Score": 0.0, "Accuracy": 0.0, "MEAPE-mu": 165.992211926722, "MEAPE-std": 6.381660319960274, "_runtime": 2, "_timestamp": 1645617955, "_step": 0, "_wandb": {"runtime": 3}}