{"MAE": 19.37105380326182, "RMSE": 25.15423239930879, "MRAE": 0.3968599375671384, "JSD": 0.12358889243258658, "R^2-Score": 0.3948468027402231, "MEAPE-mu": 8.66379156651501, "MEAPE-std": 5.576427590743351, "_runtime": 2, "_timestamp": 1645116641, "_step": 0, "_wandb": {"runtime": 3}}