{"MAE": 13.732322314243726, "MRAE": 0.20500639029710202, "R^2-Score": 0.7147167537999439, "MEAPE-mu": 0.48490191972110225, "MEAPE-std": 0.2931958651595586, "RMSE": 19.21443734172256, "JSD": Infinity, "_runtime": 1197, "_timestamp": 1646540246, "_step": 0, "_wandb": {"runtime": 1198}}