{"ARI": 0.2868355909304755, "NMI": 0.1763610483145747, "JSD": 0.17470389424226562, "Precision": 0.7400362282074644, "Recall": 0.768361581920904, "F1-Score": 0.7349977696177272, "ROC AUC": 0.7622342471718341, "Accuracy": 0.768361581920904, "MEAPE-mu": 12.082134872181546, "MEAPE-std": 0.6419807349164284, "_runtime": 613, "_timestamp": 1646937279, "_step": 0, "_wandb": {"runtime": 614}}