{"ARI": -0.017467248908296942, "NMI": 0.1296237613067822, "JSD": 0.299743991055799, "Precision": 0.5638888888888889, "Recall": 0.13333333333333333, "F1-Score": 0.2038974358974359, "Accuracy": 0.13333333333333333, "MEAPE-mu": 123.81765859069881, "MEAPE-std": 28.4118054613866, "_runtime": 4, "_timestamp": 1645615457, "_step": 0, "_wandb": {"runtime": 4}}