{"ARI": 0.1825839701206552, "NMI": 0.10154608807291522, "JSD": 0.18397534873600538, "Precision": 0.7113856285673839, "Recall": 0.74090407938258, "F1-Score": 0.691849157161541, "ROC AUC": 0.7724875461289734, "Accuracy": 0.74090407938258, "MEAPE-mu": 20.207359252474063, "MEAPE-std": 1.6795598463299972, "_runtime": 230, "_timestamp": 1654312740, "_step": 0, "_wandb": {"runtime": 230}}