{"ARI": 0.20725758670130534, "NMI": 0.12282216773233709, "JSD": 0.18331161944106028, "Precision": 0.7307789719320504, "Recall": 0.7422530076558512, "F1-Score": 0.6933723145265182, "ROC AUC": 0.766526131331679, "Accuracy": 0.7422530076558512, "MEAPE-mu": 21.39619415039608, "MEAPE-std": 0.6593425446789514, "_runtime": 3026, "_timestamp": 1646881305, "_step": 0, "_wandb": {"runtime": 3027}}