{"MAE": 21.897841248682603, "MRAE": 0.48752571959311614, "R^2-Score": 0.32570618685470454, "MEAPE-mu": 0.2363573531349451, "MEAPE-std": 0.18489636198321158, "RMSE": 28.25524636777658, "JSD": Infinity, "_runtime": 2, "_timestamp": 1656326878, "_step": 0, "_wandb": {"runtime": 3}}