{"MAE": 28.140835979247477, "RMSE": 36.509324799195085, "MRAE": 0.32547800724185094, "JSD": 0.13522543251606423, "R^2-Score": 0.31983340095637114, "MEAPE-mu": 17.26359683309274, "MEAPE-std": 5.564662103123914, "_runtime": 1, "_timestamp": 1645116345, "_step": 0, "_wandb": {"runtime": 3}}