{"ARI": 0.2614728746969824, "NMI": 0.21200673110940774, "JSD": 0.16816287118886172, "Precision": 0.6586021505376344, "Recall": 0.7419354838709677, "F1-Score": 0.6709677419354839, "ROC AUC": 0.7428571428571429, "Accuracy": 0.7419354838709677, "MEAPE-mu": 23.139510669928015, "MEAPE-std": 6.932575195173391, "_runtime": 14, "_timestamp": 1645465092, "_step": 0, "_wandb": {"runtime": 15}}