{"MAE": 18.743333333333332, "MRAE": 0.26569162252707185, "R^2-Score": -0.0836088926606755, "MEAPE-mu": 7.755955712262043, "MEAPE-std": 4.6223610293350434, "RMSE": 23.58268432558092, "JSD": 0.10433776982686618, "_runtime": 3, "_timestamp": 1646306967, "_step": 0, "_wandb": {"runtime": 4}}