{"ARI": 0.04197785217615246, "NMI": 0.03091201995696271, "JSD": 0.1972523050278199, "Precision": 0.6268075639599554, "Recall": 0.7096774193548387, "F1-Score": 0.634619439173519, "ROC AUC": 0.5345909034729948, "Accuracy": 0.7096774193548387, "MEAPE-mu": 24.60057989314721, "MEAPE-std": 8.034191025962253, "_runtime": 5, "_timestamp": 1646942092, "_step": 0, "_wandb": {"runtime": 5}}