{"MAE": 22.206539238234644, "MRAE": 0.4624829395915276, "R^2-Score": 0.30797916145221904, "MEAPE-mu": 0.38044943457111, "MEAPE-std": 0.22058706173219345, "RMSE": 28.597388951495187, "JSD": Infinity, "_runtime": 5, "_timestamp": 1646985624, "_step": 0, "_wandb": {"runtime": 5}}