{"ARI": 0.0, "NMI": 0.0, "JSD": 0.1780789571710467, "Precision": 0.38320687357176164, "Recall": 0.6190370534723763, "F1-Score": 0.4733762859224146, "ROC AUC": 0.5809611553353908, "Accuracy": 0.6190370534723763, "MEAPE-mu": 39.23209744163587, "MEAPE-std": 0.19894503007013853, "_runtime": 2414, "_timestamp": 1647885822, "_step": 0, "_wandb": {"runtime": 2414}}