{"ARI": 0.0817170367219651, "NMI": 0.05528513952406849, "JSD": 0.18738819629516767, "Precision": 0.6589191726626632, "Recall": 0.7012395187750639, "F1-Score": 0.6206034981980761, "ROC AUC": 0.7701479488172016, "Accuracy": 0.7012395187750639, "MEAPE-mu": 28.512422846187686, "MEAPE-std": 0.5963214127757982, "_runtime": 5, "_timestamp": 1645784568, "_step": 0, "_wandb": {"runtime": 6}}