{"ARI": 0.08897773160993779, "NMI": 0.035147832031559564, "JSD": 0.19774799288242756, "Precision": 0.7164155357620874, "Recall": 0.757294952681388, "F1-Score": 0.697806303311988, "ROC AUC": 0.725592897364642, "Accuracy": 0.757294952681388, "MEAPE-mu": 24.937834496963596, "MEAPE-std": 0.6689833543014416, "_runtime": 2, "_timestamp": 1645452555, "_step": 0, "_wandb": {"runtime": 3}}