{"ARI": 0.0, "NMI": 0.0, "JSD": 0.17808250847017618, "Precision": 0.3832618155944979, "Recall": 0.6190814288883958, "F1-Score": 0.4734311798729381, "ROC AUC": 0.5639831748848615, "Accuracy": 0.6190814288883958, "MEAPE-mu": 39.219416124980185, "MEAPE-std": 0.2245349436673188, "_runtime": 3, "_timestamp": 1645771433, "_step": 0, "_wandb": {"runtime": 4}}