{"ARI": 0.04959428030865631, "NMI": 0.03304894297119556, "JSD": 0.2002374544664569, "Precision": 0.5989505755654717, "Recall": 0.6284446416685157, "F1-Score": 0.5386758527246929, "ROC AUC": 0.6481160020593404, "Accuracy": 0.6284446416685157, "MEAPE-mu": 30.61803163578212, "MEAPE-std": 0.26314713529663186, "_runtime": 1654, "_timestamp": 1645942358, "_step": 0, "_wandb": {"runtime": 1654}}