{"ARI": 0.7222402831472482, "NMI": 0.6189487457294173, "JSD": 0.10497675269552409, "Precision": 0.9091182445868521, "Recall": 0.9083647659196805, "F1-Score": 0.9085471170979027, "ROC AUC": 0.9802044821888442, "Accuracy": 0.9083647659196805, "MEAPE-mu": 1.2838157576215272, "MEAPE-std": 0.18593423004839052, "_runtime": 2740, "_timestamp": 1647142426, "_step": 0, "_wandb": {"runtime": 2740}}