{"ARI": 0.12107356966883039, "NMI": 0.0700663299776144, "JSD": 0.21155442394430385, "Precision": 0.657241929848483, "Recall": 0.6416758544652701, "F1-Score": 0.6369487398832822, "ROC AUC": 0.7156755710333785, "Accuracy": 0.6416758544652701, "MEAPE-mu": 18.035014207343767, "MEAPE-std": 2.3646535739050516, "_runtime": 4, "_timestamp": 1654269494, "_step": 0, "_wandb": {"runtime": 4}}