{"MAE": 21.04910932077818, "MRAE": 0.31489365703210115, "R^2-Score": -0.42490007401543584, "MEAPE-mu": 15.438168488643354, "MEAPE-std": 0.48059939354572473, "RMSE": 25.619667921256195, "JSD": Infinity, "_runtime": 3, "_timestamp": 1645985290, "_step": 0, "_wandb": {"runtime": 3}}