{"ARI": 0.18875867561724882, "NMI": 0.08147267823797136, "JSD": 0.2062576665922421, "Precision": 0.6586021505376344, "Recall": 0.7096774193548387, "F1-Score": 0.6830294530154278, "ROC AUC": 0.7355935607465085, "Accuracy": 0.7096774193548387, "MEAPE-mu": 10.192002789227077, "MEAPE-std": 8.414648039219907, "_runtime": 6, "_timestamp": 1646936428, "_step": 0, "_wandb": {"runtime": 6}}