{"ARI": 0.007413033279398565, "NMI": 0.08025304936652752, "JSD": 0.1769912289378722, "Precision": 0.7330884233324969, "Recall": 0.3029509651652984, "F1-Score": 0.16079738207352903, "ROC AUC": 0.7214474250407042, "Accuracy": 0.3029509651652984, "MEAPE-mu": 74.39141139052013, "MEAPE-std": 0.5329668549827997, "_runtime": 5, "_timestamp": 1646917051, "_step": 0, "_wandb": {"runtime": 5}}