{"MAE": 26.577419354838707, "MRAE": 0.37867881064974324, "R^2-Score": 0.06393649237300836, "MEAPE-mu": 5.735458491830786, "MEAPE-std": 4.55567947704592, "RMSE": 31.42391220176947, "JSD": 0.13456437392669973, "_runtime": 8, "_timestamp": 1646306289, "_step": 0, "_wandb": {"runtime": 4}}