{"ARI": 0.031017759287366442, "NMI": 0.02422976972409003, "JSD": 0.17972642855319013, "Precision": 0.6594155092739038, "Recall": 0.7028800583302953, "F1-Score": 0.5951975250922777, "ROC AUC": 0.6968938594765323, "Accuracy": 0.7028800583302953, "MEAPE-mu": 32.649787197024324, "MEAPE-std": 0.5196779144143762, "_runtime": 6, "_timestamp": 1646919841, "_step": 0, "_wandb": {"runtime": 5}}