{"MAE": 23.348057682180904, "RMSE": 29.75168234653853, "MRAE": 0.4423947088371018, "JSD": 0.13468037220520973, "R^2-Score": 0.30914179435989286, "MEAPE-mu": 2.898175546128856, "MEAPE-std": 0.5477997194668842, "_runtime": 62, "_timestamp": 1645201095, "_step": 0, "_wandb": {"runtime": 64}}