{"MAE": 13.91383410789923, "MRAE": 0.2026054412441682, "R^2-Score": 0.714552492626328, "MEAPE-mu": 0.2905904381106592, "MEAPE-std": 0.21282179010475127, "RMSE": 19.23435378602457, "JSD": Infinity, "_runtime": 212, "_timestamp": 1646553698, "_step": 0, "_wandb": {"runtime": 213}}