{"ARI": 0.08726946364580636, "NMI": 0.05727121852012823, "JSD": 0.18479155800978878, "Precision": 0.7686053930370288, "Recall": 0.7682902780516664, "F1-Score": 0.6938030269719166, "ROC AUC": 0.8504586820414095, "Accuracy": 0.7682902780516664, "MEAPE-mu": 28.995227009073055, "MEAPE-std": 0.5673735938721094, "_runtime": 4, "_timestamp": 1645785724, "_step": 0, "_wandb": {"runtime": 5}}