{"ARI": 0.7134765440965625, "NMI": 0.6053850703476464, "JSD": 0.11194145723117796, "Precision": 0.9156084748308826, "Recall": 0.9151047409040793, "F1-Score": 0.9143112351017425, "ROC AUC": 0.9774932762352185, "Accuracy": 0.9151047409040793, "MEAPE-mu": 1.6910007332274493, "MEAPE-std": 0.9538172370816566, "_runtime": 194, "_timestamp": 1654218205, "_step": 0, "_wandb": {"runtime": 194}}