{"ARI": 0.7244068489377462, "NMI": 0.6231512623908637, "JSD": 0.10499566196697056, "Precision": 0.9102029674490044, "Recall": 0.9095629021522077, "F1-Score": 0.9097172277131106, "ROC AUC": 0.9805731744521657, "Accuracy": 0.9095629021522077, "MEAPE-mu": 1.1372761658578556, "MEAPE-std": 0.1991186249748138, "_runtime": 804, "_timestamp": 1654113317, "_step": 0, "_wandb": {"runtime": 805}}