{"MAE": 29.228955895378373, "MRAE": 0.7057497810324938, "R^2-Score": 0.03624250430133236, "MEAPE-mu": 4.0085615832887695, "MEAPE-std": 0.36028971231929985, "RMSE": 35.0306096605436, "JSD": Infinity, "_runtime": 3, "_timestamp": 1645988993, "_step": 0, "_wandb": {"runtime": 4}}