{"ARI": 0.39882713537815273, "NMI": 0.25284741802054234, "JSD": 0.1639656681497339, "Precision": 0.7878883686559345, "Recall": 0.7987971569163478, "F1-Score": 0.7814429744609577, "ROC AUC": 0.8743762464984011, "Accuracy": 0.7987971569163478, "MEAPE-mu": 11.871738408231362, "MEAPE-std": 0.6129975509663229, "_runtime": 208, "_timestamp": 1647285436, "_step": 0, "_wandb": {"runtime": 209}}