{"ARI": 0.0, "NMI": 0.0, "JSD": 0.18390779094047424, "Precision": 0.5625, "Recall": 0.75, "F1-Score": 0.6428571428571429, "ROC AUC": 0.58843537414966, "Accuracy": 0.75, "MEAPE-mu": 33.78719756124185, "MEAPE-std": 7.249102437284625, "_runtime": 6, "_timestamp": 1646933407, "_step": 0, "_wandb": {"runtime": 6}}