{"MAE": 19.11840620768341, "RMSE": 23.112851747127543, "MRAE": 0.24976543080794986, "JSD": 0.09567722498704175, "R^2-Score": 0.3653637403387313, "MEAPE-mu": 3.4292394829181596, "MEAPE-std": 2.73218715601023, "_runtime": 2, "_timestamp": 1645185242, "_step": 0, "_wandb": {"runtime": 3}}