{"ARI": 0.20337096113346145, "NMI": 0.21451902364790343, "JSD": 0.18953828635304232, "Precision": 0.48781378007079207, "Recall": 0.6362103394719325, "F1-Score": 0.5275982505172262, "ROC AUC": 0.6355672749109855, "Accuracy": 0.6362103394719325, "MEAPE-mu": 29.649707975002435, "MEAPE-std": 0.29410095322495017, "_runtime": 1487, "_timestamp": 1648230044, "_step": 0, "_wandb": {"runtime": 1487}}