{"ARI": 0.07033743325138465, "NMI": 0.07840621121434316, "JSD": 0.22091234151938222, "Precision": 0.45710046579911623, "Recall": 0.5735078766363435, "F1-Score": 0.49268351264773, "ROC AUC": 0.6205940173878215, "Accuracy": 0.5735078766363435, "MEAPE-mu": 25.219769448539274, "MEAPE-std": 0.34885443799517185, "_runtime": 8, "_timestamp": 1646930265, "_step": 0, "_wandb": {"runtime": 9}}