{"MAE": 26.387925967107694, "RMSE": 34.669485364414975, "MRAE": 0.5655248785321146, "JSD": Infinity, "R^2-Score": 0.23363181347842643, "MEAPE-mu": 0.4731199239073222, "MEAPE-std": 0.3118966566896668, "_runtime": 4, "_timestamp": 1645533536, "_step": 0, "_wandb": {"runtime": 4}}