{"ARI": 0.10262390670553936, "NMI": 0.14691050626065358, "JSD": NaN, "Precision": 0.44642857142857145, "Recall": 0.32142857142857145, "F1-Score": 0.3666666666666666, "ROC AUC": 0.22108843537414968, "Accuracy": 0.32142857142857145, "MEAPE-mu": Infinity, "MEAPE-std": NaN, "_runtime": 4, "_timestamp": 1653672762, "_step": 0, "_wandb": {"runtime": 5}}