{"MAE": 26.264243351309517, "MRAE": 0.47902935813486774, "R^2-Score": 0.06676846475661202, "MEAPE-mu": 1.1437134393379589, "MEAPE-std": 0.2928361766797566, "RMSE": 33.5439739459761, "JSD": Infinity, "_runtime": 3, "_timestamp": 1645989003, "_step": 0, "_wandb": {"runtime": 4}}