{"ARI": -0.00037594337310861925, "NMI": 0.0015047242738792303, "JSD": 0.32757729796162766, "Precision": 0.48900608338014584, "Recall": 0.32446226759022967, "F1-Score": 0.37183727345280376, "Accuracy": 0.32446226759022967, "MEAPE-mu": 19.98471892051029, "MEAPE-std": 0.9272221013547197, "_runtime": 4, "_timestamp": 1645621608, "_step": 0, "_wandb": {"runtime": 4}}