{"ARI": 0.0772005594215058, "NMI": 0.049886421237444384, "JSD": 0.18077897984888858, "Precision": 0.6688120334634182, "Recall": 0.7199558985667034, "F1-Score": 0.6317985845828169, "ROC AUC": 0.7498043683869774, "Accuracy": 0.7199558985667034, "MEAPE-mu": 29.45741278226865, "MEAPE-std": 1.2778798287549393, "_runtime": 6, "_timestamp": 1654269233, "_step": 0, "_wandb": {"runtime": 7}}