{"ARI": -0.010345987030434314, "NMI": 0.0012329054193402783, "JSD": Infinity, "Precision": 0.5639397911103313, "Recall": 0.5710558008831794, "F1-Score": 0.5673591157085629, "ROC AUC": 0.4664173744077885, "Accuracy": 0.5710558008831794, "MEAPE-mu": 8.572030922706114, "MEAPE-std": 2.4737376539027656, "_runtime": 64, "_timestamp": 1653686795, "_step": 0, "_wandb": {"runtime": 66}}