{"ARI": 0.0, "NMI": 0.0, "JSD": 0.17807895717104663, "Precision": 0.38320687357176164, "Recall": 0.6190370534723763, "F1-Score": 0.4733762859224146, "ROC AUC": 0.6065002571062926, "Accuracy": 0.6190370534723763, "MEAPE-mu": 39.26420465591544, "MEAPE-std": 0.2388760270369674, "_runtime": 3, "_timestamp": 1645606470, "_step": 0, "_wandb": {"runtime": 3}}