{"ARI": 0.027606478176359535, "NMI": 0.006067205506179841, "JSD": Infinity, "Precision": 0.6683389529057012, "Recall": 0.743493690851735, "F1-Score": 0.664469558747435, "ROC AUC": 0.6020680770330284, "Accuracy": 0.743493690851735, "MEAPE-mu": 84.67856209093368, "MEAPE-std": 4.63081929419098, "_runtime": 570, "_timestamp": 1653849473, "_step": 0, "_wandb": {"runtime": 571}}