{"MAE": 24.002171195733276, "RMSE": 31.900280785381234, "MRAE": 0.53541098140542, "JSD": 0.14407457619586297, "R^2-Score": 0.33118706064578407, "MEAPE-mu": 15.17148163358934, "MEAPE-std": 8.49232952295848, "_runtime": 3, "_timestamp": 1645390862, "_step": 0, "_wandb": {"runtime": 4}}