{"ARI": 0.020357960969770463, "NMI": 0.0038885288979671226, "JSD": 0.211302124867283, "Precision": 0.6178474331802167, "Recall": 0.6904200331208913, "F1-Score": 0.6061200935919172, "ROC AUC": 0.6618449816291004, "Accuracy": 0.6904200331208913, "MEAPE-mu": 30.73019917374042, "MEAPE-std": 0.32454495086971097, "_runtime": 10, "_timestamp": 1646924765, "_step": 0, "_wandb": {"runtime": 10}}