{"ARI": 0.6332529099584124, "NMI": 0.47560959939121566, "JSD": 0.12525064525016577, "Precision": 0.8783085560134164, "Recall": 0.8809697411593146, "F1-Score": 0.8787638956825156, "ROC AUC": 0.9562642324840551, "Accuracy": 0.8809697411593146, "MEAPE-mu": 2.7675360122388413, "MEAPE-std": 0.5534980782826227, "_runtime": 3264, "_timestamp": 1647420467, "_step": 0, "_wandb": {"runtime": 3264}}