{"MAE": 25.093065671171896, "RMSE": 30.77951067731531, "MRAE": 0.4582087731449959, "JSD": 0.1556352715566858, "R^2-Score": 0.009208345800046813, "MEAPE-mu": 6.572648070846828, "MEAPE-std": 4.996883823746835, "_runtime": 2, "_timestamp": 1645188747, "_step": 0, "_wandb": {"runtime": 3}}