{"ARI": 0.7039947958770137, "NMI": 0.6014394829624393, "JSD": 0.10866938380783528, "Precision": 0.9026923681011569, "Recall": 0.9023297093410251, "F1-Score": 0.9024660355276183, "ROC AUC": 0.9762493904380612, "Accuracy": 0.9023297093410251, "MEAPE-mu": 0.7225465851078865, "MEAPE-std": 0.24880844219861992, "_runtime": 153, "_timestamp": 1646841781, "_step": 0, "_wandb": {"runtime": 154}}