{"MAE": 11.529556969484517, "MRAE": 0.20383105583024028, "R^2-Score": 0.8052226192360998, "MEAPE-mu": 0.30798582580874884, "MEAPE-std": 0.2061468056312246, "RMSE": 15.802635581862289, "JSD": Infinity, "_runtime": 1101, "_timestamp": 1646539266, "_step": 0, "_wandb": {"runtime": 1103}}