{"ARI": 0.13523904359843905, "NMI": 0.03940360808053558, "JSD": 0.21041717185678466, "Precision": 0.6313546153572155, "Recall": 0.6718920889537003, "F1-Score": 0.6434046836472104, "ROC AUC": 0.7086978842669995, "Accuracy": 0.6718920889537003, "MEAPE-mu": 13.292928574835637, "MEAPE-std": 0.7980323044348072, "_runtime": 5, "_timestamp": 1646917200, "_step": 0, "_wandb": {"runtime": 5}}