{"ARI": 0.029924432073264996, "NMI": 0.003417010464139609, "JSD": 0.2271835422053099, "Precision": 0.6496067439679427, "Recall": 0.7082018927444795, "F1-Score": 0.6672060263243773, "ROC AUC": 0.61895987627646, "Accuracy": 0.7082018927444795, "MEAPE-mu": 17.833105864638462, "MEAPE-std": 0.6894563030440282, "_runtime": 4, "_timestamp": 1645773730, "_step": 0, "_wandb": {"runtime": 4}}