{"ARI": 0.037266449709245586, "NMI": 0.0332862206615706, "JSD": 0.18939917196308095, "Precision": 0.7495081160603932, "Recall": 0.7124002609524765, "F1-Score": 0.6090376379486478, "ROC AUC": 0.7641096964888705, "Accuracy": 0.7124002609524765, "MEAPE-mu": 35.217169086599384, "MEAPE-std": 0.24496853962494675, "_runtime": 7, "_timestamp": 1646929081, "_step": 0, "_wandb": {"runtime": 8}}