{"MAE": 26.79188603535105, "MRAE": 0.5951373421980228, "R^2-Score": 0.05652278421786727, "MEAPE-mu": 0.6004833850056174, "MEAPE-std": 0.3285699675391922, "RMSE": 33.1921025191037, "JSD": Infinity, "_runtime": 2, "_timestamp": 1645985579, "_step": 0, "_wandb": {"runtime": 4}}