{"ARI": -0.040386803185438, "NMI": 0.027484918779312785, "JSD": 0.179916157689147, "Precision": 0.06881720430107527, "Recall": 0.25806451612903225, "F1-Score": 0.10865874363327675, "ROC AUC": 0.6564201770082699, "Accuracy": 0.25806451612903225, "MEAPE-mu": 85.28895977163712, "MEAPE-std": 16.672229789710375, "_runtime": 3, "_timestamp": 1645463232, "_step": 0, "_wandb": {"runtime": 4}}