{"ARI": 0.04576557716693823, "NMI": 0.024759072507083625, "JSD": 0.1931728742127464, "Precision": 0.5464922841685165, "Recall": 0.6337696915908587, "F1-Score": 0.5313149311317213, "ROC AUC": 0.6332589072312599, "Accuracy": 0.6337696915908587, "MEAPE-mu": 32.10309909470895, "MEAPE-std": 0.29241175776284156, "_runtime": 1009, "_timestamp": 1645810382, "_step": 0, "_wandb": {"runtime": 1009}}