{"ARI": 0.0, "NMI": 7.024775910151136e-16, "JSD": 0.1813021946042139, "Precision": 0.4588969823100936, "Recall": 0.6774193548387096, "F1-Score": 0.5471464019851118, "ROC AUC": 0.5295013783430865, "Accuracy": 0.6774193548387096, "MEAPE-mu": 36.094785717229634, "MEAPE-std": 6.575817660607907, "_runtime": 6, "_timestamp": 1646933608, "_step": 0, "_wandb": {"runtime": 5}}