{"ARI": -0.03404624991120062, "NMI": 0.07469968599289603, "JSD": 0.17558711022509502, "Precision": 0.6483597267299818, "Recall": 0.311870423785223, "F1-Score": 0.19113707884641581, "ROC AUC": 0.5879092084700736, "Accuracy": 0.311870423785223, "MEAPE-mu": 70.7446747815918, "MEAPE-std": 0.5429638962145676, "_runtime": 6, "_timestamp": 1646917080, "_step": 0, "_wandb": {"runtime": 6}}