{"MAE": 20.842155030987968, "MRAE": 0.3886700622001048, "R^2-Score": 0.43753096744692743, "MEAPE-mu": 0.44655070669838826, "MEAPE-std": 0.3171396703241597, "RMSE": 26.741930733868113, "JSD": Infinity, "_runtime": 3, "_timestamp": 1646316772, "_step": 0, "_wandb": {"runtime": 4}}