{"ARI": -0.040386803185438, "NMI": 0.027484918779312785, "JSD": 0.19361234774544883, "Precision": 0.45161290322580644, "Recall": 0.6451612903225806, "F1-Score": 0.5313092979127134, "ROC AUC": 0.39925037481259373, "Accuracy": 0.6451612903225806, "MEAPE-mu": 34.15652453128428, "MEAPE-std": 7.172858612639837, "_runtime": 6, "_timestamp": 1646943060, "_step": 0, "_wandb": {"runtime": 5}}