{"ARI": 0.029400978928134175, "NMI": 0.025912811423729375, "JSD": 0.1781408943739805, "Precision": 0.6772960756791833, "Recall": 0.7032446226759023, "F1-Score": 0.5928768712529413, "ROC AUC": 0.703609182193609, "Accuracy": 0.7032446226759023, "MEAPE-mu": 33.145227463983595, "MEAPE-std": 0.49956615949920546, "_runtime": 5, "_timestamp": 1646919828, "_step": 0, "_wandb": {"runtime": 5}}