{"ARI": 0.10498383570347392, "NMI": 0.1323219244947585, "JSD": 0.22058888877968968, "Precision": 0.6330645161290323, "Recall": 0.6451612903225806, "F1-Score": 0.6387096774193549, "ROC AUC": 0.5919076751946608, "Accuracy": 0.6451612903225806, "MEAPE-mu": 9.753381326828725, "MEAPE-std": 8.514074168564749, "_runtime": 11, "_timestamp": 1645460103, "_step": 0, "_wandb": {"runtime": 12}}