{"ARI": 0.7098830666824995, "NMI": 0.60415198799853, "JSD": 0.10826975712762567, "Precision": 0.904158481354848, "Recall": 0.9038828489017084, "F1-Score": 0.9039988184169346, "ROC AUC": 0.977315463927315, "Accuracy": 0.9038828489017084, "MEAPE-mu": 0.5263100666530963, "MEAPE-std": 0.2048428477803307, "_runtime": 169, "_timestamp": 1646841274, "_step": 0, "_wandb": {"runtime": 169}}