{"ARI": 0.13728906710672806, "NMI": 0.0766206342760735, "JSD": 0.20955617297962975, "Precision": 0.660575605635812, "Recall": 0.6549062844542448, "F1-Score": 0.6475560255701053, "ROC AUC": 0.7046015190992903, "Accuracy": 0.6549062844542448, "MEAPE-mu": 15.737938502272268, "MEAPE-std": 2.5433261215452494, "_runtime": 4, "_timestamp": 1654269484, "_step": 0, "_wandb": {"runtime": 4}}