{"ARI": 0.029401516160439668, "NMI": 0.014361162160400029, "JSD": 0.19417199196669888, "Precision": 0.5291286295785916, "Recall": 0.6258708675393831, "F1-Score": 0.5167482021517423, "ROC AUC": 0.6258292552711028, "Accuracy": 0.6258708675393831, "MEAPE-mu": 33.26644817127785, "MEAPE-std": 0.25374028145397853, "_runtime": 40, "_timestamp": 1645626996, "_step": 0, "_wandb": {"runtime": 41}}