{"ARI": 0.37167527676079287, "NMI": 0.2634973227871767, "JSD": 0.1634751136752472, "Precision": 0.766016873976707, "Recall": 0.7692478366984691, "F1-Score": 0.7533549285891427, "ROC AUC": 0.7655912010264186, "Accuracy": 0.7692478366984691, "MEAPE-mu": 11.579419914937668, "MEAPE-std": 0.31170020581876146, "_runtime": 501, "_timestamp": 1647718319, "_step": 0, "_wandb": {"runtime": 501}}