{"ARI": 0.058037429211321975, "NMI": 0.022461473843630547, "JSD": 0.1959747819698783, "Precision": 0.6324485439156683, "Recall": 0.6954064892453518, "F1-Score": 0.6138396773139646, "ROC AUC": 0.6909754576389936, "Accuracy": 0.6954064892453518, "MEAPE-mu": 27.04368898340535, "MEAPE-std": 0.5120258446802213, "_runtime": 4, "_timestamp": 1645452572, "_step": 0, "_wandb": {"runtime": 4}}