{"MAE": 22.341316323943758, "MRAE": 0.4482737394170608, "R^2-Score": 0.4046650371199636, "MEAPE-mu": 1.7423851106785997, "MEAPE-std": 0.25094885006730105, "RMSE": 29.538530317479612, "JSD": Infinity, "_runtime": 7, "_timestamp": 1648646743, "_step": 0, "_wandb": {"runtime": 7}}