{"MAE": 24.31019005602276, "MRAE": 0.556572874084603, "R^2-Score": 0.09240742191407314, "MEAPE-mu": 7.590031422707764, "MEAPE-std": 5.576808627375492, "RMSE": 31.33107080006319, "JSD": 0.15236045079585056, "_runtime": 3, "_timestamp": 1646307087, "_step": 0, "_wandb": {"runtime": 4}}