{"ARI": 0.07548940300864757, "NMI": 0.05853868100233836, "JSD": 0.2083603141320452, "Precision": 0.5581460119101729, "Recall": 0.6037275349456401, "F1-Score": 0.5334669542329946, "ROC AUC": 0.6093329764880702, "Accuracy": 0.6037275349456401, "MEAPE-mu": 27.522826840741136, "MEAPE-std": 0.3231594104486135, "_runtime": 5828, "_timestamp": 1649377675, "_step": 0, "_wandb": {"runtime": 5828}}