{"MAE": 20.583118288253363, "RMSE": 25.89148452069539, "MRAE": 0.32477112246758594, "JSD": 0.11494491992302792, "R^2-Score": 0.16771167026824396, "MEAPE-mu": 5.828509839822382, "MEAPE-std": 4.22717376977672, "_runtime": 6, "_timestamp": 1645433484, "_step": 0, "_wandb": {"runtime": 6}}