{"MAE": 17.666154529296907, "RMSE": 22.5099931435172, "MRAE": 0.2528647883448338, "JSD": 0.0991229072743069, "R^2-Score": -0.11795079753423199, "MEAPE-mu": 6.385367628536815, "MEAPE-std": 4.690501212035965, "_runtime": 5, "_timestamp": 1645483072, "_step": 0, "_wandb": {"runtime": 5}}