{"ARI": 0.9215192176222956, "NMI": 0.8757747322522995, "JSD": 0.057861690568481214, "Precision": 0.97689310038146, "Recall": 0.9768804082538274, "F1-Score": 0.976874411972584, "ROC AUC": 0.985766222670194, "Accuracy": 0.9768804082538274, "MEAPE-mu": 0.1569521661743423, "MEAPE-std": 0.10469723560292289, "_runtime": 597, "_timestamp": 1649615368, "_step": 0, "_wandb": {"runtime": 597}}