{"MAE": 25.62962962962963, "RMSE": 32.7047019687414, "MRAE": 0.37491502283142236, "JSD": 0.1427770637420289, "R^2-Score": -0.03130185530391216, "MEAPE-mu": 8.765035697786823, "MEAPE-std": 6.285890792293599, "_runtime": 2, "_timestamp": 1645116881, "_step": 0, "_wandb": {"runtime": 3}}