{"ARI": 0.17666408686313073, "NMI": 0.15250555487003878, "JSD": 0.18954126024840875, "Precision": 0.6825521580051055, "Recall": 0.7116821578275925, "F1-Score": 0.6923827970122783, "ROC AUC": 0.7839996962625608, "Accuracy": 0.7116821578275925, "MEAPE-mu": 9.507242387221329, "MEAPE-std": 0.6622710733524856, "_runtime": 5, "_timestamp": 1645784492, "_step": 0, "_wandb": {"runtime": 6}}