{"ARI": -0.015991410973611345, "NMI": 0.013829577535136675, "JSD": 0.22299058529620627, "Precision": 0.5456989247311829, "Recall": 0.6451612903225806, "F1-Score": 0.5722664432341851, "ROC AUC": 0.5922135706340378, "Accuracy": 0.6451612903225806, "MEAPE-mu": 24.11397686615214, "MEAPE-std": 10.426350056375902, "_runtime": 3, "_timestamp": 1645459545, "_step": 0, "_wandb": {"runtime": 4}}