{"MAE": 22.158569454889076, "MRAE": 0.4624084199386642, "R^2-Score": 0.3035039884263703, "MEAPE-mu": 0.22786636391684387, "MEAPE-std": 0.15733481569872831, "RMSE": 28.49624358821905, "JSD": Infinity, "_runtime": 5, "_timestamp": 1646985648, "_step": 0, "_wandb": {"runtime": 5}}