{"MAE": 11.977601962896047, "MRAE": 0.20300208034759654, "R^2-Score": 0.8017343004825528, "MEAPE-mu": 0.47929047744637565, "MEAPE-std": 0.2517039480594136, "RMSE": 16.072921369160518, "JSD": Infinity, "_runtime": 1114, "_timestamp": 1646533525, "_step": 0, "_wandb": {"runtime": 1115}}