{"ARI": 0.30011245210140447, "NMI": 0.18433102705159485, "JSD": 0.17245250706080203, "Precision": 0.7519788867109889, "Recall": 0.7730586948596427, "F1-Score": 0.7416591811055072, "ROC AUC": 0.7584873718920091, "Accuracy": 0.7730586948596427, "MEAPE-mu": 12.781098435633105, "MEAPE-std": 0.6504535903366191, "_runtime": 621, "_timestamp": 1646941378, "_step": 0, "_wandb": {"runtime": 619}}