{"MAE": 3.2001458257382427, "MRAE": 0.059989682663781796, "R^2-Score": 0.916283531297136, "MEAPE-mu": 0.5258015619275085, "MEAPE-std": 0.20289628999329667, "RMSE": 10.555147438134547, "JSD": 0.04806101122521083, "_runtime": 139, "_timestamp": 1646552014, "_step": 0, "_wandb": {"runtime": 140}}