{"MAE": 22.95184373329233, "RMSE": 29.110270052733675, "MRAE": 0.45155404759868334, "JSD": 0.1296249018898598, "R^2-Score": 0.5271467981046682, "MEAPE-mu": 5.226498693221685, "MEAPE-std": 4.083300303035273, "_runtime": 4, "_timestamp": 1645483095, "_step": 0, "_wandb": {"runtime": 5}}