{"MAE": 0.4014770618808969, "MRAE": 0.006143795564330913, "R^2-Score": 0.9981124423935581, "MEAPE-mu": 0.02896834329921094, "MEAPE-std": 0.0202249299164513, "RMSE": 1.584842974480118, "JSD": 0.007480817900189373, "_runtime": 1247, "_timestamp": 1646771494, "_step": 0, "_wandb": {"runtime": 1248}}