{"ARI": 0.09527538356522955, "NMI": 0.05187340051844994, "JSD": 0.23749711140177648, "Precision": 0.46951707973725276, "Recall": 0.5209673840692256, "F1-Score": 0.4914710784548044, "ROC AUC": 0.5450996855988818, "Accuracy": 0.5209673840692256, "MEAPE-mu": 10.648490902123344, "MEAPE-std": 0.40410039974774864, "_runtime": 14, "_timestamp": 1647933045, "_step": 0, "_wandb": {"runtime": 15}}