{"MAE": 26.284834650498, "MRAE": 0.5776380187229165, "R^2-Score": 0.08460789729557228, "MEAPE-mu": 0.5486324015499232, "MEAPE-std": 0.282298313849977, "RMSE": 32.668216807387104, "JSD": 0.16958714269447542, "_runtime": 4821, "_timestamp": 1651346016, "_step": 0, "_wandb": {"runtime": 4821}}