{"ARI": 0.7026025103330975, "NMI": 0.6043846081984677, "JSD": 0.10934740414214596, "Precision": 0.903220212348153, "Recall": 0.9018859551808298, "F1-Score": 0.9023191530134584, "ROC AUC": 0.9782110587107387, "Accuracy": 0.9018859551808298, "MEAPE-mu": 1.7260397735565143, "MEAPE-std": 0.22525545371789837, "_runtime": 3224, "_timestamp": 1648016059, "_step": 0, "_wandb": {"runtime": 3224}}