{"ARI": 0.9896227971768533, "NMI": 0.9728794689311233, "JSD": 0.020873428170281937, "Precision": 0.9969025836884489, "Recall": 0.9969012030623405, "F1-Score": 0.9968997937895655, "ROC AUC": 0.9999620917238861, "Accuracy": 0.9969012030623405, "MEAPE-mu": 0.09048625087811583, "MEAPE-std": 0.07453868645848757, "_runtime": 128, "_timestamp": 1647394036, "_step": 0, "_wandb": {"runtime": 128}}