{"MAE": 22.146953405017925, "RMSE": 28.790492755739344, "MRAE": 0.3972665741838607, "JSD": 0.1276041541065804, "R^2-Score": 0.35000973749031694, "MEAPE-mu": 7.9281881994639924, "MEAPE-std": 6.995124942819114, "_runtime": 2, "_timestamp": 1645116854, "_step": 0, "_wandb": {"runtime": 3}}