{"MAE": 20.79247795753825, "RMSE": 24.362469888589075, "MRAE": 0.28191138020701806, "JSD": 0.10089798915027691, "R^2-Score": 0.418662575307962, "MEAPE-mu": 4.73234785235151, "MEAPE-std": 3.754156429177505, "_runtime": 3, "_timestamp": 1645390264, "_step": 0, "_wandb": {"runtime": 4}}