{"MAE": 11.90248049456981, "MRAE": 0.2118788308066744, "R^2-Score": 0.7931227237803564, "MEAPE-mu": 0.21182903612990814, "MEAPE-std": 0.17373512598147342, "RMSE": 16.18926982864911, "JSD": Infinity, "_runtime": 1180, "_timestamp": 1646535897, "_step": 0, "_wandb": {"runtime": 1181}}