{"MAE": 19.64119534382975, "MRAE": 0.34368340461653774, "R^2-Score": 0.49260225162614535, "MEAPE-mu": 0.4846989581894632, "MEAPE-std": 0.3446191631578021, "RMSE": 25.50382041565454, "JSD": Infinity, "_runtime": 4, "_timestamp": 1646483566, "_step": 0, "_wandb": {"runtime": 5}}