{"ARI": 0.1372079089275015, "NMI": 0.18714928071303408, "JSD": 0.4144104347556007, "Precision": 0.2625, "Recall": 0.1, "F1-Score": 0.14482758620689656, "Accuracy": 0.1, "MEAPE-mu": 42.8688575061457, "MEAPE-std": 9.638367093709887, "_runtime": 3, "_timestamp": 1645622310, "_step": 0, "_wandb": {"runtime": 4}}