{"ARI": 0.7098750200127738, "NMI": 0.5933985732433809, "JSD": 0.11204384525731557, "Precision": 0.911673964049865, "Recall": 0.9125045570543201, "F1-Score": 0.9117067049084017, "ROC AUC": 0.9759899648914792, "Accuracy": 0.9125045570543201, "MEAPE-mu": 1.8932612197794378, "MEAPE-std": 0.46847334062169765, "_runtime": 576, "_timestamp": 1646922124, "_step": 0, "_wandb": {"runtime": 576}}