{"ARI": 0.41353650727266006, "NMI": 0.24282096781933557, "JSD": 0.16150309270459812, "Precision": 0.7809213670779571, "Recall": 0.7958439664600802, "F1-Score": 0.7836298319200932, "ROC AUC": 0.7951990877308577, "Accuracy": 0.7958439664600802, "MEAPE-mu": 7.198633836882238, "MEAPE-std": 0.6155588878769822, "_runtime": 395, "_timestamp": 1646838704, "_step": 0, "_wandb": {"runtime": 395}}