{"ARI": 0.9222695298169398, "NMI": 0.8786708273432461, "JSD": 0.05819528678139508, "Precision": 0.9772414610103646, "Recall": 0.9772354115819836, "F1-Score": 0.9772307641988959, "ROC AUC": 0.9858358354879176, "Accuracy": 0.9772354115819836, "MEAPE-mu": 0.14169097734803152, "MEAPE-std": 0.09087532943801159, "_runtime": 602, "_timestamp": 1649617203, "_step": 0, "_wandb": {"runtime": 603}}