{"MAE": 19.991352444065637, "MRAE": 0.4513608056221819, "R^2-Score": 0.47449477439339105, "MEAPE-mu": 5.448567799513604, "MEAPE-std": 0.21613027407169869, "RMSE": 24.84651420056239, "JSD": 0.13033605617654284, "_runtime": 25, "_timestamp": 1647528077, "_step": 0, "_wandb": {"runtime": 26}}