{"ARI": 0.20187030908558348, "NMI": 0.12194823979257835, "JSD": 0.18293177256008977, "Precision": 0.736724184794293, "Recall": 0.7418884433102443, "F1-Score": 0.6906623242902051, "ROC AUC": 0.7656427556719652, "Accuracy": 0.7418884433102443, "MEAPE-mu": 21.74885330071261, "MEAPE-std": 0.7324801742247626, "_runtime": 2944, "_timestamp": 1646890146, "_step": 0, "_wandb": {"runtime": 2945}}