{"MAE": 22.33703805970462, "MRAE": 0.34837139484493956, "R^2-Score": 0.23352983319352294, "MEAPE-mu": 5.341080170833729, "MEAPE-std": 0.3045411711639609, "RMSE": 32.87195739521862, "JSD": Infinity, "_runtime": 5, "_timestamp": 1647002488, "_step": 0, "_wandb": {"runtime": 5}}