{"MAE": 22.639362489231562, "MRAE": 0.30550976391495166, "R^2-Score": 0.2974798798380214, "MEAPE-mu": 6.290477446479031, "MEAPE-std": 4.3291627799267225, "RMSE": 28.873879573446892, "JSD": 0.11832484376363867, "_runtime": 2, "_timestamp": 1646297368, "_step": 0, "_wandb": {"runtime": 4}}