{"ARI": 0.9996847048352822, "NMI": 0.9990688121570704, "JSD": 0.0037554177057534614, "Precision": 0.9999112788554778, "Recall": 0.9999112491679609, "F1-Score": 0.9999112534100483, "ROC AUC": 0.9999999921504515, "Accuracy": 0.9999112491679609, "MEAPE-mu": 0.011856148432272418, "MEAPE-std": 0.007547503796217974, "_runtime": 1892, "_timestamp": 1649270524, "_step": 0, "_wandb": {"runtime": 1891}}