{"MAE": 21.546346941436383, "RMSE": 27.587990432503847, "MRAE": 0.4747947954032902, "JSD": 0.12445999775343015, "R^2-Score": 0.46740065137212583, "MEAPE-mu": 4.5858246361004005, "MEAPE-std": 3.4412707996232825, "_runtime": 2, "_timestamp": 1645106328, "_step": 0, "_wandb": {"runtime": 3}}