{"MAE": 27.014187410732195, "MRAE": 0.589701288890211, "R^2-Score": 0.0622299172056997, "MEAPE-mu": 0.2989859266453491, "MEAPE-std": 0.2134835794202856, "RMSE": 33.29462817279742, "JSD": Infinity, "_runtime": 2, "_timestamp": 1645985571, "_step": 0, "_wandb": {"runtime": 3}}