{"ARI": 0.0, "NMI": 0.0, "JSD": 0.17878432623971877, "Precision": 0.49, "Recall": 0.7, "F1-Score": 0.5764705882352941, "ROC AUC": 0.4691913963653095, "Accuracy": 0.7, "MEAPE-mu": 35.18175162194251, "MEAPE-std": 6.9346916443860485, "_runtime": 6, "_timestamp": 1646933656, "_step": 0, "_wandb": {"runtime": 5}}