{"MAE": 19.681258386252406, "MRAE": 0.34058389956645213, "R^2-Score": 0.4994874129035797, "MEAPE-mu": 0.761754904669841, "MEAPE-std": 0.3276526500155843, "RMSE": 25.37895290528651, "JSD": Infinity, "_runtime": 4, "_timestamp": 1646485431, "_step": 0, "_wandb": {"runtime": 4}}