{"ARI": 0.03506834615509937, "NMI": 0.0058346297296647505, "JSD": 0.21241875138072483, "Precision": 0.6600704558845666, "Recall": 0.7306782334384858, "F1-Score": 0.6706939594377243, "ROC AUC": 0.6563245848181045, "Accuracy": 0.7306782334384858, "MEAPE-mu": 23.681067610084, "MEAPE-std": 0.830027942146371, "_runtime": 5, "_timestamp": 1645773753, "_step": 0, "_wandb": {"runtime": 4}}