{"ARI": -0.026410564225690276, "NMI": 0.11078324670636938, "JSD": 0.43137808320691506, "Precision": 0.45000000000000007, "Recall": 0.3, "F1-Score": 0.36000000000000004, "Accuracy": 0.3, "MEAPE-mu": 37.13981656897607, "MEAPE-std": 13.168278937164315, "_runtime": 3, "_timestamp": 1645621847, "_step": 0, "_wandb": {"runtime": 4}}