{"MAE": 22.160498569509848, "MRAE": 0.37859061491049906, "R^2-Score": -0.3936966591936064, "MEAPE-mu": 20.828943041772153, "MEAPE-std": 0.5220984357637745, "RMSE": 27.251419489363343, "JSD": 0.10301841564534739, "_runtime": 9, "_timestamp": 1645989305, "_step": 0, "_wandb": {"runtime": 10}}