{"MAE": 23.313875705902994, "MRAE": 0.4517577007835489, "R^2-Score": 0.2247504012326137, "MEAPE-mu": 8.595983272906246, "MEAPE-std": 7.088504531873377, "RMSE": 28.675805907534343, "JSD": 0.14022629126909894, "_runtime": 5, "_timestamp": 1646309029, "_step": 0, "_wandb": {"runtime": 5}}