{"ARI": -0.01600985221674877, "NMI": 0.08358194871261547, "JSD": 0.22997120087415227, "Precision": 0.6, "Recall": 0.6, "F1-Score": 0.6, "ROC AUC": 0.6700195537152059, "Accuracy": 0.6, "MEAPE-mu": 9.25539165624688, "MEAPE-std": 8.05831197949952, "_runtime": 506, "_timestamp": 1645489896, "_step": 0, "_wandb": {"runtime": 505}}