{"MAE": 27.699955006499728, "MRAE": 0.5218578995285365, "R^2-Score": 0.17703212532375712, "MEAPE-mu": 6.7990366623832275, "MEAPE-std": 5.657722840445392, "RMSE": 36.059980043026236, "JSD": 0.15678600129025955, "_runtime": 4, "_timestamp": 1646306337, "_step": 0, "_wandb": {"runtime": 4}}