{"MAE": 0.20919844259838644, "MRAE": 0.00362738942623373, "R^2-Score": 0.9999059547517506, "MEAPE-mu": 0.0039502804331841635, "MEAPE-std": 0.002474067996021252, "RMSE": 0.3310149454267493, "JSD": 0.0017476733738333635, "_runtime": 3486, "_timestamp": 1647508924, "_step": 0, "_wandb": {"runtime": 3486}}