{"ARI": 0.07214219656584829, "NMI": 0.11703561946175127, "JSD": 0.1813803739492425, "Precision": 0.7564724033622501, "Recall": 0.3270468160639006, "F1-Score": 0.19903703020554697, "ROC AUC": 0.731823627185193, "Accuracy": 0.3270468160639006, "MEAPE-mu": 74.6235615026595, "MEAPE-std": 0.5055240295933228, "_runtime": 3, "_timestamp": 1645788507, "_step": 0, "_wandb": {"runtime": 4}}