{"ARI": 0.09720694355533349, "NMI": 0.06737141021314937, "JSD": 0.21326901269613777, "Precision": 0.6530084333082293, "Recall": 0.6240352811466373, "F1-Score": 0.6213184701678142, "ROC AUC": 0.6887509236073934, "Accuracy": 0.6240352811466373, "MEAPE-mu": 22.373921807753778, "MEAPE-std": 2.4919185547795015, "_runtime": 3, "_timestamp": 1654269463, "_step": 0, "_wandb": {"runtime": 4}}