{"ARI": 0.1934826883910387, "NMI": 0.10489031526302724, "JSD": 0.19042038558792346, "Precision": 0.7666666666666667, "Recall": 0.7857142857142857, "F1-Score": 0.7521739130434782, "ROC AUC": 0.6326530612244898, "Accuracy": 0.7857142857142857, "MEAPE-mu": 19.202486224608318, "MEAPE-std": 7.819911490948738, "_runtime": 5, "_timestamp": 1645514225, "_step": 0, "_wandb": {"runtime": 6}}