{"MAE": 27.562068965517245, "RMSE": 35.017212516329636, "MRAE": 0.5296589040084879, "JSD": 0.15388717090746065, "R^2-Score": -0.06352723691266848, "MEAPE-mu": 7.116919619250978, "MEAPE-std": 5.046634255433433, "_runtime": 4, "_timestamp": 1645389905, "_step": 0, "_wandb": {"runtime": 4}}