{"ARI": 0.0005320091739021679, "NMI": 4.539158900414733e-05, "JSD": Infinity, "Precision": 0.638522323192414, "Recall": 0.75, "F1-Score": 0.644634251237569, "ROC AUC": 0.4741635281486012, "Accuracy": 0.75, "MEAPE-mu": 98.7316029612177, "MEAPE-std": 5.006778778421432, "_runtime": 2, "_timestamp": 1653905397, "_step": 0, "_wandb": {"runtime": 4}}