{"ARI": 0.0, "NMI": 0.0, "JSD": Infinity, "Precision": 0.5625, "Recall": 0.75, "F1-Score": 0.6428571428571429, "ROC AUC": 0.5510204081632653, "Accuracy": 0.75, "MEAPE-mu": 116.71868686868686, "MEAPE-std": 97.49129535964188, "_runtime": 2, "_timestamp": 1653671571, "_step": 0, "_wandb": {"runtime": 4}}