{"MAE": 26.43378911249104, "MRAE": 0.4604437882668783, "R^2-Score": -0.15095865155671317, "MEAPE-mu": 6.26377963538161, "MEAPE-std": 4.783737944451305, "RMSE": 33.17419570090474, "JSD": 0.15584711126354153, "_runtime": 3, "_timestamp": 1646481472, "_step": 0, "_wandb": {"runtime": 3}}