{"ARI": -0.00600587082447373, "NMI": 0.0010875243303904859, "JSD": Infinity, "Precision": 0.5523804771454289, "Recall": 0.68913087113609, "F1-Score": 0.5781647035852823, "ROC AUC": 0.49037555582304265, "Accuracy": 0.68913087113609, "MEAPE-mu": 140.9677966254176, "MEAPE-std": 3.9406016183558603, "_runtime": 91, "_timestamp": 1653692548, "_step": 0, "_wandb": {"runtime": 92}}