{"ARI": 0.1474940495138888, "NMI": 0.07703136324268949, "JSD": 0.19582847911751286, "Precision": 0.6538380553648665, "Recall": 0.7243660418963617, "F1-Score": 0.6757660275796818, "ROC AUC": 0.7576664311345525, "Accuracy": 0.7243660418963617, "MEAPE-mu": 17.06038488462095, "MEAPE-std": 1.822751010643551, "_runtime": 64, "_timestamp": 1654287149, "_step": 0, "_wandb": {"runtime": 64}}