{"MAE": 21.783494512009096, "MRAE": 0.48018621239009107, "R^2-Score": 0.33263749056190794, "MEAPE-mu": 0.20292260678568, "MEAPE-std": 0.1654934351696496, "RMSE": 27.994776387593955, "JSD": Infinity, "_runtime": 2, "_timestamp": 1656326926, "_step": 0, "_wandb": {"runtime": 3}}