{"ARI": 0.7244132967071651, "NMI": 0.6214719772892846, "JSD": 0.10447927681424304, "Precision": 0.9097646073193508, "Recall": 0.9093854004881295, "F1-Score": 0.9094929790341547, "ROC AUC": 0.9810616493064852, "Accuracy": 0.9093854004881295, "MEAPE-mu": 0.7940278206247342, "MEAPE-std": 0.21295269095804417, "_runtime": 782, "_timestamp": 1654110068, "_step": 0, "_wandb": {"runtime": 782}}