{"MAE": 19.707031144398194, "MRAE": 0.3596734920668267, "R^2-Score": 0.5217699432241559, "MEAPE-mu": 3.7191885577431445, "MEAPE-std": 0.40557927305156616, "RMSE": 24.427391347230845, "JSD": 0.11120543354913635, "_runtime": 10, "_timestamp": 1646487199, "_step": 0, "_wandb": {"runtime": 11}}