{"ARI": 0.13290388201390066, "NMI": 0.08355982097491003, "JSD": 0.20720685970205824, "Precision": 0.5698924731182796, "Recall": 0.6774193548387096, "F1-Score": 0.5999162128194385, "ROC AUC": 0.69572955457755, "Accuracy": 0.6774193548387096, "MEAPE-mu": 24.449374314073864, "MEAPE-std": 8.26381184528405, "_runtime": 13, "_timestamp": 1645465072, "_step": 0, "_wandb": {"runtime": 13}}