{"ARI": 0.02951981002207544, "NMI": 0.014005542287271775, "JSD": 0.19529642485340587, "Precision": 0.5268395017244518, "Recall": 0.6252939871311294, "F1-Score": 0.517528595607354, "ROC AUC": 0.6275938733875196, "Accuracy": 0.6252939871311294, "MEAPE-mu": 32.94220837185525, "MEAPE-std": 0.29439056888158416, "_runtime": 37, "_timestamp": 1645626718, "_step": 0, "_wandb": {"runtime": 38}}