{"ARI": 0.712911686575154, "NMI": 0.5846503015905596, "JSD": 0.11168635207616373, "Precision": 0.9120900254427056, "Recall": 0.9128996692392503, "F1-Score": 0.9114948037083066, "ROC AUC": 0.9783873132960795, "Accuracy": 0.9128996692392503, "MEAPE-mu": 2.8650522480870104, "MEAPE-std": 1.2432835746782966, "_runtime": 191, "_timestamp": 1654216815, "_step": 0, "_wandb": {"runtime": 192}}