{"ARI": 0.0004916862900434855, "NMI": 0.0006785747958962889, "JSD": 0.1779615144154641, "Precision": 0.7120566114923842, "Recall": 0.6941305140357273, "F1-Score": 0.568995554392257, "ROC AUC": 0.5577534431861116, "Accuracy": 0.6941305140357273, "MEAPE-mu": 34.94553741420282, "MEAPE-std": 0.4831728800242786, "_runtime": 3, "_timestamp": 1645775076, "_step": 0, "_wandb": {"runtime": 4}}