{"ARI": 0.026844271582579942, "NMI": 0.02105069385538934, "JSD": 0.17888957477093642, "Precision": 0.6638725588543358, "Recall": 0.7018407144158921, "F1-Score": 0.5907261553502763, "ROC AUC": 0.6980948829959223, "Accuracy": 0.7018407144158921, "MEAPE-mu": 33.14573268842875, "MEAPE-std": 0.5036945949061072, "_runtime": 4, "_timestamp": 1645776683, "_step": 0, "_wandb": {"runtime": 4}}