{"ARI": 0.04351162433590871, "NMI": 0.019179859222964137, "JSD": 0.19164883767049345, "Precision": 0.5148800721380719, "Recall": 0.6264921233636566, "F1-Score": 0.5111335843640652, "ROC AUC": 0.6455799395103453, "Accuracy": 0.6264921233636566, "MEAPE-mu": 33.94027265347358, "MEAPE-std": 0.27633336784318924, "_runtime": 977, "_timestamp": 1645814306, "_step": 0, "_wandb": {"runtime": 977}}