{"ARI": 0.04982166740971913, "NMI": 0.021795649266899413, "JSD": 0.23696762118858933, "Precision": 0.5786901270772239, "Recall": 0.6129032258064516, "F1-Score": 0.5952076254357707, "ROC AUC": 0.5727160613241765, "Accuracy": 0.6129032258064516, "MEAPE-mu": 12.182924314422483, "MEAPE-std": 9.449439213118776, "_runtime": 10, "_timestamp": 1646947655, "_step": 0, "_wandb": {"runtime": 10}}