{"MAE": 16.652663187909926, "MRAE": 0.29637059678778166, "R^2-Score": 0.5795511177727914, "MEAPE-mu": 1.054056113125562, "MEAPE-std": 0.35594002134320885, "RMSE": 23.572549631140923, "JSD": Infinity, "_runtime": 163, "_timestamp": 1646531825, "_step": 0, "_wandb": {"runtime": 164}}