{"MAE": 22.98284951092857, "MRAE": 0.3721126808853896, "R^2-Score": 0.3044181449512525, "MEAPE-mu": 5.553420447325805, "MEAPE-std": 4.429525826203074, "RMSE": 27.337574670893403, "JSD": 0.12203343956009255, "_runtime": 3, "_timestamp": 1646307068, "_step": 0, "_wandb": {"runtime": 4}}