{"ARI": 0.08076878521076737, "NMI": 0.03068666556278322, "JSD": 0.19812272578395654, "Precision": 0.7114307766589788, "Recall": 0.7552750936698875, "F1-Score": 0.693492032411238, "ROC AUC": 0.7196987644346026, "Accuracy": 0.7552750936698875, "MEAPE-mu": 25.36052330119365, "MEAPE-std": 0.7130731098669628, "_runtime": 2, "_timestamp": 1645452588, "_step": 0, "_wandb": {"runtime": 3}}