{"ARI": 0.18675264375299613, "NMI": 0.1020547306929118, "JSD": 0.18946319736253528, "Precision": 0.7421093329128239, "Recall": 0.7386990077177509, "F1-Score": 0.6932147011290374, "ROC AUC": 0.7738454615809133, "Accuracy": 0.7386990077177509, "MEAPE-mu": 17.011616934159633, "MEAPE-std": 1.5214867951245301, "_runtime": 231, "_timestamp": 1654313219, "_step": 0, "_wandb": {"runtime": 232}}