{"ARI": 0.20526178359168115, "NMI": 0.1195632286086311, "JSD": 0.1837337781873663, "Precision": 0.7050427637765766, "Recall": 0.7444403937294932, "F1-Score": 0.698179806008881, "ROC AUC": 0.77713327865414, "Accuracy": 0.7444403937294932, "MEAPE-mu": 17.168722117449022, "MEAPE-std": 0.6691994571810908, "_runtime": 41, "_timestamp": 1646923186, "_step": 0, "_wandb": {"runtime": 41}}