{"MAE": 21.776404304849414, "RMSE": 28.158514104470985, "MRAE": 0.3917168956462035, "JSD": 0.12657931555102872, "R^2-Score": 0.39528468881339207, "MEAPE-mu": 0.36919823701402016, "MEAPE-std": 0.2776305935389474, "_runtime": 157, "_timestamp": 1645213724, "_step": 0, "_wandb": {"runtime": 158}}