{"ARI": 0.0004916862900434855, "NMI": 0.0006785747958962889, "JSD": 0.17796151441546407, "Precision": 0.7120566114923842, "Recall": 0.6941305140357273, "F1-Score": 0.568995554392257, "ROC AUC": 0.6674216782130978, "Accuracy": 0.6941305140357273, "MEAPE-mu": 34.90388424165754, "MEAPE-std": 0.4216408872178022, "_runtime": 5, "_timestamp": 1646917464, "_step": 0, "_wandb": {"runtime": 5}}