{"ARI": 0.14138272552213355, "NMI": 0.06691919618914524, "JSD": 0.19402600038741102, "Precision": 0.7445611456767682, "Recall": 0.7710510747387103, "F1-Score": 0.7237389405212528, "ROC AUC": 0.7637968282943147, "Accuracy": 0.7710510747387103, "MEAPE-mu": 22.587763655952482, "MEAPE-std": 0.6594757094694036, "_runtime": 4, "_timestamp": 1645773787, "_step": 0, "_wandb": {"runtime": 5}}