{"ARI": -0.025279777718914872, "NMI": 0.07008736741299929, "JSD": 0.19013352224998603, "Precision": 0.7071032135995272, "Recall": 0.3643156551849827, "F1-Score": 0.3254999268177818, "ROC AUC": 0.7571736469276279, "Accuracy": 0.3643156551849827, "MEAPE-mu": 74.55552322572379, "MEAPE-std": 1.4518501681372376, "_runtime": 4, "_timestamp": 1645776876, "_step": 0, "_wandb": {"runtime": 4}}