{"ARI": 0.7658774542401439, "NMI": 0.6474034013996726, "JSD": 0.09931888480000538, "Precision": 0.9287061037652584, "Recall": 0.9290922347794386, "F1-Score": 0.9288238278353528, "ROC AUC": 0.9855701645134197, "Accuracy": 0.9290922347794386, "MEAPE-mu": 0.7583040387566391, "MEAPE-std": 0.3779816801007176, "_runtime": 390, "_timestamp": 1653422104, "_step": 0, "_wandb": {"runtime": 391}}