{"ARI": 0.018831219789552288, "NMI": 0.01922466541038304, "JSD": 0.19453283003594066, "Precision": 0.5342174031132474, "Recall": 0.6244508542267584, "F1-Score": 0.5157245976283097, "ROC AUC": 0.6132684993670783, "Accuracy": 0.6244508542267584, "MEAPE-mu": 33.499328900675906, "MEAPE-std": 0.2700883486596153, "_runtime": 928, "_timestamp": 1645811317, "_step": 0, "_wandb": {"runtime": 929}}