{"MAE": 21.164110115677232, "MRAE": 0.3950344223322819, "R^2-Score": 0.44238167598098677, "MEAPE-mu": 4.683745734962472, "MEAPE-std": 0.47425548228039055, "RMSE": 26.89703494053815, "JSD": 0.12100919868970052, "_runtime": 181, "_timestamp": 1646342335, "_step": 0, "_wandb": {"runtime": 181}}