{"ARI": 0.017896340042246436, "NMI": 0.00845905685837711, "JSD": 0.2191870251944082, "Precision": 0.510170262751813, "Recall": 0.6019968937208786, "F1-Score": 0.5207800769953457, "ROC AUC": 0.5667122173527437, "Accuracy": 0.6019968937208786, "MEAPE-mu": 25.482856247131878, "MEAPE-std": 0.3374455445900884, "_runtime": 8280, "_timestamp": 1648128953, "_step": 0, "_wandb": {"runtime": 8281}}