{"MAE": 26.590454474727927, "MRAE": 0.5973711287090481, "R^2-Score": 0.06535502124041725, "MEAPE-mu": 0.37886269709625053, "MEAPE-std": 0.2524403033781448, "RMSE": 33.156514822396254, "JSD": 0.17262501868589125, "_runtime": 7395, "_timestamp": 1646506465, "_step": 0, "_wandb": {"runtime": 7395}}