{"ARI": 0.07113369323594793, "NMI": 0.056662516536024866, "JSD": 0.2084779539309327, "Precision": 0.6282051282051282, "Recall": 0.7, "F1-Score": 0.6508059316569955, "ROC AUC": 0.6991459627329192, "Accuracy": 0.7, "MEAPE-mu": 17.33372812077303, "MEAPE-std": 9.127539215860585, "_runtime": 10, "_timestamp": 1646947757, "_step": 0, "_wandb": {"runtime": 10}}