{"ARI": 0.0, "NMI": 0.0, "JSD": 0.17807895717104663, "Precision": 0.38320687357176164, "Recall": 0.6190370534723763, "F1-Score": 0.4733762859224146, "ROC AUC": 0.5783709414356081, "Accuracy": 0.6190370534723763, "MEAPE-mu": 39.23892614678922, "MEAPE-std": 0.24849144344923044, "_runtime": 1576, "_timestamp": 1646043238, "_step": 0, "_wandb": {"runtime": 1576}}