{"ARI": 0.14138118105350228, "NMI": 0.09363825168276217, "JSD": 0.20591397954071952, "Precision": 0.6682971880274805, "Recall": 0.659316427783903, "F1-Score": 0.6513055886166621, "ROC AUC": 0.7127897459935963, "Accuracy": 0.659316427783903, "MEAPE-mu": 17.470570682754076, "MEAPE-std": 2.433267746779817, "_runtime": 4, "_timestamp": 1654269453, "_step": 0, "_wandb": {"runtime": 4}}