{"ARI": 0.0, "NMI": 0.0, "JSD": 0.17808250847017618, "Precision": 0.3832618155944979, "Recall": 0.6190814288883958, "F1-Score": 0.4734311798729381, "ROC AUC": 0.5188242301197141, "Accuracy": 0.6190814288883958, "MEAPE-mu": 39.2567099850979, "MEAPE-std": 0.21881810857585426, "_runtime": 6, "_timestamp": 1646931536, "_step": 0, "_wandb": {"runtime": 5}}