{"ARI": 0.8999873357902323, "NMI": 0.8111770785107271, "JSD": 0.06361224629601206, "Precision": 0.9691403905312997, "Recall": 0.9691943127962085, "F1-Score": 0.9691470382125341, "ROC AUC": 0.9654937856196992, "Accuracy": 0.9691943127962085, "MEAPE-mu": 0.5002305481543493, "MEAPE-std": 0.26781057740062886, "_runtime": 230, "_timestamp": 1646083753, "_step": 0, "_wandb": {"runtime": 232}}