{"ARI": 0.2068752021706821, "NMI": 0.12719402234657812, "JSD": 0.18231335796410744, "Precision": 0.7347220468304371, "Recall": 0.7439402223437215, "F1-Score": 0.6954803318659568, "ROC AUC": 0.7614046792641501, "Accuracy": 0.7439402223437215, "MEAPE-mu": 21.72825132564383, "MEAPE-std": 0.674336388153823, "_runtime": 2985, "_timestamp": 1646875371, "_step": 0, "_wandb": {"runtime": 2984}}