{"ARI": 0.5089771579150637, "NMI": 0.3980015644118464, "JSD": 0.14193971041799178, "Precision": 0.8471821524001534, "Recall": 0.8500551267916208, "F1-Score": 0.8423559189227031, "ROC AUC": 0.8814154426216158, "Accuracy": 0.8500551267916208, "MEAPE-mu": 7.651455126777044, "MEAPE-std": 1.2678399717620854, "_runtime": 11, "_timestamp": 1654103274, "_step": 0, "_wandb": {"runtime": 10}}