{"MAE": 26.497110129422115, "MRAE": 0.409315120693902, "R^2-Score": 0.2821619463265368, "MEAPE-mu": 5.307132147596576, "MEAPE-std": 3.9796936957448157, "RMSE": 29.953379489246934, "JSD": 0.13619922993577313, "_runtime": 3, "_timestamp": 1646303911, "_step": 0, "_wandb": {"runtime": 4}}