{"MAE": 26.576690545677597, "MRAE": 0.5216403946298673, "R^2-Score": 0.0651578310257992, "MEAPE-mu": 0.25186237782889903, "MEAPE-std": 0.20063817220441854, "RMSE": 33.708276431020344, "JSD": 0.16932685611248355, "_runtime": 1629, "_timestamp": 1652036948, "_step": 0, "_wandb": {"runtime": 1629}}