{"MAE": 21.079794021144732, "MRAE": 0.385373561766862, "R^2-Score": 0.42640448339014114, "MEAPE-mu": 0.3460732494677447, "MEAPE-std": 0.24887978169870814, "RMSE": 27.063029081463945, "JSD": Infinity, "_runtime": 3, "_timestamp": 1646316793, "_step": 0, "_wandb": {"runtime": 4}}