{"ARI": 0.764767060105801, "NMI": 0.6257996347467383, "JSD": 0.09495776946854151, "Precision": 0.9244226259071354, "Recall": 0.925460178603973, "F1-Score": 0.9242109239562241, "ROC AUC": 0.982877391257574, "Accuracy": 0.925460178603973, "MEAPE-mu": 2.8729473204002107, "MEAPE-std": 0.4005459157731729, "_runtime": 589, "_timestamp": 1647224219, "_step": 0, "_wandb": {"runtime": 590}}