{"MAE": 20.453427420666365, "RMSE": 25.22715557313481, "MRAE": 0.3411365341171745, "JSD": Infinity, "R^2-Score": -0.19433613411637696, "MEAPE-mu": 13.5009158041295, "MEAPE-std": 0.5569632798455112, "_runtime": 5, "_timestamp": 1645517958, "_step": 0, "_wandb": {"runtime": 5}}