{"ARI": 0.45426272362948844, "NMI": 0.3529821439567648, "JSD": 0.15357948252255751, "Precision": 0.8065007150908574, "Recall": 0.8064344353228311, "F1-Score": 0.8005668104640106, "ROC AUC": 0.868694992230972, "Accuracy": 0.8064344353228311, "MEAPE-mu": 4.433259283310203, "MEAPE-std": 0.30483183690015253, "_runtime": 1967, "_timestamp": 1647268328, "_step": 0, "_wandb": {"runtime": 1966}}