{"ARI": 0.0, "NMI": 7.024775910151136e-16, "JSD": 0.1813021946042139, "Precision": 0.4588969823100936, "Recall": 0.6774193548387096, "F1-Score": 0.5471464019851118, "ROC AUC": 0.781254534023311, "Accuracy": 0.6774193548387096, "MEAPE-mu": 37.05390680032733, "MEAPE-std": 5.453458417843572, "_runtime": 2, "_timestamp": 1645458941, "_step": 0, "_wandb": {"runtime": 3}}