{"MAE": 27.041273151114638, "MRAE": 0.6446885201959961, "R^2-Score": 0.22113121418784443, "MEAPE-mu": 6.290529929065058, "MEAPE-std": 3.9760342939816384, "RMSE": 34.10800528674476, "JSD": 0.1561311303873851, "_runtime": 5, "_timestamp": 1646309955, "_step": 0, "_wandb": {"runtime": 5}}