{"ARI": 0.07805777504609711, "NMI": 0.0459923371154198, "JSD": 0.22160015102760686, "Precision": 0.6374800637958533, "Recall": 0.6333333333333333, "F1-Score": 0.6287037037037038, "ROC AUC": 0.5944501955371521, "Accuracy": 0.6333333333333333, "MEAPE-mu": 15.278470418529926, "MEAPE-std": 10.870157121270037, "_runtime": 5, "_timestamp": 1646931924, "_step": 0, "_wandb": {"runtime": 5}}