{"ARI": 0.174008164052835, "NMI": 0.12048497019810248, "JSD": 0.19589567255781723, "Precision": 0.6625728791858146, "Recall": 0.6824051475482583, "F1-Score": 0.6402846754893923, "ROC AUC": 0.7221154256774175, "Accuracy": 0.6824051475482583, "MEAPE-mu": 12.553215933214194, "MEAPE-std": 0.3033763173534003, "_runtime": 61, "_timestamp": 1647232306, "_step": 0, "_wandb": {"runtime": 60}}