{"MAE": 25.670368095618098, "RMSE": 30.932175212920093, "MRAE": 0.47168050357407765, "JSD": Infinity, "R^2-Score": 0.026037402313114022, "MEAPE-mu": 5.056700219366895, "MEAPE-std": 0.2770031397863315, "_runtime": 3, "_timestamp": 1645193986, "_step": 0, "_wandb": {"runtime": 3}}