{"ARI": 0.058082355501329154, "NMI": 0.02309621867427426, "JSD": 0.2081435897060142, "Precision": 0.5999990281094137, "Recall": 0.6584032081662413, "F1-Score": 0.6068661944630935, "ROC AUC": 0.6535320088709536, "Accuracy": 0.6584032081662413, "MEAPE-mu": 21.02670249916701, "MEAPE-std": 0.74347383668748, "_runtime": 3, "_timestamp": 1645774867, "_step": 0, "_wandb": {"runtime": 4}}