{"MAE": 23.85413846678591, "RMSE": 30.608685461459814, "MRAE": 0.43497650221652107, "JSD": Infinity, "R^2-Score": 0.2721626358228809, "MEAPE-mu": 1.4561779405563953, "MEAPE-std": 0.5039668072912304, "_runtime": 52, "_timestamp": 1645202014, "_step": 0, "_wandb": {"runtime": 53}}