{"ARI": 0.7206754103404102, "NMI": 0.6188960982825772, "JSD": 0.10584341008480307, "Precision": 0.9088883244504701, "Recall": 0.9080985134235633, "F1-Score": 0.9083445792755069, "ROC AUC": 0.9800826959256397, "Accuracy": 0.9080985134235633, "MEAPE-mu": 1.2495191586538326, "MEAPE-std": 0.16187606397112544, "_runtime": 799, "_timestamp": 1654114123, "_step": 0, "_wandb": {"runtime": 798}}