{"ARI": 0.11848903250002014, "NMI": 0.03797796889435375, "JSD": 0.2018769523713056, "Precision": 0.5725913952129144, "Recall": 0.5611715109829155, "F1-Score": 0.539694823917744, "ROC AUC": 0.6637514479159278, "Accuracy": 0.5611715109829155, "MEAPE-mu": 15.080219421943793, "MEAPE-std": 0.3539872597679881, "_runtime": 5, "_timestamp": 1646932030, "_step": 0, "_wandb": {"runtime": 5}}