{"ARI": -0.01574269358240434, "NMI": 0.04196032604827024, "JSD": 0.21089270074421612, "Precision": 0.5887096774193549, "Recall": 0.6451612903225806, "F1-Score": 0.5769585253456221, "ROC AUC": 0.7087004884654446, "Accuracy": 0.6451612903225806, "MEAPE-mu": 26.904434072003305, "MEAPE-std": 7.970986923855947, "_runtime": 18, "_timestamp": 1645475046, "_step": 0, "_wandb": {"runtime": 19}}