{"ARI": 0.32655108014707457, "NMI": 0.2175237908497471, "JSD": 0.17846501444992477, "Precision": 0.7299852901126849, "Recall": 0.7372531617483914, "F1-Score": 0.7318225534106808, "ROC AUC": 0.7671347797073642, "Accuracy": 0.7372531617483914, "MEAPE-mu": 4.596695640723369, "MEAPE-std": 0.38087693440667975, "_runtime": 45, "_timestamp": 1645867108, "_step": 0, "_wandb": {"runtime": 46}}