{"MAE": 24.705025344348876, "MRAE": 0.3822097901074112, "R^2-Score": 0.2997886654186419, "MEAPE-mu": 8.085856840773324, "MEAPE-std": 5.05611232708435, "RMSE": 30.309352836901592, "JSD": 0.1301468923697164, "_runtime": 8, "_timestamp": 1646306220, "_step": 0, "_wandb": {"runtime": 4}}