{"ARI": 0.08014361996490314, "NMI": 0.031442883652856767, "JSD": 0.19703521647723152, "Precision": 0.7137379889080456, "Recall": 0.7561119873817035, "F1-Score": 0.6928016239575628, "ROC AUC": 0.7257938621490888, "Accuracy": 0.7561119873817035, "MEAPE-mu": 25.793812497588625, "MEAPE-std": 0.7101492479135376, "_runtime": 2, "_timestamp": 1645452572, "_step": 0, "_wandb": {"runtime": 3}}