{"ARI": 0.20746773108579644, "NMI": 0.19486026054485908, "JSD": 0.2105231793411483, "Precision": 0.5173250812796848, "Recall": 0.5946305746616375, "F1-Score": 0.5434050892966272, "ROC AUC": 0.5831928364321987, "Accuracy": 0.5946305746616375, "MEAPE-mu": 17.306192464348122, "MEAPE-std": 0.3561620471022543, "_runtime": 1688, "_timestamp": 1649288860, "_step": 0, "_wandb": {"runtime": 1689}}