{"MAE": 23.188983225184334, "RMSE": 27.450072226074962, "MRAE": 0.41918656993915754, "JSD": 0.1241923441406724, "R^2-Score": 0.5556435518379573, "MEAPE-mu": 6.895929220550365, "MEAPE-std": 5.196113238214784, "_runtime": 2, "_timestamp": 1645118703, "_step": 0, "_wandb": {"runtime": 3}}