{"ARI": 0.0, "NMI": 7.543047442117314e-15, "JSD": Infinity, "Precision": 0.4900772851267945, "Recall": 0.7000552014854218, "F1-Score": 0.576542790726548, "ROC AUC": 0.5273772160066394, "Accuracy": 0.7000552014854218, "MEAPE-mu": 149.99664533509065, "MEAPE-std": 4.059632696176669, "_runtime": 5, "_timestamp": 1653982398, "_step": 0, "_wandb": {"runtime": 5}}