{"ARI": 0.10670602019911714, "NMI": 0.23495265241852056, "JSD": 0.23005001948948328, "Precision": 0.5730858390994277, "Recall": 0.5360550255158643, "F1-Score": 0.5338002523015964, "ROC AUC": 0.6756075256062665, "Accuracy": 0.5360550255158643, "MEAPE-mu": 4.697038641013546, "MEAPE-std": 0.4641596757532378, "_runtime": 140, "_timestamp": 1647551388, "_step": 0, "_wandb": {"runtime": 140}}