{"ARI": -0.014760147601476014, "NMI": 0.04165242516657143, "JSD": 0.23348441101320502, "Precision": 0.5777777777777777, "Recall": 0.5666666666666667, "F1-Score": 0.5717948717948718, "ROC AUC": 0.6962330342765125, "Accuracy": 0.5666666666666667, "MEAPE-mu": 9.817979539858879, "MEAPE-std": 7.028884398714531, "_runtime": 4, "_timestamp": 1645459484, "_step": 0, "_wandb": {"runtime": 5}}