{"MAE": 25.736801690341128, "MRAE": 0.47518563276710407, "R^2-Score": -0.051200014293466545, "MEAPE-mu": 6.56111427122239, "MEAPE-std": 4.881108338792007, "RMSE": 32.5644679782204, "JSD": 0.15633010829714808, "_runtime": 3, "_timestamp": 1646315924, "_step": 0, "_wandb": {"runtime": 4}}