{"ARI": 0.15633049248682757, "NMI": 0.09049568622084567, "JSD": 0.18747416173557796, "Precision": 0.6693098609750722, "Recall": 0.7353914002205072, "F1-Score": 0.6804402643034776, "ROC AUC": 0.7227738875091726, "Accuracy": 0.7353914002205072, "MEAPE-mu": 20.198879364896058, "MEAPE-std": 1.6140097841969647, "_runtime": 5, "_timestamp": 1654277680, "_step": 0, "_wandb": {"runtime": 5}}