{"ARI": 0.3337011441186578, "NMI": 0.23589327929454973, "JSD": 0.17666187576555487, "Precision": 0.7434842700507703, "Recall": 0.7489238961615265, "F1-Score": 0.7409987903777444, "ROC AUC": 0.8663306246193343, "Accuracy": 0.7489238961615265, "MEAPE-mu": 5.870262255967612, "MEAPE-std": 0.3926214162288379, "_runtime": 973, "_timestamp": 1652633237, "_step": 0, "_wandb": {"runtime": 973}}