{"ARI": 0.7016588331617392, "NMI": 0.59689264583276, "JSD": 0.10907886102416692, "Precision": 0.9015829591091774, "Recall": 0.9008653206123808, "F1-Score": 0.9011398227640968, "ROC AUC": 0.9757371588405288, "Accuracy": 0.9008653206123808, "MEAPE-mu": 0.9970033082586778, "MEAPE-std": 0.2102528811451083, "_runtime": 173, "_timestamp": 1646841099, "_step": 0, "_wandb": {"runtime": 172}}