{"MAE": 21.31315910205436, "RMSE": 26.88750507978806, "MRAE": 0.43663669228268254, "JSD": 0.12893238169769938, "R^2-Score": 0.375518331336274, "MEAPE-mu": 6.128782453896563, "MEAPE-std": 5.200261097091355, "_runtime": 2, "_timestamp": 1645117904, "_step": 0, "_wandb": {"runtime": 3}}