{"ARI": 0.45110201873885547, "NMI": 0.3465099177504993, "JSD": 0.15423718726321972, "Precision": 0.803310679031535, "Recall": 0.8039937874417573, "F1-Score": 0.7987003466758118, "ROC AUC": 0.8696532717312574, "Accuracy": 0.8039937874417573, "MEAPE-mu": 3.5501067274133074, "MEAPE-std": 0.2994039244884641, "_runtime": 1559, "_timestamp": 1654202391, "_step": 0, "_wandb": {"runtime": 1560}}