{"MAE": 8.995078855453558, "MRAE": 0.18903820311398045, "R^2-Score": 0.8162101071538866, "MEAPE-mu": 0.22804009185479734, "MEAPE-std": 0.13397285075427914, "RMSE": 14.652876692907519, "JSD": Infinity, "_runtime": 12079, "_timestamp": 1650338876, "_step": 0, "_wandb": {"runtime": 12078}}