{"ARI": 0.13949671698034158, "NMI": 0.053749253884450655, "JSD": 0.214326592909083, "Precision": 0.5812431651878844, "Recall": 0.6285777679165743, "F1-Score": 0.5895316444963499, "ROC AUC": 0.6674921912030717, "Accuracy": 0.6285777679165743, "MEAPE-mu": 9.915475004246362, "MEAPE-std": 0.42242927258117, "_runtime": 127, "_timestamp": 1647550784, "_step": 0, "_wandb": {"runtime": 126}}