{"ARI": 0.015722558506390497, "NMI": 0.08686609592658351, "JSD": 0.22479013299902584, "Precision": 0.4633049297114434, "Recall": 0.5751941424450854, "F1-Score": 0.49572788627532244, "ROC AUC": 0.5598120049591849, "Accuracy": 0.5751941424450854, "MEAPE-mu": 28.474604406491736, "MEAPE-std": 0.33973295842207935, "_runtime": 135, "_timestamp": 1647664261, "_step": 0, "_wandb": {"runtime": 136}}