{"ARI": 0.03422779762399269, "NMI": 0.16166916724652136, "JSD": 0.46609442941051077, "Precision": 0.4590570719602977, "Recall": 0.16129032258064516, "F1-Score": 0.21281362007168456, "Accuracy": 0.16129032258064516, "MEAPE-mu": 31.805266243906235, "MEAPE-std": 11.973096659796996, "_runtime": 3, "_timestamp": 1645621825, "_step": 0, "_wandb": {"runtime": 4}}