{"MAE": 18.993919983883526, "MRAE": 0.2965583367873667, "R^2-Score": 0.026106483838229888, "MEAPE-mu": 11.392981968195006, "MEAPE-std": 5.240374383536708, "RMSE": 22.356957161195236, "JSD": 0.09799660791891887, "_runtime": 4, "_timestamp": 1646306993, "_step": 0, "_wandb": {"runtime": 4}}