{"ARI": 0.0, "NMI": 0.0, "JSD": 0.1787843262397188, "Precision": 0.49, "Recall": 0.7, "F1-Score": 0.5764705882352941, "ROC AUC": 0.643495514147688, "Accuracy": 0.7, "MEAPE-mu": 34.01940829381406, "MEAPE-std": 6.500042163386443, "_runtime": 20, "_timestamp": 1645475208, "_step": 0, "_wandb": {"runtime": 20}}