{"ARI": 0.149084212705875, "NMI": 0.10360283943161211, "JSD": 0.22034242581198182, "Precision": 0.5752008430018448, "Recall": 0.6183270468160639, "F1-Score": 0.5828227728681581, "ROC AUC": 0.6340093953484842, "Accuracy": 0.6183270468160639, "MEAPE-mu": 16.68774189052025, "MEAPE-std": 0.4243649577695934, "_runtime": 5, "_timestamp": 1646930702, "_step": 0, "_wandb": {"runtime": 5}}