{"ARI": 0.30498314131906434, "NMI": 0.20555134131936664, "JSD": 0.18867373153543568, "Precision": 0.6899196095712027, "Recall": 0.6630130907477257, "F1-Score": 0.6735883569699055, "ROC AUC": 0.8215437234646411, "Accuracy": 0.6630130907477257, "MEAPE-mu": 5.927316058614349, "MEAPE-std": 0.37060385944980045, "_runtime": 12, "_timestamp": 1648107495, "_step": 0, "_wandb": {"runtime": 11}}