{"MAE": 20.217284127746197, "RMSE": 24.078272882170243, "MRAE": 0.38487220837169284, "JSD": 0.10260625437682801, "R^2-Score": 0.48198219505931905, "MEAPE-mu": 4.346029706623695, "MEAPE-std": 3.104344406483267, "_runtime": 2, "_timestamp": 1645116649, "_step": 0, "_wandb": {"runtime": 3}}