{"ARI": 0.7853598238751724, "NMI": 0.6548857736038788, "JSD": 0.09098687766688454, "Precision": 0.9320400647477283, "Recall": 0.9327378782355086, "F1-Score": 0.9311937379062788, "ROC AUC": 0.985135114011963, "Accuracy": 0.9327378782355086, "MEAPE-mu": 3.0000524195305474, "MEAPE-std": 0.34336349208093003, "_runtime": 602, "_timestamp": 1647227201, "_step": 0, "_wandb": {"runtime": 602}}