{"ARI": -0.014653645492535824, "NMI": 0.07147834968310372, "JSD": 0.26491784466493207, "Precision": 0.4270141556871748, "Recall": 0.4698025293987131, "F1-Score": 0.44394725075799985, "ROC AUC": 0.45428617560283835, "Accuracy": 0.4698025293987131, "MEAPE-mu": 10.735578398150436, "MEAPE-std": 0.41413305378101045, "_runtime": 6, "_timestamp": 1646916271, "_step": 0, "_wandb": {"runtime": 5}}