{"ARI": 0.033394283514579924, "NMI": 0.040133660878506484, "JSD": 0.22199022717694472, "Precision": 0.6089330024813896, "Recall": 0.6774193548387096, "F1-Score": 0.6370967741935483, "ROC AUC": 0.699249165739711, "Accuracy": 0.6774193548387096, "MEAPE-mu": 13.229856074975478, "MEAPE-std": 8.63141227458579, "_runtime": 14, "_timestamp": 1645465010, "_step": 0, "_wandb": {"runtime": 15}}