{"MAE": 24.52372966862122, "RMSE": 31.00711993781745, "MRAE": 0.45095950829590004, "JSD": Infinity, "R^2-Score": 0.2312726112723994, "MEAPE-mu": 0.44617179425871695, "MEAPE-std": 0.3515744532292381, "_runtime": 4, "_timestamp": 1645429863, "_step": 0, "_wandb": {"runtime": 5}}