{"ARI": 0.08045368035145212, "NMI": 0.02538947708894977, "JSD": 0.2127568361124755, "Precision": 0.6280549682739146, "Recall": 0.5453882610280715, "F1-Score": 0.5792137925142257, "ROC AUC": 0.6381332370912157, "Accuracy": 0.5453882610280715, "MEAPE-mu": 3.8741167466105795, "MEAPE-std": 0.8343871180221325, "_runtime": 5, "_timestamp": 1645475056, "_step": 0, "_wandb": {"runtime": 5}}