{"ARI": 0.1776937618147448, "NMI": 0.12548721388185685, "JSD": 0.1976628265831405, "Precision": 0.6486666666666667, "Recall": 0.7, "F1-Score": 0.6631093544137023, "ROC AUC": 0.6183459857372902, "Accuracy": 0.7, "MEAPE-mu": 15.24205473471191, "MEAPE-std": 7.945209471613027, "_runtime": 15, "_timestamp": 1646944801, "_step": 0, "_wandb": {"runtime": 15}}