{"MAE": 26.813660442055532, "MRAE": 0.530431628430357, "R^2-Score": 0.036440390627042296, "MEAPE-mu": 2.930929145870293, "MEAPE-std": 0.31936744177947396, "RMSE": 33.08792856370022, "JSD": Infinity, "_runtime": 2, "_timestamp": 1645985782, "_step": 0, "_wandb": {"runtime": 4}}