{"ARI": 0.7339574861295335, "NMI": 0.63634142677165, "JSD": 0.10237751756631804, "Precision": 0.9143140126397018, "Recall": 0.912713556689594, "F1-Score": 0.9131562866861362, "ROC AUC": 0.9827582734623579, "Accuracy": 0.912713556689594, "MEAPE-mu": 2.133635241680737, "MEAPE-std": 0.19445827797244594, "_runtime": 10128, "_timestamp": 1655331891, "_step": 0, "_wandb": {"runtime": 10127}}