{"MAE": 22.140311453417112, "RMSE": 27.4091928204685, "MRAE": 0.34610496930566187, "JSD": 0.12402618186970803, "R^2-Score": 0.1360608653721621, "MEAPE-mu": 5.879112642493186, "MEAPE-std": 4.543657128987511, "_runtime": 1, "_timestamp": 1645107623, "_step": 0, "_wandb": {"runtime": 3}}