{"ARI": 0.21315460104844666, "NMI": 0.13759064487495073, "JSD": 0.18953443226342317, "Precision": 0.6744625624823208, "Recall": 0.6945640115376082, "F1-Score": 0.6713338325809887, "ROC AUC": 0.797406276917106, "Accuracy": 0.6945640115376082, "MEAPE-mu": 11.736942471619175, "MEAPE-std": 0.33474011358940076, "_runtime": 9, "_timestamp": 1645807619, "_step": 0, "_wandb": {"runtime": 10}}