{"MAE": 19.525102055459296, "MRAE": 0.41442929017861097, "R^2-Score": 0.4487102808455459, "MEAPE-mu": 0.398421832858171, "MEAPE-std": 0.23100066832225372, "RMSE": 25.243781406338297, "JSD": Infinity, "_runtime": 5, "_timestamp": 1647019167, "_step": 0, "_wandb": {"runtime": 5}}