{"ARI": 0.9953699163958069, "NMI": 0.9879022041919913, "JSD": 0.014005372387379849, "Precision": 0.9987266123921976, "Recall": 0.9987240247903755, "F1-Score": 0.9987245272726942, "ROC AUC": 0.9999930618614008, "Accuracy": 0.9987240247903755, "MEAPE-mu": 0.0809085637406678, "MEAPE-std": 0.0574819852245704, "_runtime": 110, "_timestamp": 1646793350, "_step": 0, "_wandb": {"runtime": 112}}