{"ARI": 0.7005993677333716, "NMI": 0.5973575361339747, "JSD": 0.10971716816905877, "Precision": 0.901438028428718, "Recall": 0.9008653206123808, "F1-Score": 0.9010858762528509, "ROC AUC": 0.9752057909592583, "Accuracy": 0.9008653206123808, "MEAPE-mu": 0.9014612007650105, "MEAPE-std": 0.22162669654425576, "_runtime": 148, "_timestamp": 1646841937, "_step": 0, "_wandb": {"runtime": 149}}