{"MAE": 26.960733434278684, "MRAE": 0.5799274756576076, "R^2-Score": 0.029254076381533434, "MEAPE-mu": 5.412067112997163, "MEAPE-std": 0.2632593061131663, "RMSE": 33.65683881222647, "JSD": Infinity, "_runtime": 4639, "_timestamp": 1646560007, "_step": 0, "_wandb": {"runtime": 4639}}