{"MAE": 21.139490307564497, "MRAE": 0.3605142525442965, "R^2-Score": 0.4149382046353528, "MEAPE-mu": 2.3482272686842407, "MEAPE-std": 0.44649978451976874, "RMSE": 27.61535723539325, "JSD": 0.122614446780432, "_runtime": 178, "_timestamp": 1646514933, "_step": 0, "_wandb": {"runtime": 179}}