{"MAE": 21.430192195076266, "MRAE": 0.4047313350975323, "R^2-Score": 0.43921700351313, "MEAPE-mu": 0.740751070206782, "MEAPE-std": 0.4209571916657358, "RMSE": 26.88198029997438, "JSD": 0.12367989955162537, "_runtime": 8, "_timestamp": 1646320167, "_step": 0, "_wandb": {"runtime": 9}}