{"ARI": 0.7784770399900944, "NMI": 0.6593055394334896, "JSD": 0.09606973976911401, "Precision": 0.9324010751517796, "Recall": 0.9327378782355086, "F1-Score": 0.932471035780981, "ROC AUC": 0.9856354914771075, "Accuracy": 0.9327378782355086, "MEAPE-mu": 0.5803727143960209, "MEAPE-std": 0.33500373163547054, "_runtime": 388, "_timestamp": 1653420917, "_step": 0, "_wandb": {"runtime": 390}}