{"MAE": 27.572447304193474, "MRAE": 0.6132540605209468, "R^2-Score": -0.0017634409346105606, "MEAPE-mu": 0.5545665569125713, "MEAPE-std": 0.2694031623064154, "RMSE": 34.27951013617891, "JSD": 0.17816197370122722, "_runtime": 3, "_timestamp": 1645989073, "_step": 0, "_wandb": {"runtime": 4}}