{"ARI": 0.26851396281802054, "NMI": 0.21896709105184167, "JSD": 0.1808103559027308, "Precision": 0.719105485309968, "Recall": 0.7146216995784336, "F1-Score": 0.6660177425078476, "ROC AUC": 0.7663152213724562, "Accuracy": 0.7146216995784336, "MEAPE-mu": 24.486856613103946, "MEAPE-std": 0.2838113657771637, "_runtime": 2574, "_timestamp": 1648441387, "_step": 0, "_wandb": {"runtime": 2574}}