{"MAE": 19.987349418850194, "MRAE": 0.3455618596313619, "R^2-Score": 0.4934020896758091, "MEAPE-mu": 0.48159246525588045, "MEAPE-std": 0.3463204293962479, "RMSE": 26.063041419680957, "JSD": Infinity, "_runtime": 4, "_timestamp": 1646485026, "_step": 0, "_wandb": {"runtime": 5}}