{"MAE": 21.307408397114184, "RMSE": 26.994355068201333, "MRAE": 0.35683486951451004, "JSD": 0.13428583788011758, "R^2-Score": 0.20075864605769844, "MEAPE-mu": 5.505764374999833, "MEAPE-std": 3.940968679508268, "_runtime": 2, "_timestamp": 1645117895, "_step": 0, "_wandb": {"runtime": 3}}