{"MAE": 28.303871103389547, "RMSE": 37.28785380761556, "MRAE": 0.4751983571791226, "JSD": Infinity, "R^2-Score": 0.2549462364049069, "MEAPE-mu": 5.950900074420433, "MEAPE-std": 0.5353821456823534, "_runtime": 256, "_timestamp": 1645536272, "_step": 0, "_wandb": {"runtime": 257}}