{"ARI": 0.14783832966247365, "NMI": 0.06978006959717382, "JSD": 0.20474350113264067, "Precision": 0.6019184041763546, "Recall": 0.6430885289549589, "F1-Score": 0.5953761587992495, "ROC AUC": 0.7175031671791473, "Accuracy": 0.6430885289549589, "MEAPE-mu": 21.504386815016332, "MEAPE-std": 0.36290581563650326, "_runtime": 6, "_timestamp": 1646929558, "_step": 0, "_wandb": {"runtime": 5}}