{"MAE": 27.6885144343475, "MRAE": 0.5307656304947218, "R^2-Score": 0.12331402276890646, "MEAPE-mu": 8.895025324595712, "MEAPE-std": 6.817925639916121, "RMSE": 33.846118268934305, "JSD": 0.14738576102529724, "_runtime": 3, "_timestamp": 1646297348, "_step": 0, "_wandb": {"runtime": 4}}