{"ARI": 0.31840168797422935, "NMI": 0.18328521714275176, "JSD": 0.17908591907785246, "Precision": 0.8051180586757208, "Recall": 0.8166403785488959, "F1-Score": 0.8002298290712114, "ROC AUC": 0.8419688979230932, "Accuracy": 0.8166403785488959, "MEAPE-mu": 12.928838619930566, "MEAPE-std": 0.7731161501202539, "_runtime": 30, "_timestamp": 1645782025, "_step": 0, "_wandb": {"runtime": 30}}