{"ARI": 0.019245358146691264, "NMI": 0.007100952522429002, "JSD": 0.22776836535369666, "Precision": 0.5109936247831334, "Recall": 0.591036165964056, "F1-Score": 0.522028105650739, "ROC AUC": 0.5583904431015312, "Accuracy": 0.591036165964056, "MEAPE-mu": 21.26681288365512, "MEAPE-std": 0.3728663039804395, "_runtime": 1596, "_timestamp": 1647704212, "_step": 0, "_wandb": {"runtime": 1595}}