{"MAE": 22.16225932491737, "MRAE": 0.4667676988593821, "R^2-Score": 0.2966990096432899, "MEAPE-mu": 0.4913131830421074, "MEAPE-std": 0.2620875845133201, "RMSE": 28.5970633392863, "JSD": Infinity, "_runtime": 4, "_timestamp": 1646988342, "_step": 0, "_wandb": {"runtime": 5}}