{"ARI": -0.02990661001315124, "NMI": 0.06326752189349442, "JSD": 0.19046484175700162, "Precision": 0.6888183281683262, "Recall": 0.35909588042289464, "F1-Score": 0.3172721781019977, "ROC AUC": 0.7388759270835784, "Accuracy": 0.35909588042289464, "MEAPE-mu": 74.29855575338328, "MEAPE-std": 1.521320016342572, "_runtime": 6, "_timestamp": 1646920117, "_step": 0, "_wandb": {"runtime": 6}}