{"ARI": 0.06467724753740779, "NMI": 0.11227297460487666, "JSD": 0.18119843637028937, "Precision": 0.7529251168355168, "Recall": 0.32806745063234966, "F1-Score": 0.20242113490314356, "ROC AUC": 0.7354752090827148, "Accuracy": 0.32806745063234966, "MEAPE-mu": 74.21347207709928, "MEAPE-std": 0.5938599206102255, "_runtime": 3, "_timestamp": 1645788537, "_step": 0, "_wandb": {"runtime": 4}}