{"ARI": 0.7046709935729669, "NMI": 0.5830757633857415, "JSD": 0.10842732610798389, "Precision": 0.8987751152662271, "Recall": 0.8994453072997559, "F1-Score": 0.8986610427789415, "ROC AUC": 0.9680822652616897, "Accuracy": 0.8994453072997559, "MEAPE-mu": 2.328259411862744, "MEAPE-std": 0.21316901973899163, "_runtime": 15, "_timestamp": 1647592479, "_step": 0, "_wandb": {"runtime": 16}}