{"ARI": 0.0344376542874381, "NMI": 0.05003384260474945, "JSD": 0.18708147601754413, "Precision": 0.6526203466012847, "Recall": 0.6244508542267584, "F1-Score": 0.5116689513883073, "ROC AUC": 0.7208328339039719, "Accuracy": 0.6244508542267584, "MEAPE-mu": 36.06444560442697, "MEAPE-std": 0.2153066280951029, "_runtime": 1238, "_timestamp": 1648674373, "_step": 0, "_wandb": {"runtime": 1236}}