{"ARI": -0.05366294844739222, "NMI": 0.08223051420405847, "JSD": 0.21687652614057043, "Precision": 0.6083333333333333, "Recall": 0.4666666666666667, "F1-Score": 0.4929292929292929, "ROC AUC": 0.5960259949390384, "Accuracy": 0.4666666666666667, "MEAPE-mu": 37.67854729076126, "MEAPE-std": 17.723442669504735, "_runtime": 4, "_timestamp": 1645459495, "_step": 0, "_wandb": {"runtime": 4}}