{"ARI": 0.12472934863795546, "NMI": 0.10683184459172115, "JSD": 0.20433702982188737, "Precision": 0.6239648073791634, "Recall": 0.5809629465276237, "F1-Score": 0.5917826113643987, "ROC AUC": 0.6971943864902113, "Accuracy": 0.5809629465276237, "MEAPE-mu": 14.672910171592525, "MEAPE-std": 0.46674455363131373, "_runtime": 3, "_timestamp": 1645787375, "_step": 0, "_wandb": {"runtime": 4}}