{"ARI": 0.20880877101159714, "NMI": 0.12903713481115645, "JSD": 0.18182120574094018, "Precision": 0.7464123562185375, "Recall": 0.7519294377067255, "F1-Score": 0.7070861330001436, "ROC AUC": 0.7776314563474701, "Accuracy": 0.7519294377067255, "MEAPE-mu": 19.0446207584161, "MEAPE-std": 1.7177205759392034, "_runtime": 152, "_timestamp": 1654312327, "_step": 0, "_wandb": {"runtime": 154}}