{"MAE": 14.1189320689075, "MRAE": 0.28069455055128256, "R^2-Score": 0.26732259256482516, "MEAPE-mu": 4.908795928192633, "MEAPE-std": 0.1984199433400784, "RMSE": 18.319079266340996, "JSD": 0.10116577631842416, "_runtime": 7, "_timestamp": 1648646757, "_step": 0, "_wandb": {"runtime": 7}}