{"MAE": 20.128981705830313, "MRAE": 0.38279193013543555, "R^2-Score": 0.5266827090623842, "MEAPE-mu": 3.8068231302869227, "MEAPE-std": 0.40491185024006554, "RMSE": 24.763646269162955, "JSD": 0.11456200033515566, "_runtime": 12, "_timestamp": 1646487149, "_step": 0, "_wandb": {"runtime": 12}}