{"ARI": 0.11794665659227552, "NMI": 0.10432510112793632, "JSD": 0.20820996650206575, "Precision": 0.6059241003563509, "Recall": 0.5819392056800532, "F1-Score": 0.5862653112539518, "ROC AUC": 0.6756377132412387, "Accuracy": 0.5819392056800532, "MEAPE-mu": 12.68063177553655, "MEAPE-std": 0.4025829004364614, "_runtime": 6, "_timestamp": 1646915896, "_step": 0, "_wandb": {"runtime": 5}}