{"ARI": 0.3226820528290982, "NMI": 0.29325656051064475, "JSD": 0.1614426050169134, "Precision": 0.6730972197580631, "Recall": 0.7566895939649434, "F1-Score": 0.7073122225775051, "ROC AUC": 0.7608771035061155, "Accuracy": 0.7566895939649434, "MEAPE-mu": 11.757910287200275, "MEAPE-std": 0.3212207364574503, "_runtime": 447, "_timestamp": 1647386549, "_step": 0, "_wandb": {"runtime": 447}}