{"ARI": -0.10131237983783332, "NMI": 0.07014587896903016, "JSD": 0.17208018919256782, "Precision": 0.056451612903225805, "Recall": 0.22580645161290322, "F1-Score": 0.0903225806451613, "ROC AUC": 0.6011904761904762, "Accuracy": 0.22580645161290322, "MEAPE-mu": 90.9038314388361, "MEAPE-std": 19.225501399394563, "_runtime": 5, "_timestamp": 1646932939, "_step": 0, "_wandb": {"runtime": 5}}