{"MAE": 21.487319192503758, "RMSE": 28.399334717378363, "MRAE": 0.3749574210049977, "JSD": Infinity, "R^2-Score": 0.10500468437545607, "MEAPE-mu": 0.7351534678967278, "MEAPE-std": 0.44856451639815864, "_runtime": 5, "_timestamp": 1645517885, "_step": 0, "_wandb": {"runtime": 5}}