{"ARI": 0.004391058208738569, "NMI": 0.10208914600639817, "JSD": 0.4364340644267508, "Precision": 0.5483870967741935, "Recall": 0.41935483870967744, "F1-Score": 0.4697226938313525, "Accuracy": 0.41935483870967744, "MEAPE-mu": 48.84069657033483, "MEAPE-std": 10.017968186397937, "_runtime": 3, "_timestamp": 1645616872, "_step": 0, "_wandb": {"runtime": 3}}