{"ARI": 0.8237210488657971, "NMI": 0.719911494419354, "JSD": 0.08422506521893862, "Precision": 0.9478636426875284, "Recall": 0.948180815876516, "F1-Score": 0.9477498822977509, "ROC AUC": 0.9884392730119028, "Accuracy": 0.948180815876516, "MEAPE-mu": 1.7263335885827704, "MEAPE-std": 0.7909681888261568, "_runtime": 115, "_timestamp": 1654114601, "_step": 0, "_wandb": {"runtime": 117}}