{"MAE": 26.82224725165354, "RMSE": 35.47786305171694, "MRAE": 0.53927247307983, "JSD": 0.16070815761223112, "R^2-Score": 0.27785567814741086, "MEAPE-mu": 7.689172179226884, "MEAPE-std": 5.622543386393385, "_runtime": 2, "_timestamp": 1645185547, "_step": 0, "_wandb": {"runtime": 3}}