{"MAE": 3.175993437841779, "MRAE": 0.05921411206578879, "R^2-Score": 0.9119054147264452, "MEAPE-mu": 0.5436018395036823, "MEAPE-std": 0.1913906419890866, "RMSE": 10.695349175444825, "JSD": 0.04882206737067478, "_runtime": 125, "_timestamp": 1646552147, "_step": 0, "_wandb": {"runtime": 127}}