{"ARI": 0.09789752107976224, "NMI": 0.07654309717131262, "JSD": 0.2097952902886974, "Precision": 0.66448891846433, "Recall": 0.5796573095151294, "F1-Score": 0.601998184229885, "ROC AUC": 0.6813091878079868, "Accuracy": 0.5796573095151294, "MEAPE-mu": 22.45483961297343, "MEAPE-std": 1.1658333101317233, "_runtime": 6, "_timestamp": 1646918175, "_step": 0, "_wandb": {"runtime": 5}}