{"ARI": -0.0033195020746887966, "NMI": 0.01954114962728362, "JSD": Infinity, "Precision": 0.48709677419354835, "Recall": 0.41935483870967744, "F1-Score": 0.4379652605459057, "ROC AUC": 0.36190476190476195, "Accuracy": 0.41935483870967744, "MEAPE-mu": 129.21771523521423, "MEAPE-std": 94.72415302015358, "_runtime": 4, "_timestamp": 1653671975, "_step": 0, "_wandb": {"runtime": 5}}