{"ARI": -0.018624083021720063, "NMI": 0.08235801482176143, "JSD": 0.1914643300542794, "Precision": 0.6891028341335448, "Recall": 0.3737596471885336, "F1-Score": 0.33725778960999514, "ROC AUC": 0.7257046134681066, "Accuracy": 0.3737596471885336, "MEAPE-mu": 70.94616956090623, "MEAPE-std": 3.174281456612135, "_runtime": 4, "_timestamp": 1654163249, "_step": 0, "_wandb": {"runtime": 6}}