{"MAE": 25.077878212579197, "RMSE": 31.077484617652946, "MRAE": 0.46057894972721625, "JSD": 0.15902696521903248, "R^2-Score": -0.010068058274745662, "MEAPE-mu": 6.8911196610008645, "MEAPE-std": 4.996742936836867, "_runtime": 2, "_timestamp": 1645190233, "_step": 0, "_wandb": {"runtime": 4}}