{"MAE": 22.78882095584134, "MRAE": 0.36171762698216364, "R^2-Score": 0.29384947442845477, "MEAPE-mu": 1.6244323486880166, "MEAPE-std": 0.4919383776043631, "RMSE": 29.281662506459543, "JSD": 0.12794476607116834, "_runtime": 56, "_timestamp": 1646410083, "_step": 0, "_wandb": {"runtime": 56}}