{"ARI": 0.7293863579230607, "NMI": 0.6301978509578384, "JSD": 0.10417033770690899, "Precision": 0.9121794893971509, "Recall": 0.9117372975371644, "F1-Score": 0.911821640487238, "ROC AUC": 0.98158238163132, "Accuracy": 0.9117372975371644, "MEAPE-mu": 0.8327326080729719, "MEAPE-std": 0.21969008922647484, "_runtime": 816, "_timestamp": 1654112505, "_step": 0, "_wandb": {"runtime": 818}}