{"MAE": 26.304591354584797, "RMSE": 35.21303621685093, "MRAE": 0.5645995327978932, "JSD": 0.16063560845010377, "R^2-Score": 0.28859642773036476, "MEAPE-mu": 5.567447448953141, "MEAPE-std": 4.123474230855875, "_runtime": 2, "_timestamp": 1645189312, "_step": 0, "_wandb": {"runtime": 3}}