{"ARI": 0.12779688888047663, "NMI": 0.05108067835335719, "JSD": 0.19842004895333568, "Precision": 0.670563612993793, "Recall": 0.7133406835722161, "F1-Score": 0.6570730404150702, "ROC AUC": 0.6982649597597255, "Accuracy": 0.7133406835722161, "MEAPE-mu": 19.639753790365788, "MEAPE-std": 1.8614913728360298, "_runtime": 3, "_timestamp": 1654268788, "_step": 0, "_wandb": {"runtime": 4}}