{"ARI": -0.018574805808848363, "NMI": 0.028281848860785226, "JSD": Infinity, "Precision": 0.5586870026525199, "Recall": 0.4482758620689655, "F1-Score": 0.48747731397459165, "ROC AUC": 0.32142857142857145, "Accuracy": 0.4482758620689655, "MEAPE-mu": 80.39451592812743, "MEAPE-std": 37.72048376139576, "_runtime": 3, "_timestamp": 1653672678, "_step": 0, "_wandb": {"runtime": 5}}