{"MAE": 30.061137638353838, "RMSE": 37.98300882501452, "MRAE": 0.6336792714195166, "JSD": 0.16982767517172004, "R^2-Score": 0.29675372128399446, "MEAPE-mu": 6.79330325269692, "MEAPE-std": 5.327543199090314, "_runtime": 2, "_timestamp": 1645185294, "_step": 0, "_wandb": {"runtime": 3}}