{"ARI": 0.01568238041633465, "NMI": 0.0012733982160057671, "JSD": Infinity, "Precision": 0.6401190847809028, "Recall": 0.6354495268138801, "F1-Score": 0.63773505269597, "ROC AUC": 0.5223070933278375, "Accuracy": 0.6354495268138801, "MEAPE-mu": 3.9823672879960794, "MEAPE-std": 2.4693270734075825, "_runtime": 17, "_timestamp": 1653730962, "_step": 0, "_wandb": {"runtime": 18}}