{"ARI": 0.09512046868417574, "NMI": 0.0943306522969334, "JSD": 0.23052684806043658, "Precision": 0.5870780616913222, "Recall": 0.5644996671843798, "F1-Score": 0.572372901042927, "ROC AUC": 0.7038268484318632, "Accuracy": 0.5644996671843798, "MEAPE-mu": 7.894017312672096, "MEAPE-std": 0.49274418891286387, "_runtime": 11, "_timestamp": 1648107372, "_step": 0, "_wandb": {"runtime": 11}}