{"MAE": 11.012317376082853, "MRAE": 0.20022566134565867, "R^2-Score": 0.6829203813696827, "MEAPE-mu": 2.911085177932137, "MEAPE-std": 0.19224892834651958, "RMSE": 19.361172873696304, "JSD": 0.09576241295876675, "_runtime": 3294, "_timestamp": 1649047765, "_step": 0, "_wandb": {"runtime": 3294}}