{"MAE": 3.592821339187777, "MRAE": 0.06194167300592249, "R^2-Score": 0.9750889857432159, "MEAPE-mu": 0.19769830052806683, "MEAPE-std": 0.07876779163266091, "RMSE": 5.669525933961198, "JSD": Infinity, "_runtime": 827, "_timestamp": 1646696479, "_step": 0, "_wandb": {"runtime": 828}}