{"MAE": 10.901913689815842, "MRAE": 0.1793292675978552, "R^2-Score": 0.6892333823351398, "MEAPE-mu": 0.4938395531557589, "MEAPE-std": 0.17961371657015104, "RMSE": 19.0927695588845, "JSD": 0.09188443608964694, "_runtime": 10, "_timestamp": 1646998143, "_step": 0, "_wandb": {"runtime": 11}}