{"ARI": 0.026136705141166398, "NMI": 0.022152116557463002, "JSD": 0.17818669014155497, "Precision": 0.6742032493638282, "Recall": 0.7019686474662779, "F1-Score": 0.5895989728394128, "ROC AUC": 0.7081127756880347, "Accuracy": 0.7019686474662779, "MEAPE-mu": 33.43836295816517, "MEAPE-std": 0.47196271148717267, "_runtime": 5, "_timestamp": 1646919814, "_step": 0, "_wandb": {"runtime": 5}}