{"ARI": -0.040386803185438, "NMI": 0.027484918779312785, "JSD": 0.2094482676392456, "Precision": 0.45161290322580644, "Recall": 0.6451612903225806, "F1-Score": 0.5313092979127134, "ROC AUC": 0.3080790250036272, "Accuracy": 0.6451612903225806, "MEAPE-mu": 32.051568796820895, "MEAPE-std": 7.7827739436577845, "_runtime": 2, "_timestamp": 1653930808, "_step": 0, "_wandb": {"runtime": 4}}