{"ARI": 0.15995491230478662, "NMI": 0.11313269732424684, "JSD": 0.1924513598903445, "Precision": 0.7341533505499307, "Recall": 0.7331863285556781, "F1-Score": 0.68870660230046, "ROC AUC": 0.7604094777734077, "Accuracy": 0.7331863285556781, "MEAPE-mu": 19.016798929157332, "MEAPE-std": 1.6828972766598356, "_runtime": 233, "_timestamp": 1654313459, "_step": 0, "_wandb": {"runtime": 234}}