{"MAE": 24.268913634894734, "RMSE": 29.3203436506864, "MRAE": 0.36658311029857, "JSD": 0.12385075854727354, "R^2-Score": 0.3108334315560978, "MEAPE-mu": 5.359639790964313, "MEAPE-std": 3.781578226893314, "_runtime": 5, "_timestamp": 1645483048, "_step": 0, "_wandb": {"runtime": 5}}