{"ARI": 0.09071112287406709, "NMI": 0.03928625768308949, "JSD": 0.19663691937083722, "Precision": 0.5763237454707, "Recall": 0.6306634124694919, "F1-Score": 0.5487192576694522, "ROC AUC": 0.7159402115373936, "Accuracy": 0.6306634124694919, "MEAPE-mu": 29.27279988283971, "MEAPE-std": 0.3173366345647751, "_runtime": 9, "_timestamp": 1646926151, "_step": 0, "_wandb": {"runtime": 9}}