{"MAE": 20.051859892584357, "MRAE": 0.46385776134804224, "R^2-Score": 0.4743216910956245, "MEAPE-mu": 5.951977793665805, "MEAPE-std": 0.24190589012560684, "RMSE": 24.898727215941552, "JSD": 0.1312181700022258, "_runtime": 28, "_timestamp": 1647528010, "_step": 0, "_wandb": {"runtime": 28}}