{"ARI": 0.12021689572245084, "NMI": 0.11205213222163188, "JSD": 0.18322191550187267, "Precision": 0.6159131468964412, "Recall": 0.6394053694253383, "F1-Score": 0.5815343031394693, "ROC AUC": 0.8043977953824786, "Accuracy": 0.6394053694253383, "MEAPE-mu": 25.004996392722536, "MEAPE-std": 0.292405831197156, "_runtime": 8, "_timestamp": 1646930248, "_step": 0, "_wandb": {"runtime": 8}}