{"MAE": 19.609476261170116, "RMSE": 24.710504056141513, "MRAE": 0.26041901710947, "JSD": 0.1121943494781207, "R^2-Score": 0.24263569644914718, "MEAPE-mu": 6.587313188369523, "MEAPE-std": 3.8071576845310884, "_runtime": 2, "_timestamp": 1645108323, "_step": 0, "_wandb": {"runtime": 3}}