{"MAE": 22.32200309264554, "MRAE": 0.48839538785671976, "R^2-Score": 0.33932239257612284, "MEAPE-mu": 8.129747381133111, "MEAPE-std": 0.26362655518074574, "RMSE": 27.962759579547377, "JSD": 0.14036930085386395, "_runtime": 15, "_timestamp": 1646991425, "_step": 0, "_wandb": {"runtime": 15}}