{"MAE": 17.836966824644552, "MRAE": 0.30618588737574315, "R^2-Score": 0.5678970958480549, "MEAPE-mu": 3.7153540146110253, "MEAPE-std": 0.39307937311600566, "RMSE": 24.13545623980941, "JSD": 0.10539064617009468, "_runtime": 60, "_timestamp": 1646422324, "_step": 0, "_wandb": {"runtime": 62}}