{"MAE": 24.842957840941313, "MRAE": 0.4770676600723047, "R^2-Score": 0.10241522000680481, "MEAPE-mu": 4.68714286112092, "MEAPE-std": 3.6713196258542085, "RMSE": 29.715586365122, "JSD": 0.15456551773802277, "_runtime": 7, "_timestamp": 1646306271, "_step": 0, "_wandb": {"runtime": 4}}