{"ARI": 0.0361060866231434, "NMI": 0.03218149585808866, "JSD": 0.19707903480124994, "Precision": 0.5197858319490879, "Recall": 0.6124694919014866, "F1-Score": 0.5076235112483191, "ROC AUC": 0.6453726630296889, "Accuracy": 0.6124694919014866, "MEAPE-mu": 32.555829485561034, "MEAPE-std": 0.290020558321366, "_runtime": 2188, "_timestamp": 1648678002, "_step": 0, "_wandb": {"runtime": 2188}}