{"MAE": 25.796774193548387, "MRAE": 0.42754758027717815, "R^2-Score": 0.14612350356899317, "MEAPE-mu": 5.664751454187155, "MEAPE-std": 3.6614064068335086, "RMSE": 32.08490248920722, "JSD": 0.13650726327888946, "_runtime": 3, "_timestamp": 1646307662, "_step": 0, "_wandb": {"runtime": 4}}