{"MAE": 21.601825897561266, "RMSE": 28.261659688580206, "MRAE": 0.3186872672080212, "JSD": 0.12074076278550978, "R^2-Score": 0.1156809218791357, "MEAPE-mu": 4.1141664568927965, "MEAPE-std": 3.0482959314510913, "_runtime": 2, "_timestamp": 1645188826, "_step": 0, "_wandb": {"runtime": 3}}