{"ARI": 0.9195437955493267, "NMI": 0.8744517860590073, "JSD": 0.05890426128621842, "Precision": 0.9763652450331446, "Recall": 0.976347903261593, "F1-Score": 0.9763433839790416, "ROC AUC": 0.9855629904518406, "Accuracy": 0.976347903261593, "MEAPE-mu": 0.1890308285473825, "MEAPE-std": 0.09740147477023138, "_runtime": 618, "_timestamp": 1649612307, "_step": 0, "_wandb": {"runtime": 619}}