{"ARI": 0.1544077967103005, "NMI": 0.07463299447322186, "JSD": 0.19380064265351812, "Precision": 0.7203079721235958, "Recall": 0.7212905577834487, "F1-Score": 0.667233717202183, "ROC AUC": 0.7308553781579749, "Accuracy": 0.7212905577834487, "MEAPE-mu": 19.572221232833154, "MEAPE-std": 0.7022879369428092, "_runtime": 222, "_timestamp": 1645522446, "_step": 0, "_wandb": {"runtime": 222}}