{"ARI": 0.7226986736649699, "NMI": 0.6210680934311624, "JSD": 0.1044092584075226, "Precision": 0.9096830026910983, "Recall": 0.9082760150876414, "F1-Score": 0.9086944201437788, "ROC AUC": 0.9823257928381303, "Accuracy": 0.9082760150876414, "MEAPE-mu": 1.876413941298884, "MEAPE-std": 0.21591138869207438, "_runtime": 33419, "_timestamp": 1649210040, "_step": 0, "_wandb": {"runtime": 33419}}