{"MAE": 26.2841720253968, "MRAE": 0.5226431894977522, "R^2-Score": -0.012248815907808241, "MEAPE-mu": 6.214477023594023, "MEAPE-std": 0.3095263296314845, "RMSE": 32.96613907927232, "JSD": Infinity, "_runtime": 5, "_timestamp": 1647416925, "_step": 0, "_wandb": {"runtime": 5}}