{"MAE": 22.35161290322581, "MRAE": 0.3663375565237326, "R^2-Score": 0.00304881448881289, "MEAPE-mu": 4.338469722435084, "MEAPE-std": 3.343920017473197, "RMSE": 30.00752056272862, "JSD": 0.1272770134512147, "_runtime": 3, "_timestamp": 1646480105, "_step": 0, "_wandb": {"runtime": 4}}