{"ARI": 0.0, "NMI": 7.024775910151136e-16, "JSD": 0.1813021946042139, "Precision": 0.4588969823100936, "Recall": 0.6774193548387096, "F1-Score": 0.5471464019851118, "ROC AUC": 0.4821129757701794, "Accuracy": 0.6774193548387096, "MEAPE-mu": 36.591569180347484, "MEAPE-std": 6.273720182035865, "_runtime": 5, "_timestamp": 1646933620, "_step": 0, "_wandb": {"runtime": 5}}