{"ARI": 0.7184260140745145, "NMI": 0.615361716892626, "JSD": 0.10562387775697826, "Precision": 0.9076391788331557, "Recall": 0.9073885067672509, "F1-Score": 0.9073908609817353, "ROC AUC": 0.9801361082251803, "Accuracy": 0.9073885067672509, "MEAPE-mu": 0.672088920543132, "MEAPE-std": 0.21320937462449532, "_runtime": 2894, "_timestamp": 1647134014, "_step": 0, "_wandb": {"runtime": 2894}}