{"MAE": 25.22962962962963, "RMSE": 33.771539384931565, "MRAE": 0.5098251194776301, "JSD": 0.15582998157826006, "R^2-Score": 0.2737314029769279, "MEAPE-mu": 6.01561758993422, "MEAPE-std": 4.418512763038138, "_runtime": 1, "_timestamp": 1645116889, "_step": 0, "_wandb": {"runtime": 4}}