{"ARI": 0.22121896162528218, "NMI": 0.20306648036155578, "JSD": 0.1798068967158108, "Precision": 0.6416666666666667, "Recall": 0.7333333333333333, "F1-Score": 0.6518518518518519, "ROC AUC": 0.7323786519438694, "Accuracy": 0.7333333333333333, "MEAPE-mu": 24.349051044878408, "MEAPE-std": 8.60279910131833, "_runtime": 5, "_timestamp": 1646942150, "_step": 0, "_wandb": {"runtime": 5}}