{"ARI": 0.0, "NMI": 0.0, "JSD": 0.17808250847017623, "Precision": 0.3832618155944979, "Recall": 0.6190814288883958, "F1-Score": 0.4734311798729381, "ROC AUC": 0.5482588496654855, "Accuracy": 0.6190814288883958, "MEAPE-mu": 39.2427539588468, "MEAPE-std": 0.19805785323353492, "_runtime": 2299, "_timestamp": 1647878712, "_step": 0, "_wandb": {"runtime": 2299}}