{"MAE": 26.617933112320824, "RMSE": 34.181785208515144, "MRAE": 0.5256564067634043, "JSD": Infinity, "R^2-Score": 0.03870942899575702, "MEAPE-mu": 0.5340160903262507, "MEAPE-std": 0.3252294453405001, "_runtime": 3, "_timestamp": 1645194028, "_step": 0, "_wandb": {"runtime": 4}}