{"MAE": 29.577235411581984, "MRAE": 0.44146174873830335, "R^2-Score": -0.5163312022263664, "MEAPE-mu": 10.052986377996422, "MEAPE-std": 0.3743504190010522, "RMSE": 38.59547211354693, "JSD": 0.19339930029407454, "_runtime": 197, "_timestamp": 1648754856, "_step": 0, "_wandb": {"runtime": 196}}