{"MAE": 20.888599918952394, "MRAE": 0.3505495433325845, "R^2-Score": 0.4193378442602026, "MEAPE-mu": 2.616074299535114, "MEAPE-std": 0.44050488349265315, "RMSE": 27.173260955225558, "JSD": 0.12094399188485586, "_runtime": 184, "_timestamp": 1646515306, "_step": 0, "_wandb": {"runtime": 185}}