{"MAE": 17.658724293001967, "MRAE": 0.34904722234831276, "R^2-Score": 0.03103207980056233, "MEAPE-mu": 1.877260468549483, "MEAPE-std": 0.21301240044934386, "RMSE": 21.066963429174372, "JSD": 0.12477169918936121, "_runtime": 7558, "_timestamp": 1649155214, "_step": 0, "_wandb": {"runtime": 7558}}