{"ARI": 0.09238776837996096, "NMI": 0.11016439952260915, "JSD": 0.17214572985488605, "Precision": 0.7402298850574713, "Recall": 0.7333333333333333, "F1-Score": 0.6463333333333333, "ROC AUC": 0.6704336323901541, "Accuracy": 0.7333333333333333, "MEAPE-mu": 29.98450671349924, "MEAPE-std": 7.0143713473434115, "_runtime": 2, "_timestamp": 1645451944, "_step": 0, "_wandb": {"runtime": 3}}