{"MAE": 23.489289416882034, "RMSE": 30.955744249466974, "MRAE": 0.33946400158848894, "JSD": 0.13070218786612237, "R^2-Score": 0.29408488276303013, "MEAPE-mu": 7.732563909758969, "MEAPE-std": 4.495710847892474, "_runtime": 2, "_timestamp": 1645116311, "_step": 0, "_wandb": {"runtime": 3}}