{"MAE": 24.838585100536957, "MRAE": 0.5249872443363833, "R^2-Score": 0.3737068251697071, "MEAPE-mu": 3.024870040637648, "MEAPE-std": 0.30015410584161023, "RMSE": 30.603978129266824, "JSD": 0.1535964485819215, "_runtime": 31, "_timestamp": 1647011958, "_step": 0, "_wandb": {"runtime": 31}}