{"MAE": 19.764599807912493, "RMSE": 25.058594568060478, "MRAE": 0.25251196901303874, "JSD": 0.10507891993943987, "R^2-Score": 0.47071814635055376, "MEAPE-mu": 5.4020481358443, "MEAPE-std": 3.707026259815519, "_runtime": 2, "_timestamp": 1645116591, "_step": 0, "_wandb": {"runtime": 3}}