{"ARI": 0.36626654255691704, "NMI": 0.2587849143103011, "JSD": 0.16421521657932253, "Precision": 0.7632296217812382, "Recall": 0.766452185489239, "F1-Score": 0.7497578608168394, "ROC AUC": 0.7612363560817198, "Accuracy": 0.766452185489239, "MEAPE-mu": 12.405228158755838, "MEAPE-std": 0.32300758017343606, "_runtime": 487, "_timestamp": 1647714782, "_step": 0, "_wandb": {"runtime": 488}}