{"ARI": 0.03335442683368941, "NMI": 0.019361416654494732, "JSD": 0.22619384598157438, "Precision": 0.5282676854834343, "Recall": 0.5025072110051032, "F1-Score": 0.5127418215496156, "ROC AUC": 0.6012246534813035, "Accuracy": 0.5025072110051032, "MEAPE-mu": 7.875657817479723, "MEAPE-std": 0.43024274128541945, "_runtime": 3, "_timestamp": 1645606736, "_step": 0, "_wandb": {"runtime": 3}}