{"MAE": 22.813008881858636, "RMSE": 28.306657714100712, "MRAE": 0.4645095784730676, "JSD": 0.13745727129666574, "R^2-Score": 0.18154471643137093, "MEAPE-mu": 10.111222094259988, "MEAPE-std": 6.519397686329093, "_runtime": 2, "_timestamp": 1645103992, "_step": 4}