{"MAE": 23.4090209421963, "RMSE": 30.097297882126824, "MRAE": 0.42735273712474087, "JSD": 0.13391737266443135, "R^2-Score": 0.3160590619459427, "MEAPE-mu": 1.6065067367142498, "MEAPE-std": 0.4983179086057023, "_runtime": 62, "_timestamp": 1645201026, "_step": 0, "_wandb": {"runtime": 62}}