{"MAE": 26.217307539621757, "MRAE": 0.5185365262808289, "R^2-Score": 0.26382715087215936, "MEAPE-mu": 9.671911842275902, "MEAPE-std": 5.110782829850406, "RMSE": 34.3789708327506, "JSD": 0.14608788999020628, "_runtime": 4, "_timestamp": 1646309084, "_step": 0, "_wandb": {"runtime": 4}}