{"ARI": 0.0, "NMI": 0.0, "JSD": 0.17878432623971877, "Precision": 0.49, "Recall": 0.7, "F1-Score": 0.5764705882352941, "ROC AUC": 0.5823038877386703, "Accuracy": 0.7, "MEAPE-mu": 34.96611069768694, "MEAPE-std": 7.437020959211281, "_runtime": 8, "_timestamp": 1653933005, "_step": 0, "_wandb": {"runtime": 10}}