{"MAE": 25.670485178462744, "MRAE": 0.4716888770014254, "R^2-Score": 0.026050851680894938, "MEAPE-mu": 5.085435443283415, "MEAPE-std": 0.2787181096700662, "RMSE": 30.931961642276885, "JSD": Infinity, "_runtime": 3, "_timestamp": 1645989283, "_step": 0, "_wandb": {"runtime": 4}}