{"ARI": 0.9862531679654577, "NMI": 0.9648313145428925, "JSD": 0.02355597799216711, "Precision": 0.995806690648897, "Recall": 0.9958082741024239, "F1-Score": 0.9958035425769536, "ROC AUC": 0.9999463966616128, "Accuracy": 0.9958082741024239, "MEAPE-mu": 0.18467433811200956, "MEAPE-std": 0.09537922285805328, "_runtime": 117, "_timestamp": 1647393234, "_step": 0, "_wandb": {"runtime": 118}}