{"MAE": 24.31964476101104, "RMSE": 31.37496005057825, "MRAE": 0.43204052079336747, "JSD": 0.1360487001254378, "R^2-Score": 0.349004316427205, "MEAPE-mu": 6.786326831726935, "MEAPE-std": 4.560380965015959, "_runtime": 6, "_timestamp": 1645100172, "_step": 0, "_wandb": {"runtime": 7}}