{"MAE": 11.009256956427116, "MRAE": 0.19954423641575228, "R^2-Score": 0.6821708072981973, "MEAPE-mu": 2.5478088725566996, "MEAPE-std": 0.17693952755841058, "RMSE": 19.432635049537012, "JSD": 0.0957465687312371, "_runtime": 3396, "_timestamp": 1649044463, "_step": 0, "_wandb": {"runtime": 3395}}