{"ARI": 0.0874715683052504, "NMI": 0.09385965612915485, "JSD": 0.21673957231368585, "Precision": 0.5720172743012629, "Recall": 0.632527179942312, "F1-Score": 0.58936536208923, "ROC AUC": 0.6417906179870687, "Accuracy": 0.632527179942312, "MEAPE-mu": 8.354192091698835, "MEAPE-std": 0.34839734109382636, "_runtime": 155, "_timestamp": 1648219240, "_step": 0, "_wandb": {"runtime": 156}}