{"ARI": 0.035764305953471805, "NMI": 0.031305718674486595, "JSD": 0.19807026063584765, "Precision": 0.5386508361609882, "Recall": 0.6193920568005326, "F1-Score": 0.5237782297583711, "ROC AUC": 0.5818069282291342, "Accuracy": 0.6193920568005326, "MEAPE-mu": 31.05743044039704, "MEAPE-std": 0.28328059612326956, "_runtime": 3, "_timestamp": 1645771296, "_step": 0, "_wandb": {"runtime": 4}}