{"ARI": -0.06710097132521456, "NMI": 0.04395664476928247, "JSD": 0.18928389726816908, "Precision": 0.5635858465839844, "Recall": 0.2761574917973022, "F1-Score": 0.21435504690997173, "ROC AUC": 0.7320741357871812, "Accuracy": 0.2761574917973022, "MEAPE-mu": 72.30953122496874, "MEAPE-std": 1.2637028869270133, "_runtime": 2, "_timestamp": 1645786220, "_step": 0, "_wandb": {"runtime": 3}}