{"MAE": 25.08059924078091, "RMSE": 31.60225725151272, "MRAE": 0.4528570081343054, "JSD": Infinity, "R^2-Score": 0.23201113712443844, "MEAPE-mu": 0.6557108685012804, "MEAPE-std": 0.39016054490821556, "_runtime": 2, "_timestamp": 1645387611, "_step": 0, "_wandb": {"runtime": 3}}