{"ARI": -0.0027052458245118796, "NMI": 0.01701140832523184, "JSD": 0.2175816247572996, "Precision": 0.5821812596006144, "Recall": 0.6774193548387096, "F1-Score": 0.6129032258064516, "ROC AUC": 0.66078049684835, "MEAPE-mu": 22.72081681299812, "MEAPE-std": 9.06327536461194, "_runtime": 3, "_timestamp": 1645443887, "_step": 0, "_wandb": {"runtime": 4}}