{"MAE": 20.270211271139658, "MRAE": 0.41780025407578053, "R^2-Score": 0.4161248319947236, "MEAPE-mu": 0.23004376519128172, "MEAPE-std": 0.1855043870387561, "RMSE": 26.188690778945222, "JSD": Infinity, "_runtime": 5, "_timestamp": 1647017060, "_step": 0, "_wandb": {"runtime": 5}}