{"ARI": 0.032531855795696604, "NMI": 0.025901269297424222, "JSD": 0.1789608344471252, "Precision": 0.6666135254303073, "Recall": 0.7036091870215093, "F1-Score": 0.5953898492220607, "ROC AUC": 0.705441655075138, "Accuracy": 0.7036091870215093, "MEAPE-mu": 32.836663104160586, "MEAPE-std": 0.5620005826498448, "_runtime": 3, "_timestamp": 1645776744, "_step": 0, "_wandb": {"runtime": 4}}