{"ARI": 0.04636724649029588, "NMI": 0.02186285702599448, "JSD": 0.24026870846540652, "Precision": 0.5535714285714285, "Recall": 0.6129032258064516, "F1-Score": 0.5806451612903227, "ROC AUC": 0.6130579871354646, "Accuracy": 0.6129032258064516, "MEAPE-mu": 12.70172224718083, "MEAPE-std": 8.142174996618484, "_runtime": 164, "_timestamp": 1645493597, "_step": 0, "_wandb": {"runtime": 164}}