{"ARI": 0.03552748212657633, "NMI": 0.017110946958016543, "JSD": 0.1850245156618776, "Precision": 0.6711386439533291, "Recall": 0.6990521327014217, "F1-Score": 0.5962508665059492, "ROC AUC": 0.6726673209987876, "Accuracy": 0.6990521327014217, "MEAPE-mu": 31.455171544730074, "MEAPE-std": 0.5024417259403055, "_runtime": 155, "_timestamp": 1645461219, "_step": 0, "_wandb": {"runtime": 156}}