{"MAE": 29.215510449079492, "RMSE": 37.801166014338364, "MRAE": 0.7080024459585171, "JSD": Infinity, "R^2-Score": 0.02502379947169775, "MEAPE-mu": 1.834747509365036, "MEAPE-std": 0.3692883845700465, "_runtime": 7, "_timestamp": 1645194045, "_step": 0, "_wandb": {"runtime": 4}}