{"MAE": 20.198521544394193, "RMSE": 24.802913844820804, "MRAE": 0.39310146937430723, "JSD": 0.11845988770128059, "R^2-Score": 0.45475944515977185, "MEAPE-mu": 12.308470540083405, "MEAPE-std": 5.6028584045298615, "_runtime": 2, "_timestamp": 1645185286, "_step": 0, "_wandb": {"runtime": 3}}