{"MAE": 26.190979013525343, "MRAE": 0.4752037934270646, "R^2-Score": -0.20979292913574166, "MEAPE-mu": 7.560502293301653, "MEAPE-std": 0.2949379455628508, "RMSE": 34.474251277318665, "JSD": Infinity, "_runtime": 5, "_timestamp": 1646946444, "_step": 0, "_wandb": {"runtime": 5}}