{"ARI": 0.1579011241584957, "NMI": 0.08648875548388246, "JSD": 0.19999627037543696, "Precision": 0.5832953611019747, "Recall": 0.6704237852229865, "F1-Score": 0.6182958857195743, "ROC AUC": 0.6976586637059995, "Accuracy": 0.6704237852229865, "MEAPE-mu": 13.335079277447507, "MEAPE-std": 0.4077961060377891, "_runtime": 136, "_timestamp": 1647663835, "_step": 0, "_wandb": {"runtime": 136}}