{"MAE": 24.961872698204843, "MRAE": 0.43820799934993104, "R^2-Score": 0.22401330816511322, "MEAPE-mu": 5.608341291724365, "MEAPE-std": 4.297492841629524, "RMSE": 31.907239465263125, "JSD": 0.14207142002822276, "_runtime": 2, "_timestamp": 1646479941, "_step": 0, "_wandb": {"runtime": 4}}