{"ARI": 0.08803856682216606, "NMI": 0.06293834875205394, "JSD": 0.19797548334741066, "Precision": 0.5730770165209285, "Recall": 0.6541823829598402, "F1-Score": 0.581547671135082, "ROC AUC": 0.7047956817305137, "Accuracy": 0.6541823829598402, "MEAPE-mu": 24.739816202602633, "MEAPE-std": 0.30162991640670556, "_runtime": 3, "_timestamp": 1645787655, "_step": 0, "_wandb": {"runtime": 4}}