{"MAE": 23.932664772222353, "RMSE": 31.978245050328585, "MRAE": 0.5619288785871824, "JSD": 0.15393205793782816, "R^2-Score": 0.31936090101442405, "MEAPE-mu": 6.5521306089576274, "MEAPE-std": 4.658611169923853, "_runtime": 6, "_timestamp": 1645433208, "_step": 0, "_wandb": {"runtime": 6}}