{"MAE": 17.274764210595873, "MRAE": 0.31191229045287033, "R^2-Score": 0.5734067150043715, "MEAPE-mu": 0.3829175152580514, "MEAPE-std": 0.29206180160189676, "RMSE": 23.548705174798567, "JSD": Infinity, "_runtime": 274, "_timestamp": 1646353917, "_step": 0, "_wandb": {"runtime": 275}}