{"ARI": 0.28952088753323457, "NMI": 0.17339967164898318, "JSD": 0.17459122445744074, "Precision": 0.7389606754805063, "Recall": 0.7678148350646984, "F1-Score": 0.7353654438400348, "ROC AUC": 0.7540732900922313, "Accuracy": 0.7678148350646984, "MEAPE-mu": 12.286179623358827, "MEAPE-std": 0.6633145469094589, "_runtime": 584, "_timestamp": 1646936658, "_step": 0, "_wandb": {"runtime": 584}}