{"ARI": 0.06923313615489574, "NMI": 0.12236937900393914, "JSD": 0.18171303063174615, "Precision": 0.7710550116266413, "Recall": 0.32500554692700245, "F1-Score": 0.2072701473455523, "ROC AUC": 0.7565589874387185, "Accuracy": 0.32500554692700245, "MEAPE-mu": 76.11855980801651, "MEAPE-std": 0.6414065161481233, "_runtime": 2, "_timestamp": 1645788939, "_step": 0, "_wandb": {"runtime": 3}}