{"MAE": 24.966084462569377, "MRAE": 0.508459657614305, "R^2-Score": 0.3468471194950936, "MEAPE-mu": 6.242076441509737, "MEAPE-std": 3.7679299795062393, "RMSE": 34.1118345594207, "JSD": 0.15463775141732822, "_runtime": 4, "_timestamp": 1646308283, "_step": 0, "_wandb": {"runtime": 4}}