{"ARI": 0.2294437755659503, "NMI": 0.12188898542144053, "JSD": 0.20372603859916413, "Precision": 0.626128371435081, "Recall": 0.6280896383403595, "F1-Score": 0.6261999971413453, "ROC AUC": 0.6744803323099777, "Accuracy": 0.6280896383403595, "MEAPE-mu": 2.3059457374253154, "MEAPE-std": 0.3961126725818965, "_runtime": 12, "_timestamp": 1647933132, "_step": 0, "_wandb": {"runtime": 13}}