{"MAE": 29.73376679154791, "MRAE": 0.576458169862758, "R^2-Score": 0.272054525748994, "MEAPE-mu": 7.240982238926587, "MEAPE-std": 5.054343650616739, "RMSE": 37.52029202215511, "JSD": 0.16215689661097, "_runtime": 2, "_timestamp": 1646479950, "_step": 0, "_wandb": {"runtime": 3}}