{"MAE": 21.650511477417716, "RMSE": 27.823129559917444, "MRAE": 0.37820529569211236, "JSD": 0.12521896874711771, "R^2-Score": 0.3921186327746048, "MEAPE-mu": 0.5549083846496792, "MEAPE-std": 0.39166900577786884, "_runtime": 91, "_timestamp": 1645351768, "_step": 0, "_wandb": {"runtime": 92}}