{"ARI": 0.15142478787816815, "NMI": 0.07247393270090122, "JSD": 0.19488778753328775, "Precision": 0.6937459635511454, "Recall": 0.7200145825738243, "F1-Score": 0.6693170485241206, "ROC AUC": 0.7386221855798528, "Accuracy": 0.7200145825738243, "MEAPE-mu": 18.965150727867453, "MEAPE-std": 0.6726233921797544, "_runtime": 49, "_timestamp": 1645558415, "_step": 0, "_wandb": {"runtime": 50}}