{"ARI": -0.03533999891026367, "NMI": 0.05570688423473318, "JSD": 0.1903271363825043, "Precision": 0.6838823175329162, "Recall": 0.35089318264673713, "F1-Score": 0.3054581487278358, "ROC AUC": 0.7244380258993671, "Accuracy": 0.35089318264673713, "MEAPE-mu": 75.4071779033149, "MEAPE-std": 1.3719329295980724, "_runtime": 6, "_timestamp": 1646920105, "_step": 0, "_wandb": {"runtime": 6}}