{"ARI": -0.003297785558088735, "NMI": 0.0005372276101706489, "JSD": 0.5222806656099571, "Precision": 0.49991235096335906, "Recall": 0.18009478672985782, "F1-Score": 0.25204084169375995, "Accuracy": 0.18009478672985782, "MEAPE-mu": 55.578757780110365, "MEAPE-std": 0.7258322211932898, "_runtime": 3, "_timestamp": 1645618499, "_step": 0, "_wandb": {"runtime": 4}}