{"ARI": -0.0427807486631016, "NMI": 0.0062480206677297855, "JSD": Infinity, "Precision": 0.5916666666666667, "Recall": 0.5357142857142857, "F1-Score": 0.5588235294117647, "ROC AUC": 0.44897959183673475, "Accuracy": 0.5357142857142857, "MEAPE-mu": 50.61965256965257, "MEAPE-std": 32.851563999019056, "_runtime": 3, "_timestamp": 1653672739, "_step": 0, "_wandb": {"runtime": 5}}