{"MAE": 22.148066077950787, "MRAE": 0.45880710079417053, "R^2-Score": 0.3131702338849979, "MEAPE-mu": 0.4722455942198479, "MEAPE-std": 0.2541716033112057, "RMSE": 28.558410794055842, "JSD": Infinity, "_runtime": 5, "_timestamp": 1646988354, "_step": 0, "_wandb": {"runtime": 6}}