{"ARI": 0.0026566652239330894, "NMI": 0.0031943668908754764, "JSD": 0.2007658829682899, "Precision": 0.4821607284377551, "Recall": 0.6097625915242956, "F1-Score": 0.4950244429221817, "ROC AUC": 0.5882836582942048, "Accuracy": 0.6097625915242956, "MEAPE-mu": 33.83843056623007, "MEAPE-std": 0.25694331437623186, "_runtime": 11, "_timestamp": 1646920901, "_step": 0, "_wandb": {"runtime": 11}}