{"ARI": 0.0, "NMI": 0.0, "JSD": 0.18673225075971533, "Precision": 0.5243757431629014, "Recall": 0.7241379310344828, "F1-Score": 0.6082758620689656, "ROC AUC": 0.8095238095238094, "Accuracy": 0.7241379310344828, "MEAPE-mu": 35.79097019263527, "MEAPE-std": 6.309804767868993, "_runtime": 2, "_timestamp": 1645450796, "_step": 0, "_wandb": {"runtime": 3}}