{"MAE": 24.521784048445415, "RMSE": 33.07572995730478, "MRAE": 0.40314573373817897, "JSD": 0.13609754645905336, "R^2-Score": 0.41376504059008645, "MEAPE-mu": 2.242211389832234, "MEAPE-std": 0.49432033021941607, "_runtime": 548, "_timestamp": 1645591686, "_step": 0, "_wandb": {"runtime": 549}}