{"MAE": 22.524243129361302, "MRAE": 0.39878334116561515, "R^2-Score": 0.3643901466757459, "MEAPE-mu": 0.37844518917501774, "MEAPE-std": 0.3145303415051325, "RMSE": 28.53213063713261, "JSD": Infinity, "_runtime": 4, "_timestamp": 1646321446, "_step": 0, "_wandb": {"runtime": 4}}