{"ARI": 0.0, "NMI": 0.0, "JSD": 0.17878432623971877, "Precision": 0.49, "Recall": 0.7, "F1-Score": 0.5764705882352941, "ROC AUC": 0.6544513457556937, "Accuracy": 0.7, "MEAPE-mu": 33.291136484602156, "MEAPE-std": 6.881305635147332, "_runtime": 2, "_timestamp": 1645452667, "_step": 0, "_wandb": {"runtime": 3}}