{"MAE": 23.044752142846285, "MRAE": 0.6820949737654833, "R^2-Score": 0.11402656538399059, "MEAPE-mu": 12.58032820373499, "MEAPE-std": 7.585308800589146, "RMSE": 30.753657831496906, "JSD": 0.15170806761395758, "_runtime": 3, "_timestamp": 1646303959, "_step": 0, "_wandb": {"runtime": 4}}