{"MAE": 26.990385378265582, "MRAE": 0.5790576176037622, "R^2-Score": 0.03056959046638008, "MEAPE-mu": 5.616245671436003, "MEAPE-std": 0.28246040789478916, "RMSE": 33.766224050934916, "JSD": Infinity, "_runtime": 5321, "_timestamp": 1646550813, "_step": 0, "_wandb": {"runtime": 5321}}