{"ARI": 0.08851459278241917, "NMI": 0.03218560510925418, "JSD": 0.19859323315242414, "Precision": 0.6431644753843069, "Recall": 0.6975938753189938, "F1-Score": 0.624972409646837, "ROC AUC": 0.7543401120589849, "Accuracy": 0.6975938753189938, "MEAPE-mu": 24.703186901315252, "MEAPE-std": 0.6817241799326387, "_runtime": 7, "_timestamp": 1646914843, "_step": 0, "_wandb": {"runtime": 7}}