{"ARI": 0.15525698050583078, "NMI": 0.17902025931217305, "JSD": 0.18749587877331644, "Precision": 0.7176681977846965, "Recall": 0.6133795114837769, "F1-Score": 0.6290303883266116, "ROC AUC": 0.7783744473607229, "Accuracy": 0.6133795114837769, "MEAPE-mu": 30.625937828037937, "MEAPE-std": 0.9242630093603613, "_runtime": 2, "_timestamp": 1645786752, "_step": 0, "_wandb": {"runtime": 4}}