{"MAE": 20.99591489951067, "MRAE": 0.31064733156744107, "R^2-Score": 0.20122612900882209, "MEAPE-mu": 6.6166816664015515, "MEAPE-std": 3.994348420106913, "RMSE": 29.874775532592018, "JSD": 0.11901292427399822, "_runtime": 4, "_timestamp": 1646307646, "_step": 0, "_wandb": {"runtime": 4}}