{"ARI": 0.01436742906720274, "NMI": 0.0056250948250809625, "JSD": 0.18732313453818059, "Precision": 0.5134727334252357, "Recall": 0.621122698025294, "F1-Score": 0.493829489573099, "ROC AUC": 0.6957352269414881, "Accuracy": 0.621122698025294, "MEAPE-mu": 36.422012896320844, "MEAPE-std": 0.2395533287280321, "_runtime": 4, "_timestamp": 1645737696, "_step": 0, "_wandb": {"runtime": 5}}