{"MAE": 23.870724155425535, "RMSE": 29.986638187822937, "MRAE": 0.473539475049122, "JSD": 0.13506402115047475, "R^2-Score": 0.2950587668922455, "MEAPE-mu": 5.338220291550414, "MEAPE-std": 0.46978330268913215, "_runtime": 8, "_timestamp": 1645221155, "_step": 0, "_wandb": {"runtime": 9}}