{"ARI": 0.04099112878556133, "NMI": 0.05469619681834694, "JSD": 0.21640657871504443, "Precision": 0.6520833333333333, "Recall": 0.6, "F1-Score": 0.6030030030030029, "ROC AUC": 0.6381067402806534, "Accuracy": 0.6, "MEAPE-mu": 26.529715105060767, "MEAPE-std": 13.111338582394259, "_runtime": 5, "_timestamp": 1646931936, "_step": 0, "_wandb": {"runtime": 5}}