{"MAE": 1.7287408449282742, "MRAE": 0.02725459631440138, "R^2-Score": 0.9926942203509467, "MEAPE-mu": 0.038035279747459454, "MEAPE-std": 0.029283598580570707, "RMSE": 3.032574393088137, "JSD": Infinity, "_runtime": 920, "_timestamp": 1646694841, "_step": 0, "_wandb": {"runtime": 920}}