{"MAE": 22.607963801771987, "MRAE": 0.534325464274078, "R^2-Score": 0.3590393493494176, "MEAPE-mu": 4.9155234221728, "MEAPE-std": 4.0061925988396645, "RMSE": 27.869167157135315, "JSD": 0.13551570375693164, "_runtime": 12, "_timestamp": 1646310539, "_step": 0, "_wandb": {"runtime": 12}}