{"MAE": 28.72181467477101, "MRAE": 0.5341622611902892, "R^2-Score": 0.31269353385381093, "MEAPE-mu": 5.596344865951002, "MEAPE-std": 4.9020785486661005, "RMSE": 36.45792939816476, "JSD": 0.1559815646530614, "_runtime": 3, "_timestamp": 1646480658, "_step": 0, "_wandb": {"runtime": 4}}