{"ARI": 0.7832233130384817, "NMI": 0.6599649386711717, "JSD": 0.09404420255040863, "Precision": 0.9338356878309579, "Recall": 0.9338478500551268, "F1-Score": 0.9338330041753107, "ROC AUC": 0.9823381894225923, "Accuracy": 0.9338478500551268, "MEAPE-mu": 0.8304237686041663, "MEAPE-std": 0.6705755886808255, "_runtime": 128, "_timestamp": 1654114107, "_step": 0, "_wandb": {"runtime": 129}}