{"ARI": 0.2526526840851279, "NMI": 0.15565725154279567, "JSD": 0.1793243132796382, "Precision": 0.8000249780844523, "Recall": 0.8053638335633997, "F1-Score": 0.772566581442797, "ROC AUC": 0.7641785784347954, "Accuracy": 0.8053638335633997, "MEAPE-mu": 19.9035717521536, "MEAPE-std": 0.660497379463899, "_runtime": 4, "_timestamp": 1645785745, "_step": 0, "_wandb": {"runtime": 5}}