{"MAE": 27.30798126172069, "MRAE": 0.5922718963257918, "R^2-Score": 0.07734145494677325, "MEAPE-mu": 1.4871723140710005, "MEAPE-std": 0.34445897108272566, "RMSE": 36.06603848063618, "JSD": Infinity, "_runtime": 2, "_timestamp": 1645985808, "_step": 0, "_wandb": {"runtime": 3}}