{"ARI": 0.11440961352799903, "NMI": 0.05504326617062874, "JSD": 0.19684318682369048, "Precision": 0.6808414511728984, "Recall": 0.7109004739336493, "F1-Score": 0.6521012031199287, "ROC AUC": 0.7095666921406605, "Accuracy": 0.7109004739336493, "MEAPE-mu": 21.487404387535758, "MEAPE-std": 0.6377344480411582, "_runtime": 240, "_timestamp": 1645496511, "_step": 0, "_wandb": {"runtime": 241}}