{"MAE": 26.700496811882772, "MRAE": 0.5890417068291129, "R^2-Score": 0.06281086764339316, "MEAPE-mu": 0.23860924684365473, "MEAPE-std": 0.18914427639620798, "RMSE": 33.22511997110026, "JSD": 0.17241981322214023, "_runtime": 6873, "_timestamp": 1646534803, "_step": 0, "_wandb": {"runtime": 6873}}