{"ARI": 0.02875507442489851, "NMI": 0.0377139254978122, "JSD": Infinity, "Precision": 0.4973474801061008, "Recall": 0.3793103448275862, "F1-Score": 0.40973630831643004, "ROC AUC": 0.4107142857142857, "Accuracy": 0.3793103448275862, "MEAPE-mu": 127.10115391256866, "MEAPE-std": 61.72049750348944, "_runtime": 5, "_timestamp": 1653672707, "_step": 0, "_wandb": {"runtime": 6}}