{"MAE": 0.07212780119813622, "MRAE": 0.0007365519465680142, "R^2-Score": 0.9987126754158051, "MEAPE-mu": 0.03243048062083274, "MEAPE-std": 0.011870914337229886, "RMSE": 1.2284516312214824, "JSD": 0.005363281189890249, "_runtime": 45, "_timestamp": 1649098930, "_step": 0, "_wandb": {"runtime": 45}}