{"ARI": 0.03422779762399269, "NMI": 0.1616691672465214, "JSD": 0.44139718548546175, "Precision": 0.4274193548387097, "Recall": 0.2903225806451613, "F1-Score": 0.3304007820136852, "Accuracy": 0.2903225806451613, "MEAPE-mu": 49.31390718021572, "MEAPE-std": 10.572700466536453, "_runtime": 3, "_timestamp": 1645622281, "_step": 0, "_wandb": {"runtime": 4}}