{"ARI": 0.11378768922150218, "NMI": 0.029743846499525904, "JSD": 0.21146245437494884, "Precision": 0.6216785993453973, "Recall": 0.6609551585854904, "F1-Score": 0.6326192843217628, "ROC AUC": 0.7007980140075691, "Accuracy": 0.6609551585854904, "MEAPE-mu": 13.507977685878814, "MEAPE-std": 0.8351138798512999, "_runtime": 5, "_timestamp": 1646917225, "_step": 0, "_wandb": {"runtime": 5}}