{"ARI": 0.003656307129798903, "NMI": 0.11225308747648585, "JSD": 0.22490897742850718, "Precision": 0.6147435897435898, "Recall": 0.5666666666666667, "F1-Score": 0.5707207207207207, "ROC AUC": 0.4881642512077295, "Accuracy": 0.5666666666666667, "MEAPE-mu": 25.26233672384322, "MEAPE-std": 13.94277108025655, "_runtime": 3, "_timestamp": 1645464064, "_step": 0, "_wandb": {"runtime": 4}}