{"MAE": 22.20318996746028, "MRAE": 0.5333713429623542, "R^2-Score": 0.4782558543054739, "MEAPE-mu": 10.355810351579391, "MEAPE-std": 0.3007989334936542, "RMSE": 27.933016366303292, "JSD": 0.14208628932527664, "_runtime": 34, "_timestamp": 1648655311, "_step": 0, "_wandb": {"runtime": 34}}