{"MAE": 19.910629888324525, "RMSE": 24.851731370558248, "MRAE": 0.37072526584032556, "JSD": 0.13423417805734975, "R^2-Score": 0.40991014402044934, "MEAPE-mu": 5.010473075373012, "MEAPE-std": 3.468464728436844, "_runtime": 2, "_timestamp": 1645108298, "_step": 0, "_wandb": {"runtime": 3}}