{"MAE": 27.575, "RMSE": 33.44642304172023, "MRAE": 0.6433075042401187, "JSD": 0.15059701862377864, "R^2-Score": 0.3723304727818203, "MEAPE-mu": 10.940863119517898, "MEAPE-std": 5.528418214647395, "_runtime": 3, "_timestamp": 1645389953, "_step": 0, "_wandb": {"runtime": 4}}