{"ARI": 0.0, "NMI": 0.0, "JSD": 0.1780789571710467, "Precision": 0.38320687357176164, "Recall": 0.6190370534723763, "F1-Score": 0.4733762859224146, "ROC AUC": 0.7807899925338869, "Accuracy": 0.6190370534723763, "MEAPE-mu": 39.24857042196052, "MEAPE-std": 0.20996168534323215, "_runtime": 6, "_timestamp": 1646931623, "_step": 0, "_wandb": {"runtime": 5}}