{"MAE": 25.002545868449342, "RMSE": 31.659506894139632, "MRAE": 0.47268531065715663, "JSD": Infinity, "R^2-Score": 0.2369040737065966, "MEAPE-mu": 0.4139105939993473, "MEAPE-std": 0.3640744651242846, "_runtime": 5, "_timestamp": 1645387995, "_step": 0, "_wandb": {"runtime": 5}}