{"MAE": 17.417437475963652, "RMSE": 24.66024503828149, "MRAE": 0.38231853920675596, "JSD": 0.1277240230714336, "R^2-Score": 0.3847712561432144, "MEAPE-mu": 6.582447282737961, "MEAPE-std": 5.070618427888836, "_runtime": 2, "_timestamp": 1645106303, "_step": 0, "_wandb": {"runtime": 3}}