{"MAE": 20.918289446903536, "MRAE": 0.3812196306818792, "R^2-Score": 0.4350114017279394, "MEAPE-mu": 0.4555833717976138, "MEAPE-std": 0.3441287153748429, "RMSE": 26.819987096949237, "JSD": Infinity, "_runtime": 3, "_timestamp": 1646317573, "_step": 0, "_wandb": {"runtime": 4}}