{"ARI": 0.0, "NMI": 6.91199551167899e-15, "JSD": 0.17798981128368224, "Precision": 0.4815641485056782, "Recall": 0.6939482318629238, "F1-Score": 0.5685700890352202, "ROC AUC": 0.6138387731994281, "Accuracy": 0.6939482318629238, "MEAPE-mu": 34.89801812612307, "MEAPE-std": 0.49223824556601636, "_runtime": 4, "_timestamp": 1645775066, "_step": 0, "_wandb": {"runtime": 4}}