{"MAE": 25.053333333333335, "MRAE": 0.4961982720461281, "R^2-Score": 0.45812871991956516, "MEAPE-mu": 6.673397588181734, "MEAPE-std": 5.177427781666807, "RMSE": 31.376254290997412, "JSD": 0.13904476978586505, "_runtime": 3, "_timestamp": 1646480170, "_step": 0, "_wandb": {"runtime": 4}}