{"ARI": 0.10797091706645107, "NMI": 0.040757978181018006, "JSD": 0.20807990517680455, "Precision": 0.6341048405518374, "Recall": 0.6686110098432373, "F1-Score": 0.6429628515670996, "ROC AUC": 0.6664664409445438, "Accuracy": 0.6686110098432373, "MEAPE-mu": 12.754637399752383, "MEAPE-std": 0.8543632160523255, "_runtime": 3, "_timestamp": 1645774877, "_step": 0, "_wandb": {"runtime": 4}}