{"MAE": 28.857324717306184, "RMSE": 35.85105091059427, "MRAE": 0.4717451907879919, "JSD": 0.16144105739240797, "R^2-Score": 0.07271688606510229, "MEAPE-mu": 6.209473590091516, "MEAPE-std": 4.316829920999077, "_runtime": 2, "_timestamp": 1645185303, "_step": 0, "_wandb": {"runtime": 3}}