{"ARI": 0.08779240391288315, "NMI": 0.06996178523194445, "JSD": 0.18978045849170225, "Precision": 0.7556375850000321, "Recall": 0.7288101570733176, "F1-Score": 0.6486844042830432, "ROC AUC": 0.8892428262941036, "Accuracy": 0.7288101570733176, "MEAPE-mu": 31.987362569153944, "MEAPE-std": 0.26286674635806595, "_runtime": 9, "_timestamp": 1646924732, "_step": 0, "_wandb": {"runtime": 9}}