{"MAE": 21.380518223867195, "MRAE": 0.3783964329257557, "R^2-Score": 0.430225209309994, "MEAPE-mu": 0.9038095458878082, "MEAPE-std": 0.7373065178357755, "RMSE": 27.259255324907322, "JSD": Infinity, "_runtime": 3, "_timestamp": 1655388288, "_step": 0, "_wandb": {"runtime": 3}}