{"ARI": 0.04110165319840069, "NMI": 0.020845142432160974, "JSD": 0.2223259462665809, "Precision": 0.5554347353047182, "Recall": 0.6031506545373863, "F1-Score": 0.5412597739766004, "ROC AUC": 0.5972442866697507, "Accuracy": 0.6031506545373863, "MEAPE-mu": 22.1627000780491, "MEAPE-std": 0.3156585834679445, "_runtime": 3, "_timestamp": 1645985130, "_step": 0, "_wandb": {"runtime": 5}}