{"ARI": -0.0457516339869281, "NMI": 0.029293348555845995, "JSD": 0.21303595362373134, "Precision": 0.5555555555555556, "Recall": 0.7142857142857143, "F1-Score": 0.625, "ROC AUC": 0.7482993197278912, "Accuracy": 0.7142857142857143, "MEAPE-mu": 28.90325252334646, "MEAPE-std": 10.796689127936764, "_runtime": 2, "_timestamp": 1645461434, "_step": 0, "_wandb": {"runtime": 3}}