{"MAE": 27.885257418901094, "MRAE": 0.5683853347125725, "R^2-Score": 0.11254993860004192, "MEAPE-mu": 5.966573608545449, "MEAPE-std": 4.493148437786862, "RMSE": 34.24706933817697, "JSD": 0.15128641130005746, "_runtime": 2, "_timestamp": 1646303929, "_step": 0, "_wandb": {"runtime": 4}}