{"ARI": 0.10160926830370423, "NMI": 0.03563706408886496, "JSD": 0.20098868292444874, "Precision": 0.6382207862193209, "Recall": 0.6992344148742253, "F1-Score": 0.637106343299272, "ROC AUC": 0.6618816337222792, "Accuracy": 0.6992344148742253, "MEAPE-mu": 21.783581061002383, "MEAPE-std": 0.6529020018988545, "_runtime": 137, "_timestamp": 1645471472, "_step": 0, "_wandb": {"runtime": 139}}