{"MAE": 21.563697640525284, "RMSE": 27.756947896757534, "MRAE": 0.37700753779275953, "JSD": 0.12491727680904108, "R^2-Score": 0.4020726785539195, "MEAPE-mu": 0.3914841368682349, "MEAPE-std": 0.2808241818952292, "_runtime": 157, "_timestamp": 1645214380, "_step": 0, "_wandb": {"runtime": 158}}