{"MAE": 17.490476949650244, "RMSE": 22.10425161371825, "MRAE": 0.26782920481431244, "JSD": 0.10311458656329302, "R^2-Score": 0.047998316849619305, "MEAPE-mu": 5.880183590988178, "MEAPE-std": 4.569919465206754, "_runtime": 3, "_timestamp": 1645189339, "_step": 0, "_wandb": {"runtime": 3}}