{"ARI": -0.022945374107745997, "NMI": 0.018967412607701576, "JSD": 0.24446737140347496, "Precision": 0.4609299729022438, "Recall": 0.5541158198358109, "F1-Score": 0.4973837648478107, "ROC AUC": 0.6452957014333819, "Accuracy": 0.5541158198358109, "MEAPE-mu": 16.535076909774983, "MEAPE-std": 0.42795821309119614, "_runtime": 433, "_timestamp": 1647385168, "_step": 0, "_wandb": {"runtime": 434}}