{"MAE": 16.22528364430496, "MRAE": 0.2784743988870262, "R^2-Score": 0.5762191222399784, "MEAPE-mu": 0.9331720353897226, "MEAPE-std": 0.4081595523514056, "RMSE": 22.94932133035392, "JSD": Infinity, "_runtime": 160, "_timestamp": 1646532485, "_step": 0, "_wandb": {"runtime": 161}}