{"ARI": 0.11778916355794214, "NMI": 0.08286477857116824, "JSD": 0.20718696490571364, "Precision": 0.6751983846490021, "Recall": 0.5953335763762304, "F1-Score": 0.6178512746695707, "ROC AUC": 0.7059246118663415, "Accuracy": 0.5953335763762304, "MEAPE-mu": 20.34535154436332, "MEAPE-std": 0.9374859311566291, "_runtime": 3, "_timestamp": 1645776012, "_step": 0, "_wandb": {"runtime": 4}}