{"MAE": 0.1502363475030745, "MRAE": 0.0025931832055282166, "R^2-Score": 0.9999416711713902, "MEAPE-mu": 0.003278381081114993, "MEAPE-std": 0.002070151178954371, "RMSE": 0.2641023551738005, "JSD": 0.0013680739617771744, "_runtime": 3257, "_timestamp": 1647502018, "_step": 0, "_wandb": {"runtime": 3258}}