{"MAE": 31.493333333333336, "MRAE": 0.5574992577379158, "R^2-Score": 0.1674605349100613, "MEAPE-mu": 8.163415697383634, "MEAPE-std": 5.375459009753484, "RMSE": 38.891567209357866, "JSD": 0.1632831307518469, "_runtime": 3, "_timestamp": 1646306988, "_step": 0, "_wandb": {"runtime": 4}}