{"MAE": 22.18329849243164, "RMSE": 26.614607657098343, "MRAE": 0.3425475430250788, "JSD": 0.11197660340953913, "R^2-Score": 0.18860153029884763, "MEAPE-mu": 8.169823715180405, "MEAPE-std": 5.759913142786679, "_runtime": 3, "_timestamp": 1645176245, "_step": 0, "_wandb": {"runtime": 4}}