{"ARI": 0.21362927061857176, "NMI": 0.11943693962953601, "JSD": 0.19004864942548072, "Precision": 0.7212321709615869, "Recall": 0.7420066152149944, "F1-Score": 0.7092059362646846, "ROC AUC": 0.7766776099014185, "Accuracy": 0.7420066152149944, "MEAPE-mu": 14.525059814795197, "MEAPE-std": 1.7387000200926046, "_runtime": 36, "_timestamp": 1654285471, "_step": 0, "_wandb": {"runtime": 38}}