{"ARI": 0.02254276601913598, "NMI": 0.2759411256496662, "JSD": 0.4638828727575815, "Precision": 0.08602150537634408, "Recall": 0.03225806451612903, "F1-Score": 0.0469208211143695, "Accuracy": 0.03225806451612903, "MEAPE-mu": 66.65918395812223, "MEAPE-std": 36.11403298876716, "_runtime": 4, "_timestamp": 1645623456, "_step": 0, "_wandb": {"runtime": 4}}