{"ARI": 0.0, "NMI": 6.72167951363937e-16, "JSD": 0.17634804296710868, "Precision": 0.4588969823100936, "Recall": 0.6774193548387096, "F1-Score": 0.5471464019851118, "ROC AUC": 0.5748271889400922, "Accuracy": 0.6774193548387096, "MEAPE-mu": 34.83025008303011, "MEAPE-std": 6.659883072538538, "_runtime": 5, "_timestamp": 1646933632, "_step": 0, "_wandb": {"runtime": 5}}