{"MAE": 23.420974779971893, "MRAE": 0.42059854273136466, "R^2-Score": 0.26064924333544626, "MEAPE-mu": 7.158680039795766, "MEAPE-std": 0.3460466825936047, "RMSE": 32.918000677919544, "JSD": 0.15216031221340995, "_runtime": 200, "_timestamp": 1648755958, "_step": 0, "_wandb": {"runtime": 201}}