{"MAE": 17.460463627759598, "MRAE": 0.38005760191411364, "R^2-Score": 0.02902403338623527, "MEAPE-mu": 5.427965366782158, "MEAPE-std": 0.23175724972078451, "RMSE": 21.088781254732584, "JSD": 0.12261118226739716, "_runtime": 4, "_timestamp": 1646946177, "_step": 0, "_wandb": {"runtime": 5}}