{"ARI": 0.035558941880866, "NMI": 0.029664402964746883, "JSD": 0.1784378538625403, "Precision": 0.6737485970613968, "Recall": 0.7048851622311338, "F1-Score": 0.5975231761641008, "ROC AUC": 0.7182698809323036, "Accuracy": 0.7048851622311338, "MEAPE-mu": 32.71358134385684, "MEAPE-std": 0.4777516755236453, "_runtime": 3, "_timestamp": 1645776734, "_step": 0, "_wandb": {"runtime": 4}}