{"MAE": 8.43221297291484, "MRAE": 0.14598473669019255, "R^2-Score": 0.8418142760626193, "MEAPE-mu": 0.23146127942686545, "MEAPE-std": 0.16050989953073425, "RMSE": 14.230865216999717, "JSD": 0.06604036865205862, "_runtime": 2402, "_timestamp": 1646599682, "_step": 0, "_wandb": {"runtime": 2402}}