{"ARI": 0.038543779625748495, "NMI": 0.10627103742107512, "JSD": 0.21439774307333986, "Precision": 0.5764934799932515, "Recall": 0.5915686709562902, "F1-Score": 0.5698243856424078, "ROC AUC": 0.6880951981669987, "Accuracy": 0.5915686709562902, "MEAPE-mu": 15.347620457917975, "MEAPE-std": 0.35884727664571786, "_runtime": 136, "_timestamp": 1647550927, "_step": 0, "_wandb": {"runtime": 137}}