{"ARI": 0.06779191264100219, "NMI": 0.13310766442548064, "JSD": 0.22323840141224577, "Precision": 0.5665322580645161, "Recall": 0.4838709677419355, "F1-Score": 0.5018308631211856, "Accuracy": 0.4838709677419355, "MEAPE-mu": 15.930011705361089, "MEAPE-std": 8.203657977213615, "_runtime": 3, "_timestamp": 1645545978, "_step": 0, "_wandb": {"runtime": 4}}