{"ARI": 0.12848921665003044, "NMI": 0.059846191847023195, "JSD": 0.19408125824694183, "Precision": 0.6461986054198913, "Recall": 0.7199558985667034, "F1-Score": 0.6615284351657958, "ROC AUC": 0.7150036631701291, "Accuracy": 0.7199558985667034, "MEAPE-mu": 20.186775461800888, "MEAPE-std": 1.6282924119653779, "_runtime": 2, "_timestamp": 1654268758, "_step": 0, "_wandb": {"runtime": 4}}