{"MAE": 26.99453096327133, "MRAE": 0.5666133966937179, "R^2-Score": 0.029772351319876322, "MEAPE-mu": 5.756503664462537, "MEAPE-std": 0.2956990693316011, "RMSE": 33.8324560079173, "JSD": Infinity, "_runtime": 6046, "_timestamp": 1646545485, "_step": 0, "_wandb": {"runtime": 6047}}