{"MAE": 23.044223931508515, "RMSE": 30.188258532463674, "MRAE": 0.47877187031328783, "JSD": 0.14421397822183712, "R^2-Score": 0.4122162573254795, "MEAPE-mu": 6.93309208533097, "MEAPE-std": 5.359629360132631, "_runtime": 4, "_timestamp": 1645389137, "_step": 0, "_wandb": {"runtime": 4}}