{"ARI": 0.03150104993599956, "NMI": 0.00406013971531747, "JSD": Infinity, "Precision": 0.6510208671228842, "Recall": 0.6608832807570978, "F1-Score": 0.6556939076677959, "ROC AUC": 0.5566224481426455, "Accuracy": 0.6608832807570978, "MEAPE-mu": 9.011191672635666, "MEAPE-std": 3.5267296445221556, "_runtime": 4, "_timestamp": 1653902595, "_step": 0, "_wandb": {"runtime": 6}}