{"ARI": 0.0027422140430722157, "NMI": 8.986761366073887e-05, "JSD": Infinity, "Precision": 0.631282574531329, "Recall": 0.7379731861198738, "F1-Score": 0.6500915085206853, "ROC AUC": 0.527255037695458, "Accuracy": 0.7379731861198738, "MEAPE-mu": 89.38916134518989, "MEAPE-std": 4.7176324019529705, "_runtime": 793, "_timestamp": 1654012359, "_step": 0, "_wandb": {"runtime": 793}}