{"ARI": -0.07848633496846531, "NMI": 0.052337926014745045, "JSD": 0.23516377989186377, "Precision": 0.548076923076923, "Recall": 0.6785714285714286, "F1-Score": 0.6063829787234043, "ROC AUC": 0.619047619047619, "Accuracy": 0.6785714285714286, "MEAPE-mu": 25.81010003952864, "MEAPE-std": 10.500070566354045, "_runtime": 5, "_timestamp": 1645514190, "_step": 0, "_wandb": {"runtime": 6}}