{"ARI": 0.18728830530534335, "NMI": 0.1111695564164304, "JSD": 0.1841223388958593, "Precision": 0.7531157038547149, "Recall": 0.7453142227122381, "F1-Score": 0.695072505786958, "ROC AUC": 0.7652770787270092, "Accuracy": 0.7453142227122381, "MEAPE-mu": 19.141339868597253, "MEAPE-std": 1.5227122641303845, "_runtime": 56, "_timestamp": 1654286807, "_step": 0, "_wandb": {"runtime": 58}}