{"MAE": 18.48101708640508, "RMSE": 25.125208616268214, "MRAE": 0.32175228907793296, "JSD": 0.11347795698979896, "R^2-Score": 0.3348708240887177, "MEAPE-mu": 8.385072077210106, "MEAPE-std": 5.908996543627471, "_runtime": 2, "_timestamp": 1645107665, "_step": 0, "_wandb": {"runtime": 3}}