{"ARI": -0.0007803286380081999, "NMI": 0.00027372481125997585, "JSD": Infinity, "Precision": 0.5343882340098617, "Recall": 0.6991168205539944, "F1-Score": 0.5764706834179832, "ROC AUC": 0.48534617570349203, "Accuracy": 0.6991168205539944, "MEAPE-mu": 149.36083279203223, "MEAPE-std": 4.0943285377739524, "_runtime": 10, "_timestamp": 1653918271, "_step": 0, "_wandb": {"runtime": 10}}