{"MAE": 0.19314299061374665, "MRAE": 0.003352086303408407, "R^2-Score": 0.9999260161476126, "MEAPE-mu": 0.0032236907601885826, "MEAPE-std": 0.002129605676674389, "RMSE": 0.2945114119067994, "JSD": 0.0015416870632322507, "_runtime": 3525, "_timestamp": 1647498754, "_step": 0, "_wandb": {"runtime": 3525}}