{"ARI": 0.002640841432065378, "NMI": 0.0015996675347861255, "JSD": Infinity, "Precision": 0.7301546730082061, "Recall": 0.7511338986393217, "F1-Score": 0.6455205042480402, "ROC AUC": 0.48550658680046416, "Accuracy": 0.7511338986393217, "MEAPE-mu": 99.21630410073729, "MEAPE-std": 5.196537244286438, "_runtime": 3, "_timestamp": 1653905416, "_step": 0, "_wandb": {"runtime": 4}}