{"ARI": 0.0, "NMI": 0.0, "JSD": 0.17878432623971874, "Precision": 0.49, "Recall": 0.7, "F1-Score": 0.5764705882352941, "ROC AUC": 0.5110478490913273, "Accuracy": 0.7, "MEAPE-mu": 35.37460165299817, "MEAPE-std": 6.576075425090009, "_runtime": 6, "_timestamp": 1646943125, "_step": 0, "_wandb": {"runtime": 6}}