{"ARI": 0.28906496084921735, "NMI": 0.194750554705215, "JSD": 0.17088206944940437, "Precision": 0.731678666899196, "Recall": 0.7761852260198456, "F1-Score": 0.7411174545950059, "ROC AUC": 0.7730920192641888, "Accuracy": 0.7761852260198456, "MEAPE-mu": 12.868159554224688, "MEAPE-std": 1.7792441488850923, "_runtime": 5, "_timestamp": 1654262071, "_step": 0, "_wandb": {"runtime": 6}}