{"MAE": 17.20105823303872, "MRAE": 0.3106075477707784, "R^2-Score": 0.5738575038453948, "MEAPE-mu": 0.4492178782330371, "MEAPE-std": 0.32074566182839814, "RMSE": 23.37725007228148, "JSD": Infinity, "_runtime": 274, "_timestamp": 1646354199, "_step": 0, "_wandb": {"runtime": 275}}