{"ARI": 0.3207803565871046, "NMI": 0.19027312727005607, "JSD": 0.17687351060731718, "Precision": 0.8095806366256948, "Recall": 0.8194006309148265, "F1-Score": 0.800851192715024, "ROC AUC": 0.8497870073662375, "Accuracy": 0.8194006309148265, "MEAPE-mu": 14.295255028200263, "MEAPE-std": 0.7354387479956612, "_runtime": 30, "_timestamp": 1645781947, "_step": 0, "_wandb": {"runtime": 31}}