{"MAE": 12.093647141361085, "MRAE": 0.16990853660788877, "R^2-Score": 0.7374948960150012, "MEAPE-mu": 0.4223686037649342, "MEAPE-std": 0.25598940080638843, "RMSE": 18.425174875964142, "JSD": 0.07714235828312914, "_runtime": 1701, "_timestamp": 1646772293, "_step": 0, "_wandb": {"runtime": 1701}}