{"ARI": -0.016042780748663103, "NMI": 0.1721703451906904, "JSD": 0.5107774115789121, "Precision": 0.4, "Recall": 0.13333333333333333, "F1-Score": 0.2, "Accuracy": 0.13333333333333333, "MEAPE-mu": 28.95075819366847, "MEAPE-std": 14.688908766483431, "_runtime": 4, "_timestamp": 1645623100, "_step": 0, "_wandb": {"runtime": 5}}