{"ARI": 0.06602333752434038, "NMI": 0.02541173918753698, "JSD": 0.19316657333347909, "Precision": 0.6500296378316734, "Recall": 0.6995989792198323, "F1-Score": 0.6157288792246736, "ROC AUC": 0.6873790100797921, "Accuracy": 0.6995989792198323, "MEAPE-mu": 27.640693625676644, "MEAPE-std": 0.5992066519696418, "_runtime": 3, "_timestamp": 1645452561, "_step": 0, "_wandb": {"runtime": 4}}