{"ARI": -0.03305892416035184, "NMI": 0.07247371604790055, "JSD": 0.18850583405180688, "Precision": 0.7219037052046494, "Recall": 0.36347065257017863, "F1-Score": 0.3236504233837182, "ROC AUC": 0.7597710106482581, "Accuracy": 0.36347065257017863, "MEAPE-mu": 75.0494596558259, "MEAPE-std": 1.3371096432253124, "_runtime": 3, "_timestamp": 1645776918, "_step": 0, "_wandb": {"runtime": 4}}