{"MAE": 23.000588932927627, "MRAE": 0.46511726461134884, "R^2-Score": 0.17385297360274, "MEAPE-mu": 1.710446947814242, "MEAPE-std": 0.27554786169411005, "RMSE": 28.488395757876756, "JSD": 0.15092704742588586, "_runtime": 21, "_timestamp": 1647011660, "_step": 0, "_wandb": {"runtime": 21}}