{"ARI": 0.07459576589189855, "NMI": 0.051595272237930284, "JSD": 0.1809709208805962, "Precision": 0.6694954468592457, "Recall": 0.7199558985667034, "F1-Score": 0.6328889409836053, "ROC AUC": 0.7434139774562029, "Accuracy": 0.7199558985667034, "MEAPE-mu": 29.166684524700713, "MEAPE-std": 1.359970720191789, "_runtime": 7, "_timestamp": 1654269286, "_step": 0, "_wandb": {"runtime": 7}}