{"MAE": 18.829860218975686, "RMSE": 27.186221584119465, "MRAE": 0.30154930942732755, "JSD": 0.11594866388418283, "R^2-Score": 0.18170221790360352, "MEAPE-mu": 4.443450349956121, "MEAPE-std": 3.1197873978943202, "_runtime": 1, "_timestamp": 1645188755, "_step": 0, "_wandb": {"runtime": 3}}