{"ARI": -0.013139735367736074, "NMI": 0.0021497177817319715, "JSD": Infinity, "Precision": 0.5588117243933153, "Recall": 0.5656362906463268, "F1-Score": 0.562101976155447, "ROC AUC": 0.45339457239178876, "Accuracy": 0.5656362906463268, "MEAPE-mu": 8.173188245756133, "MEAPE-std": 2.353377757815831, "_runtime": 62, "_timestamp": 1653686936, "_step": 0, "_wandb": {"runtime": 63}}