{"MAE": 20.23877089250969, "MRAE": 0.3905089021712815, "R^2-Score": 0.38240461942164217, "MEAPE-mu": 0.9555116967679308, "MEAPE-std": 0.2556768301561381, "RMSE": 27.398035185195464, "JSD": Infinity, "_runtime": 4, "_timestamp": 1646946494, "_step": 0, "_wandb": {"runtime": 5}}