{"ARI": 0.059131603893650124, "NMI": 0.053503874437924995, "JSD": 0.18628752542285348, "Precision": 0.5821737837708096, "Recall": 0.6935836675173168, "F1-Score": 0.5885325316688588, "ROC AUC": 0.6252033350186528, "Accuracy": 0.6935836675173168, "MEAPE-mu": 31.803383799779752, "MEAPE-std": 0.5331718479518497, "_runtime": 4, "_timestamp": 1645774425, "_step": 0, "_wandb": {"runtime": 5}}