{"MAE": 22.137865133977396, "MRAE": 0.39631572791567304, "R^2-Score": 0.3728603095116787, "MEAPE-mu": 0.37777103941827084, "MEAPE-std": 0.2886572628316248, "RMSE": 28.388245091020885, "JSD": Infinity, "_runtime": 3, "_timestamp": 1646320735, "_step": 0, "_wandb": {"runtime": 4}}