{"ARI": 0.08917406420861711, "NMI": 0.03874311612555423, "JSD": 0.19858631589199235, "Precision": 0.5714958071247307, "Recall": 0.6285333925005547, "F1-Score": 0.5472967519936197, "ROC AUC": 0.7069330718627687, "Accuracy": 0.6285333925005547, "MEAPE-mu": 29.060679850680895, "MEAPE-std": 0.3092823182042507, "_runtime": 10, "_timestamp": 1646926051, "_step": 0, "_wandb": {"runtime": 9}}