{"MAE": 21.853314635566896, "MRAE": 0.487018862445496, "R^2-Score": 0.3183593278619411, "MEAPE-mu": 0.2145992337852769, "MEAPE-std": 0.14312856217319, "RMSE": 28.211327877600002, "JSD": Infinity, "_runtime": 3, "_timestamp": 1656326888, "_step": 0, "_wandb": {"runtime": 3}}