{"ARI": 0.08747165090781106, "NMI": 0.09381919512704356, "JSD": 0.21686356519437286, "Precision": 0.6530790035556484, "Recall": 0.5235144002916515, "F1-Score": 0.5550167050734637, "ROC AUC": 0.6182547686130551, "Accuracy": 0.5235144002916515, "MEAPE-mu": 26.812089252458172, "MEAPE-std": 1.0302925275844084, "_runtime": 3, "_timestamp": 1645786733, "_step": 0, "_wandb": {"runtime": 4}}