{"ARI": 0.0927399803298933, "NMI": 0.0395725687404461, "JSD": 0.20887254183586523, "Precision": 0.5754358489566421, "Recall": 0.5329043709784779, "F1-Score": 0.534339871603666, "ROC AUC": 0.6506976064067607, "Accuracy": 0.5329043709784779, "MEAPE-mu": 6.763323597635013, "MEAPE-std": 0.4236455857415815, "_runtime": 5, "_timestamp": 1646930860, "_step": 0, "_wandb": {"runtime": 6}}