{"ARI": 0.038112522686025406, "NMI": 0.08177487141680236, "JSD": 0.24513243756431274, "Precision": 0.5938888888888889, "Recall": 0.5, "F1-Score": 0.5281286549707602, "ROC AUC": 0.49494478951000687, "Accuracy": 0.5, "MEAPE-mu": 28.081076228391144, "MEAPE-std": 17.65092785527634, "_runtime": 5, "_timestamp": 1646932447, "_step": 0, "_wandb": {"runtime": 5}}