{"MAE": 29.953315826649654, "RMSE": 35.91442851908731, "MRAE": 0.47821203062302875, "JSD": Infinity, "R^2-Score": 0.24988609955083352, "MEAPE-mu": 8.86468010251686, "MEAPE-std": 0.5120803943576638, "_runtime": 2, "_timestamp": 1645391558, "_step": 0, "_wandb": {"runtime": 3}}