{"ARI": 0.05448438725679401, "NMI": 0.03653219076565711, "JSD": 0.20761467765279942, "Precision": 0.5932195231963755, "Recall": 0.6253827379631685, "F1-Score": 0.5488192373753384, "ROC AUC": 0.6377553027367159, "Accuracy": 0.6253827379631685, "MEAPE-mu": 27.5387303634812, "MEAPE-std": 0.32365368630564256, "_runtime": 657, "_timestamp": 1645724219, "_step": 0, "_wandb": {"runtime": 658}}