{"ARI": -0.0021088265490163435, "NMI": 0.01874619372430445, "JSD": 0.2359798415410763, "Precision": 0.5587262200165426, "Recall": 0.5483870967741935, "F1-Score": 0.5419354838709678, "ROC AUC": 0.5243855606758833, "Accuracy": 0.5483870967741935, "MEAPE-mu": 17.432656854222035, "MEAPE-std": 11.325053651206742, "_runtime": 4, "_timestamp": 1646931912, "_step": 0, "_wandb": {"runtime": 5}}