{"ARI": 0.9969030826801865, "NMI": 0.9920894337981189, "JSD": 0.011468712023161047, "Precision": 0.999112421639242, "Recall": 0.9991124916796095, "F1-Score": 0.9991124068129936, "ROC AUC": 0.9990977863451393, "Accuracy": 0.9991124916796095, "MEAPE-mu": 0.022810489235871912, "MEAPE-std": 0.01846829336212459, "_runtime": 97, "_timestamp": 1648770607, "_step": 0, "_wandb": {"runtime": 97}}