{"ARI": 0.0, "NMI": 0.0, "JSD": 0.17878432623971874, "Precision": 0.49, "Recall": 0.7, "F1-Score": 0.5764705882352941, "ROC AUC": 0.7336841499884978, "Accuracy": 0.7, "MEAPE-mu": 34.08653670302803, "MEAPE-std": 6.032479546687486, "_runtime": 3, "_timestamp": 1645458979, "_step": 0, "_wandb": {"runtime": 3}}