{"MAE": 22.77462007395842, "MRAE": 0.4629838334499056, "R^2-Score": 0.27792591887201135, "MEAPE-mu": 0.2295782815261726, "MEAPE-std": 0.1586954129673059, "RMSE": 29.059776028046148, "JSD": Infinity, "_runtime": 4, "_timestamp": 1646987658, "_step": 0, "_wandb": {"runtime": 5}}