{"ARI": 0.03740728797162206, "NMI": 0.030009399755625794, "JSD": 0.19905371991202542, "Precision": 0.6166666666666667, "Recall": 0.7, "F1-Score": 0.6232804232804233, "ROC AUC": 0.6131786289394986, "Accuracy": 0.7, "MEAPE-mu": 24.009803487974377, "MEAPE-std": 8.915148431740434, "_runtime": 5, "_timestamp": 1646933065, "_step": 0, "_wandb": {"runtime": 6}}