{"ARI": 0.7264607903308257, "NMI": 0.6093030977781982, "JSD": 0.10869998977268457, "Precision": 0.9166281095185681, "Recall": 0.9174261757200146, "F1-Score": 0.9162620674247965, "ROC AUC": 0.9782655387405521, "Accuracy": 0.9174261757200146, "MEAPE-mu": 3.096959208042611, "MEAPE-std": 0.5108798954089852, "_runtime": 607, "_timestamp": 1646920375, "_step": 0, "_wandb": {"runtime": 607}}