{"MAE": 19.445713306188782, "MRAE": 0.3034163710904025, "R^2-Score": -0.05690045653625564, "MEAPE-mu": 4.5616045060198624, "MEAPE-std": 3.496775230291612, "RMSE": 23.29024194755786, "JSD": 0.11075149898516726, "_runtime": 3, "_timestamp": 1646480961, "_step": 0, "_wandb": {"runtime": 4}}