{"ARI": 0.04374499919947052, "NMI": 0.013145706315170052, "JSD": 0.21184476319192216, "Precision": 0.6450352650806055, "Recall": 0.6977619429947812, "F1-Score": 0.625763318212246, "ROC AUC": 0.6400799821275021, "Accuracy": 0.6977619429947812, "MEAPE-mu": 28.58121775692416, "MEAPE-std": 0.35247688083134704, "_runtime": 3, "_timestamp": 1645605931, "_step": 0, "_wandb": {"runtime": 4}}