{"MAE": 21.521653906282218, "RMSE": 27.696737074712566, "MRAE": 0.3847368038440427, "JSD": 0.1253313442934556, "R^2-Score": 0.4087948298905013, "MEAPE-mu": 0.5660276848678027, "MEAPE-std": 0.448883391553271, "_runtime": 269, "_timestamp": 1645239925, "_step": 0, "_wandb": {"runtime": 270}}