{"MAE": 19.17200936977379, "MRAE": 0.2881626794677713, "R^2-Score": 0.21325640962331527, "MEAPE-mu": 4.183693521226998, "MEAPE-std": 0.444004581154973, "RMSE": 26.62651893918399, "JSD": Infinity, "_runtime": 441, "_timestamp": 1646059753, "_step": 0, "_wandb": {"runtime": 443}}