{"MAE": 25.448581694551393, "MRAE": 0.44999403592953596, "R^2-Score": 0.19707971336061647, "MEAPE-mu": 7.324342311239742, "MEAPE-std": 5.737863893120538, "RMSE": 32.4562478104202, "JSD": 0.142212898652513, "_runtime": 3, "_timestamp": 1646480649, "_step": 0, "_wandb": {"runtime": 4}}