{"ARI": 0.10324651384042526, "NMI": 0.028185100077205254, "JSD": 0.2115090983800527, "Precision": 0.6204457152739635, "Recall": 0.6651476485599709, "F1-Score": 0.632080846053721, "ROC AUC": 0.6561675251745043, "Accuracy": 0.6651476485599709, "MEAPE-mu": 14.971632873522783, "MEAPE-std": 0.6836203955956156, "_runtime": 3, "_timestamp": 1645474758, "_step": 0, "_wandb": {"runtime": 4}}