{"ARI": -0.03014129451017711, "NMI": 0.06825047271764313, "JSD": 0.18943243412076843, "Precision": 0.69859261278075, "Recall": 0.35884818662292695, "F1-Score": 0.3157715543715215, "ROC AUC": 0.739786437549797, "Accuracy": 0.35884818662292695, "MEAPE-mu": 75.10779309727745, "MEAPE-std": 1.4386099183416883, "_runtime": 5, "_timestamp": 1646920079, "_step": 0, "_wandb": {"runtime": 6}}