{"MAE": 21.17459962354583, "MRAE": 0.35008596904424866, "R^2-Score": 0.03562790824807893, "MEAPE-mu": 4.526372320183486, "MEAPE-std": 4.113056636650737, "RMSE": 29.513144361678055, "JSD": 0.12472469389936493, "_runtime": 3, "_timestamp": 1646480894, "_step": 0, "_wandb": {"runtime": 3}}