{"MAE": 15.742953640943995, "RMSE": 20.696672227384745, "MRAE": 0.2688613948109278, "JSD": 0.1004935248577585, "R^2-Score": 0.48205450662636795, "MEAPE-mu": 3.7643070009531776, "MEAPE-std": 2.6636982810177923, "_runtime": 2, "_timestamp": 1645118678, "_step": 0, "_wandb": {"runtime": 3}}