{"ARI": 0.014955992277577358, "NMI": 0.008603009415841432, "JSD": 0.22407348669225155, "Precision": 0.5126684881830279, "Recall": 0.5958730863101842, "F1-Score": 0.5210427515057217, "ROC AUC": 0.5489517243948532, "Accuracy": 0.5958730863101842, "MEAPE-mu": 23.42674019705133, "MEAPE-std": 0.38642352295248056, "_runtime": 1592, "_timestamp": 1648664877, "_step": 0, "_wandb": {"runtime": 1590}}