{"MAE": 22.092601127247118, "MRAE": 0.4688467364015345, "R^2-Score": 0.31128085039923126, "MEAPE-mu": 0.24007788296676086, "MEAPE-std": 0.1800140975504425, "RMSE": 28.380033233469526, "JSD": Infinity, "_runtime": 5, "_timestamp": 1646985636, "_step": 0, "_wandb": {"runtime": 5}}