{"ARI": 0.7015968702397068, "NMI": 0.5803158355689616, "JSD": 0.10873972538303357, "Precision": 0.8978572600696441, "Recall": 0.8986021743953849, "F1-Score": 0.8977401787097979, "ROC AUC": 0.9691374540707925, "Accuracy": 0.8986021743953849, "MEAPE-mu": 2.4125040687677206, "MEAPE-std": 0.2045179688370838, "_runtime": 13, "_timestamp": 1648727025, "_step": 0, "_wandb": {"runtime": 14}}