{"ARI": -0.007602468047598061, "NMI": 0.11313581638704559, "JSD": 0.42235381030620484, "Precision": 0.47647849462365593, "Recall": 0.3870967741935484, "F1-Score": 0.41891891891891897, "Accuracy": 0.3870967741935484, "MEAPE-mu": 42.231682851975556, "MEAPE-std": 11.047360934318846, "_runtime": 3, "_timestamp": 1645609313, "_step": 0, "_wandb": {"runtime": 3}}