{"ARI": 0.00772233530222552, "NMI": 0.00046821449043818247, "JSD": 0.22293190966190973, "Precision": 0.5917585165826815, "Recall": 0.6746788438378162, "F1-Score": 0.6001382308767937, "ROC AUC": 0.5683546059718778, "Accuracy": 0.6746788438378162, "MEAPE-mu": 27.95976637190295, "MEAPE-std": 0.3150876299522033, "_runtime": 4, "_timestamp": 1645772188, "_step": 0, "_wandb": {"runtime": 5}}