{"MAE": 24.194511592517742, "RMSE": 29.000779961199118, "MRAE": 0.4615618989707829, "JSD": 0.1352732860415059, "R^2-Score": 0.41330035302978585, "MEAPE-mu": 5.443908220065013, "MEAPE-std": 4.118732569012639, "_runtime": 2, "_timestamp": 1645108307, "_step": 0, "_wandb": {"runtime": 3}}