{"MAE": 26.747765697803416, "MRAE": 0.4899305212404069, "R^2-Score": -0.10233884522606762, "MEAPE-mu": 3.795061674018359, "MEAPE-std": 0.30395480243188006, "RMSE": 32.90765061911932, "JSD": 0.16759209527621932, "_runtime": 3, "_timestamp": 1645989593, "_step": 0, "_wandb": {"runtime": 4}}