{"ARI": 0.13728713135290016, "NMI": 0.06306921814390393, "JSD": 0.1942357926418801, "Precision": 0.6796288202927517, "Recall": 0.7172803499817718, "F1-Score": 0.6596636259436006, "ROC AUC": 0.7131943451024758, "Accuracy": 0.7172803499817718, "MEAPE-mu": 20.491724959230723, "MEAPE-std": 0.6646588555345866, "_runtime": 222, "_timestamp": 1645522675, "_step": 0, "_wandb": {"runtime": 222}}