{"MAE": 26.85537191788729, "MRAE": 0.4602880242752892, "R^2-Score": -0.11442711879409573, "MEAPE-mu": 6.404784786186649, "MEAPE-std": 4.791415721476636, "RMSE": 32.64347445665733, "JSD": 0.1530526858836188, "_runtime": 3, "_timestamp": 1646480884, "_step": 0, "_wandb": {"runtime": 4}}