{"MAE": 19.29502987069668, "MRAE": 0.3009020871700498, "R^2-Score": 0.32657189144290966, "MEAPE-mu": 4.481102677169786, "MEAPE-std": 3.4641100480282994, "RMSE": 23.607200612464492, "JSD": 0.1073654317209737, "_runtime": 3, "_timestamp": 1646303949, "_step": 0, "_wandb": {"runtime": 4}}