{"MAE": 22.101926290268214, "MRAE": 0.39139068053207965, "R^2-Score": 0.378596824577046, "MEAPE-mu": 0.4227760692064775, "MEAPE-std": 0.30532129687258047, "RMSE": 28.563274755322926, "JSD": Infinity, "_runtime": 3, "_timestamp": 1646321871, "_step": 0, "_wandb": {"runtime": 4}}