{"ARI": 0.7421776404058029, "NMI": 0.6272241329289248, "JSD": 0.09905000496084834, "Precision": 0.9133049144737391, "Recall": 0.913734191258043, "F1-Score": 0.9127290378331713, "ROC AUC": 0.9852577584652508, "Accuracy": 0.913734191258043, "MEAPE-mu": 2.5877142065343977, "MEAPE-std": 0.19484293864544616, "_runtime": 7935, "_timestamp": 1649059989, "_step": 0, "_wandb": {"runtime": 7935}}