{"ARI": 0.15728890581229285, "NMI": 0.07422280380134225, "JSD": 0.1953017232430574, "Precision": 0.6903525687630637, "Recall": 0.7193366138144706, "F1-Score": 0.6697007016621306, "ROC AUC": 0.7263645500096678, "Accuracy": 0.7193366138144706, "MEAPE-mu": 18.934613436192603, "MEAPE-std": 0.6974814505622212, "_runtime": 75, "_timestamp": 1645507752, "_step": 0, "_wandb": {"runtime": 76}}