{"ARI": 0.11290889612799139, "NMI": 0.034964911826597556, "JSD": 0.21137837324272307, "Precision": 0.6387359686451023, "Recall": 0.5803864382063434, "F1-Score": 0.6048804039856474, "ROC AUC": 0.679341891772644, "Accuracy": 0.5803864382063434, "MEAPE-mu": 3.366832632720035, "MEAPE-std": 0.8422423144134571, "_runtime": 6, "_timestamp": 1646917720, "_step": 0, "_wandb": {"runtime": 6}}