{"MAE": 29.66798554267651, "MRAE": 0.5815236479763745, "R^2-Score": 0.3037249749594737, "MEAPE-mu": 7.130273166468507, "MEAPE-std": 5.500628563599515, "RMSE": 37.48756407782711, "JSD": 0.16009160633752748, "_runtime": 3, "_timestamp": 1646315979, "_step": 0, "_wandb": {"runtime": 4}}