{"MAE": 19.436642304622225, "MRAE": 0.3479734188276587, "R^2-Score": 0.48998178919417035, "MEAPE-mu": 0.516640610625234, "MEAPE-std": 0.336836252055906, "RMSE": 25.6175261261593, "JSD": Infinity, "_runtime": 4, "_timestamp": 1646484969, "_step": 0, "_wandb": {"runtime": 4}}