{"MAE": 27.511790548036387, "MRAE": 0.6102464718123578, "R^2-Score": -0.00132750720824526, "MEAPE-mu": 0.6250063851518124, "MEAPE-std": 0.33659792272477534, "RMSE": 34.19621827885513, "JSD": 0.17766158134595153, "_runtime": 3, "_timestamp": 1645989052, "_step": 0, "_wandb": {"runtime": 4}}