{"ARI": 0.05549215129955516, "NMI": 0.037191591542907236, "JSD": 0.20649795535210605, "Precision": 0.5962687795850636, "Recall": 0.6270690037719103, "F1-Score": 0.5499792345009831, "ROC AUC": 0.6386866709871474, "Accuracy": 0.6270690037719103, "MEAPE-mu": 27.772935272531825, "MEAPE-std": 0.3068826154186665, "_runtime": 698, "_timestamp": 1645720977, "_step": 0, "_wandb": {"runtime": 698}}