{"ARI": 0.08524933733025496, "NMI": 0.060145944369835155, "JSD": 0.19903689073556377, "Precision": 0.5699992944349808, "Recall": 0.6522298646549811, "F1-Score": 0.5796603053439633, "ROC AUC": 0.6866131621703301, "Accuracy": 0.6522298646549811, "MEAPE-mu": 24.560697723608968, "MEAPE-std": 0.2713872341569674, "_runtime": 5, "_timestamp": 1646914596, "_step": 0, "_wandb": {"runtime": 5}}