{"ARI": 0.02189487096084129, "NMI": 0.0038050753971990018, "JSD": Infinity, "Precision": 0.6587391486728332, "Recall": 0.7404851114178663, "F1-Score": 0.6615285216121864, "ROC AUC": 0.5864666146306106, "Accuracy": 0.7404851114178663, "MEAPE-mu": 85.06723690868479, "MEAPE-std": 4.6716529808571465, "_runtime": 571, "_timestamp": 1653850646, "_step": 0, "_wandb": {"runtime": 573}}