{"ARI": 0.018800403222796854, "NMI": 0.0028850613861626006, "JSD": Infinity, "Precision": 0.6544937006829277, "Recall": 0.7394991126010649, "F1-Score": 0.6598176216816796, "ROC AUC": 0.5784325094014025, "Accuracy": 0.7394991126010649, "MEAPE-mu": 85.16022444271545, "MEAPE-std": 4.604757631120973, "_runtime": 573, "_timestamp": 1653851226, "_step": 0, "_wandb": {"runtime": 573}}