{"MAE": 27.3545571752782, "RMSE": 34.956011920573864, "MRAE": 0.44088948791091814, "JSD": 0.1465972702387882, "R^2-Score": 0.3681555309914999, "MEAPE-mu": 5.968197805054151, "MEAPE-std": 4.237252020742978, "_runtime": 1, "_timestamp": 1645188789, "_step": 0, "_wandb": {"runtime": 3}}