{"MAE": 21.637668255355113, "MRAE": 0.35650432295137524, "R^2-Score": 0.015432811786981748, "MEAPE-mu": 4.752939476185755, "MEAPE-std": 3.56472954641465, "RMSE": 29.82056341029326, "JSD": 0.1268720094255532, "_runtime": 2, "_timestamp": 1646481480, "_step": 0, "_wandb": {"runtime": 4}}