{"ARI": 0.07662629190400105, "NMI": 0.020506202534856584, "JSD": 0.2168784372012058, "Precision": 0.6184286129569584, "Recall": 0.545935107546482, "F1-Score": 0.5758239574223576, "ROC AUC": 0.6326324978595768, "Accuracy": 0.545935107546482, "MEAPE-mu": 4.075881879534627, "MEAPE-std": 0.9914596606317847, "_runtime": 5, "_timestamp": 1645475094, "_step": 0, "_wandb": {"runtime": 5}}