{"ARI": -0.07616419955891562, "NMI": 0.10603159389188471, "JSD": 0.5445155675845965, "Precision": 0.47311827956989244, "Recall": 0.1935483870967742, "F1-Score": 0.27471383975026015, "Accuracy": 0.1935483870967742, "MEAPE-mu": 58.14558405137268, "MEAPE-std": 11.257462172544127, "_runtime": 3, "_timestamp": 1645609291, "_step": 0, "_wandb": {"runtime": 3}}