{"ARI": 0.0, "NMI": 0.0, "JSD": 0.1787843262397188, "Precision": 0.49, "Recall": 0.7, "F1-Score": 0.5764705882352941, "ROC AUC": 0.4936162870945479, "Accuracy": 0.7, "MEAPE-mu": 34.534769952670274, "MEAPE-std": 6.66345587818575, "_runtime": 4, "_timestamp": 1645463491, "_step": 0, "_wandb": {"runtime": 4}}