{"MAE": 28.56506791703914, "RMSE": 33.67982198122167, "MRAE": 0.6528206992113567, "JSD": Infinity, "R^2-Score": 0.04212857385510094, "MEAPE-mu": 1.0541218529681742, "MEAPE-std": 0.315520147105516, "_runtime": 3, "_timestamp": 1645194018, "_step": 0, "_wandb": {"runtime": 4}}