{"ARI": -0.030090455971940187, "NMI": 0.09987488070974727, "JSD": 0.24507756188036744, "Precision": 0.5263440860215054, "Recall": 0.4838709677419355, "F1-Score": 0.5033157244014836, "ROC AUC": 0.5697248150118489, "Accuracy": 0.4838709677419355, "MEAPE-mu": 10.557063889667235, "MEAPE-std": 7.193793711077107, "_runtime": 5, "_timestamp": 1646932400, "_step": 0, "_wandb": {"runtime": 5}}