{"ARI": 0.033394283514579924, "NMI": 0.040133660878506484, "JSD": 0.22199022717694472, "Precision": 0.6089330024813896, "Recall": 0.6774193548387096, "F1-Score": 0.6370967741935483, "ROC AUC": 0.7315072302558399, "Accuracy": 0.6774193548387096, "MEAPE-mu": 15.43101970196534, "MEAPE-std": 9.224633215504817, "_runtime": 2, "_timestamp": 1645460927, "_step": 0, "_wandb": {"runtime": 4}}