{"MAE": 27.647881073885067, "MRAE": 0.6839107460339859, "R^2-Score": -0.2555111772912826, "MEAPE-mu": 6.765279496808035, "MEAPE-std": 0.3313904922533194, "RMSE": 38.55906283005176, "JSD": 0.20044513817003495, "_runtime": 193, "_timestamp": 1648755520, "_step": 0, "_wandb": {"runtime": 193}}