{"MAE": 27.0755175412292, "MRAE": 0.5866597200664818, "R^2-Score": 0.056262010607660895, "MEAPE-mu": 0.3375738478919393, "MEAPE-std": 0.2885208197146302, "RMSE": 33.537866944900514, "JSD": Infinity, "_runtime": 3, "_timestamp": 1645985535, "_step": 0, "_wandb": {"runtime": 4}}