{"MAE": 22.255067614860902, "MRAE": 0.448105783730605, "R^2-Score": 0.16981701694507068, "MEAPE-mu": 3.0040262345954165, "MEAPE-std": 0.25849325059672745, "RMSE": 28.5578978223238, "JSD": Infinity, "_runtime": 5, "_timestamp": 1647000637, "_step": 0, "_wandb": {"runtime": 5}}