{"ARI": 0.056708160442600276, "NMI": 0.06872782197944338, "JSD": Infinity, "Precision": 0.4217741935483871, "Recall": 0.3548387096774194, "F1-Score": 0.3755169561621174, "ROC AUC": 0.41428571428571426, "Accuracy": 0.3548387096774194, "MEAPE-mu": 128.75445242751744, "MEAPE-std": 146.3508375561376, "_runtime": 4, "_timestamp": 1653671997, "_step": 0, "_wandb": {"runtime": 5}}