{"ARI": 0.6627779321583338, "NMI": 0.5107188210349534, "JSD": 0.11626848737759861, "Precision": 0.8908114169861804, "Recall": 0.8930540242557883, "F1-Score": 0.8912338967933316, "ROC AUC": 0.9580648537755242, "Accuracy": 0.8930540242557883, "MEAPE-mu": 1.2724201563289816, "MEAPE-std": 0.9161735049365081, "_runtime": 7, "_timestamp": 1654102547, "_step": 0, "_wandb": {"runtime": 8}}