{"ARI": -0.06603261119755462, "NMI": 0.09151034417522802, "JSD": 0.2467301667816981, "Precision": 0.5321718130067277, "Recall": 0.4838709677419355, "F1-Score": 0.500848896434635, "ROC AUC": 0.6118585868356144, "Accuracy": 0.4838709677419355, "MEAPE-mu": 18.46712058279585, "MEAPE-std": 13.614895811151731, "_runtime": 3, "_timestamp": 1645464024, "_step": 0, "_wandb": {"runtime": 4}}