{"MAE": 14.013475292440798, "MRAE": 0.240092757786302, "R^2-Score": 0.153704796587381, "MEAPE-mu": 6.077743887434511, "MEAPE-std": 0.20496847040514368, "RMSE": 18.29761997926598, "JSD": 0.09126561375058923, "_runtime": 5, "_timestamp": 1647417001, "_step": 0, "_wandb": {"runtime": 5}}