{"MAE": 28.70552434366707, "MRAE": 0.5328570882709681, "R^2-Score": 0.2960701618910878, "MEAPE-mu": 6.239937232183919, "MEAPE-std": 4.925556615435563, "RMSE": 36.896185740183064, "JSD": 0.15697722177816398, "_runtime": 3, "_timestamp": 1646480952, "_step": 0, "_wandb": {"runtime": 4}}