{"MAE": 21.405273422324775, "RMSE": 27.574991305931075, "MRAE": 0.37595969787574335, "JSD": Infinity, "R^2-Score": 0.4056335216757859, "MEAPE-mu": 0.536602915164254, "MEAPE-std": 0.3564971324242616, "_runtime": 158, "_timestamp": 1645214544, "_step": 0, "_wandb": {"runtime": 159}}