{"MAE": 21.478827797521415, "RMSE": 28.397803674291403, "MRAE": 0.37484789683921965, "JSD": Infinity, "R^2-Score": 0.10510118237217603, "MEAPE-mu": 0.7651179778360085, "MEAPE-std": 0.45531536112049065, "_runtime": 2, "_timestamp": 1645391489, "_step": 0, "_wandb": {"runtime": 3}}