{"MAE": 25.10322580645162, "RMSE": 31.61273732675364, "MRAE": 0.45243230892944597, "JSD": 0.1405257973526499, "R^2-Score": 0.23827183289393106, "MEAPE-mu": 6.600132366313975, "MEAPE-std": 5.25184521413313, "_runtime": 2, "_timestamp": 1645186156, "_step": 0, "_wandb": {"runtime": 3}}