{"ARI": 0.698739659104618, "NMI": 0.5840625697663078, "JSD": 0.11314977621611864, "Precision": 0.9104438604026995, "Recall": 0.9106945975744212, "F1-Score": 0.9089089510317513, "ROC AUC": 0.9674798298741641, "Accuracy": 0.9106945975744212, "MEAPE-mu": 3.608782053774699, "MEAPE-std": 1.1818806669491193, "_runtime": 193, "_timestamp": 1654217807, "_step": 0, "_wandb": {"runtime": 193}}