{"ARI": -0.010306485373593032, "NMI": 0.0012385345737756666, "JSD": Infinity, "Precision": 0.5638958225868891, "Recall": 0.5704034524287435, "F1-Score": 0.5670336881829611, "ROC AUC": 0.46055881164515106, "Accuracy": 0.5704034524287435, "MEAPE-mu": 8.02393165685896, "MEAPE-std": 2.717901341228777, "_runtime": 64, "_timestamp": 1653687006, "_step": 0, "_wandb": {"runtime": 64}}