{"ARI": 0.10599347989634707, "NMI": 0.09294671086134322, "JSD": 0.18749840449818878, "Precision": 0.6344086021505375, "Recall": 0.7096774193548387, "F1-Score": 0.6433179723502305, "ROC AUC": 0.6736175115207375, "MEAPE-mu": 22.14197644514958, "MEAPE-std": 8.727565759095478, "_runtime": 4, "_timestamp": 1645443935, "_step": 0, "_wandb": {"runtime": 4}}