{"MAE": 13.611937570915185, "MRAE": 0.198660048946296, "R^2-Score": 0.7113488943785852, "MEAPE-mu": 0.2651566641461296, "MEAPE-std": 0.20601741289198505, "RMSE": 19.271491264403117, "JSD": Infinity, "_runtime": 1237, "_timestamp": 1646533206, "_step": 0, "_wandb": {"runtime": 1237}}