{"ARI": 0.05118597703157979, "NMI": 0.06404136255846923, "JSD": 0.17977729132662212, "Precision": 0.6244393495630652, "Recall": 0.64859108054138, "F1-Score": 0.5420983626280034, "ROC AUC": 0.7213572167533185, "Accuracy": 0.64859108054138, "MEAPE-mu": 34.31017828099838, "MEAPE-std": 0.22609150346875354, "_runtime": 10, "_timestamp": 1646920865, "_step": 0, "_wandb": {"runtime": 10}}