{"ARI": 0.08772421524663677, "NMI": 0.03693785269478898, "JSD": 0.2284913155127326, "Precision": 0.573763440860215, "Recall": 0.6451612903225806, "F1-Score": 0.6038869965938689, "ROC AUC": 0.7774773903370895, "Accuracy": 0.6451612903225806, "MEAPE-mu": 13.65975052149759, "MEAPE-std": 8.582289030249068, "_runtime": 3, "_timestamp": 1645460956, "_step": 0, "_wandb": {"runtime": 3}}