{"MAE": 26.84264232179856, "MRAE": 0.46372835568542714, "R^2-Score": -0.0989652705130839, "MEAPE-mu": 6.003311732154157, "MEAPE-std": 4.832486185421321, "RMSE": 32.41623151946133, "JSD": 0.1514684508976768, "_runtime": 4, "_timestamp": 1646480903, "_step": 0, "_wandb": {"runtime": 4}}