{"MAE": 22.80322580645161, "MRAE": 0.30483586490322495, "R^2-Score": -0.176938407168171, "MEAPE-mu": 4.678188321150028, "MEAPE-std": 4.140318553541501, "RMSE": 27.283168626876545, "JSD": 0.11394239998939082, "_runtime": 8, "_timestamp": 1646306234, "_step": 0, "_wandb": {"runtime": 4}}