{"ARI": 0.4117600877391526, "NMI": 0.2567712710740373, "JSD": 0.16353935423380844, "Precision": 0.7874276036886575, "Recall": 0.7996718920889537, "F1-Score": 0.7831598783814079, "ROC AUC": 0.8760045552331516, "Accuracy": 0.7996718920889537, "MEAPE-mu": 11.192791022310171, "MEAPE-std": 0.621164396797652, "_runtime": 202, "_timestamp": 1647286305, "_step": 0, "_wandb": {"runtime": 203}}