{"ARI": 0.1838657361305473, "NMI": 0.10375605191033548, "JSD": 0.18447906525765162, "Precision": 0.6779098156178733, "Recall": 0.743109151047409, "F1-Score": 0.6908645759827992, "ROC AUC": 0.7693356648722023, "Accuracy": 0.743109151047409, "MEAPE-mu": 19.17803350654059, "MEAPE-std": 1.6098017483552207, "_runtime": 62, "_timestamp": 1654287217, "_step": 0, "_wandb": {"runtime": 64}}