{"MAE": 22.884222890093017, "RMSE": 29.018368910965332, "MRAE": 0.6291788264954891, "JSD": 0.14506610206501416, "R^2-Score": 0.5032949096919717, "MEAPE-mu": 5.261827731102598, "MEAPE-std": 3.798900680156896, "_runtime": 4, "_timestamp": 1645433441, "_step": 0, "_wandb": {"runtime": 5}}