{"ARI": 0.027643182356548765, "NMI": 0.014637361405784264, "JSD": 0.18370343772388892, "Precision": 0.6013800032217315, "Recall": 0.6954064892453518, "F1-Score": 0.5859878054126212, "ROC AUC": 0.6946714303163237, "Accuracy": 0.6954064892453518, "MEAPE-mu": 32.347266760621345, "MEAPE-std": 0.5283945841665242, "_runtime": 4, "_timestamp": 1645774403, "_step": 0, "_wandb": {"runtime": 5}}