{"MAE": 19.311327627747087, "RMSE": 24.296111377167314, "MRAE": 0.3436370755451895, "JSD": 0.11009094901122854, "R^2-Score": 0.0993508231124226, "MEAPE-mu": 10.573641654276535, "MEAPE-std": 5.034103349418475, "_runtime": 2, "_timestamp": 1645118200, "_step": 0, "_wandb": {"runtime": 3}}