{"ARI": -0.04629316602038774, "NMI": 0.08391583716970737, "JSD": 0.18726405697230433, "Precision": 0.7232013337799392, "Recall": 0.38257993384785005, "F1-Score": 0.35011510903231324, "ROC AUC": 0.7251405707452383, "Accuracy": 0.38257993384785005, "MEAPE-mu": 70.44541332063223, "MEAPE-std": 3.04258044522297, "_runtime": 3, "_timestamp": 1654102255, "_step": 0, "_wandb": {"runtime": 4}}