{"MAE": 20.80740740740741, "RMSE": 26.618026627903614, "MRAE": 0.2846495037178399, "JSD": 0.10845770823120504, "R^2-Score": 0.3877466182170224, "MEAPE-mu": 4.889863480832265, "MEAPE-std": 3.1562863987953076, "_runtime": 2, "_timestamp": 1645116872, "_step": 0, "_wandb": {"runtime": 3}}