{"ARI": 0.016451592940732698, "NMI": 0.004418380338423337, "JSD": 0.19384909923065952, "Precision": 0.4964492296488846, "Recall": 0.617661415575771, "F1-Score": 0.4977879220176328, "ROC AUC": 0.6073655737743958, "Accuracy": 0.617661415575771, "MEAPE-mu": 34.822354712358184, "MEAPE-std": 0.3032482316725355, "_runtime": 4, "_timestamp": 1645564690, "_step": 0, "_wandb": {"runtime": 6}}