{"ARI": 0.2696695678964847, "NMI": 0.2119568304014478, "JSD": 0.18179193354349757, "Precision": 0.7143963181895011, "Recall": 0.7138229420900821, "F1-Score": 0.667335100221382, "ROC AUC": 0.7678502214053295, "Accuracy": 0.7138229420900821, "MEAPE-mu": 23.712556700965635, "MEAPE-std": 0.2813152183148183, "_runtime": 2554, "_timestamp": 1648436254, "_step": 0, "_wandb": {"runtime": 2554}}