{"ARI": 0.0, "NMI": 0.0, "JSD": 0.17808250847017623, "Precision": 0.3832618155944979, "Recall": 0.6190814288883958, "F1-Score": 0.4734311798729381, "ROC AUC": 0.5273052109793456, "Accuracy": 0.6190814288883958, "MEAPE-mu": 39.26284265967304, "MEAPE-std": 0.21064837565036396, "_runtime": 2471, "_timestamp": 1647871970, "_step": 0, "_wandb": {"runtime": 2471}}