{"ARI": 0.6998782333467949, "NMI": 0.5801171675835923, "JSD": 0.10905971133123409, "Precision": 0.8976562590835676, "Recall": 0.8983802973152873, "F1-Score": 0.897439778300952, "ROC AUC": 0.9683384235664797, "Accuracy": 0.8983802973152873, "MEAPE-mu": 2.5612709758698795, "MEAPE-std": 0.24019174273259924, "_runtime": 13, "_timestamp": 1648726977, "_step": 0, "_wandb": {"runtime": 14}}