{"ARI": 0.7382308496706567, "NMI": 0.6231297418361667, "JSD": 0.10113935477090984, "Precision": 0.9119052155747459, "Recall": 0.9124473041934769, "F1-Score": 0.9116531031704079, "ROC AUC": 0.9842085274832104, "Accuracy": 0.9124473041934769, "MEAPE-mu": 2.22091840125415, "MEAPE-std": 0.17176506176580103, "_runtime": 7654, "_timestamp": 1649075277, "_step": 0, "_wandb": {"runtime": 7653}}