{"MAE": 30.722166380148327, "MRAE": 0.6533192482473242, "R^2-Score": 0.09584434147700926, "MEAPE-mu": 2.5223441950962013, "MEAPE-std": 0.37735678604318235, "RMSE": 36.77144069839015, "JSD": 0.18764464141011303, "_runtime": 7159, "_timestamp": 1652055586, "_step": 0, "_wandb": {"runtime": 7159}}