{"ARI": 0.10712134220983582, "NMI": 0.0781729061593446, "JSD": 0.2036327511595474, "Precision": 0.5723928693488787, "Recall": 0.657199911249168, "F1-Score": 0.5990533021879323, "ROC AUC": 0.7081328335525464, "Accuracy": 0.657199911249168, "MEAPE-mu": 18.22096184940101, "MEAPE-std": 0.3407751096959658, "_runtime": 10, "_timestamp": 1646846169, "_step": 0, "_wandb": {"runtime": 11}}