{"MAE": 24.03696589316091, "RMSE": 29.51715557329635, "MRAE": 0.3117540552368122, "JSD": 0.12032375572741487, "R^2-Score": 0.03536574957281191, "MEAPE-mu": 4.870982124280236, "MEAPE-std": 3.5040686391980094, "_runtime": 2, "_timestamp": 1645190301, "_step": 0, "_wandb": {"runtime": 3}}