{"ARI": 0.03064684934897339, "NMI": 0.021096569447327254, "JSD": 0.1804215632226257, "Precision": 0.6493269255003373, "Recall": 0.7019686474662779, "F1-Score": 0.5942013474751565, "ROC AUC": 0.6894817901407722, "Accuracy": 0.7019686474662779, "MEAPE-mu": 32.60164733205016, "MEAPE-std": 0.5641472360816331, "_runtime": 5, "_timestamp": 1646919865, "_step": 0, "_wandb": {"runtime": 5}}