{"ARI": 0.08385367396305649, "NMI": 0.05901497682323409, "JSD": 0.19961926394392066, "Precision": 0.5684793628341087, "Recall": 0.6512536055025516, "F1-Score": 0.5788488936873861, "ROC AUC": 0.6835805561398131, "Accuracy": 0.6512536055025516, "MEAPE-mu": 24.454245292973106, "MEAPE-std": 0.26709567957074193, "_runtime": 5, "_timestamp": 1646914610, "_step": 0, "_wandb": {"runtime": 5}}