{"MAE": 1.9725976025917749, "MRAE": 0.03236745245850343, "R^2-Score": 0.9889830421428664, "MEAPE-mu": 0.08937568228774806, "MEAPE-std": 0.05928401425403321, "RMSE": 3.806699640764443, "JSD": 0.018031735350440743, "_runtime": 899, "_timestamp": 1646698298, "_step": 0, "_wandb": {"runtime": 900}}