{"ARI": 0.04529959357649187, "NMI": 0.02365620746226023, "JSD": 0.21894318000449692, "Precision": 0.5133406668445529, "Recall": 0.5995118704237852, "F1-Score": 0.535905930703618, "ROC AUC": 0.5851475152225649, "Accuracy": 0.5995118704237852, "MEAPE-mu": 21.3249505126582, "MEAPE-std": 0.35096399315009574, "_runtime": 4, "_timestamp": 1645987159, "_step": 0, "_wandb": {"runtime": 5}}