{"ARI": 0.788300872237315, "NMI": 0.6733525435163732, "JSD": 0.09345813504663114, "Precision": 0.9357532602095785, "Recall": 0.9360189573459715, "F1-Score": 0.9358376615411486, "ROC AUC": 0.9861405840454508, "Accuracy": 0.9360189573459715, "MEAPE-mu": 0.8224138106626862, "MEAPE-std": 0.34455414843794535, "_runtime": 389, "_timestamp": 1653421313, "_step": 0, "_wandb": {"runtime": 391}}