{"ARI": -0.039106140311104334, "NMI": 0.013959778785711032, "JSD": 0.24790418206058448, "Precision": 0.524928846334811, "Recall": 0.6243288001204396, "F1-Score": 0.5600481070723358, "ROC AUC": 0.5744507229924987, "Accuracy": 0.6243288001204396, "MEAPE-mu": 23.63233120969855, "MEAPE-std": 0.4269558009109834, "_runtime": 8, "_timestamp": 1646929114, "_step": 0, "_wandb": {"runtime": 8}}