{"MAE": 29.203120757016123, "MRAE": 0.7207962091373665, "R^2-Score": 0.08383266889860985, "MEAPE-mu": 13.877149889082848, "MEAPE-std": 9.002984763310142, "RMSE": 34.65477344085438, "JSD": 0.1735550610247581, "_runtime": 3, "_timestamp": 1646307570, "_step": 0, "_wandb": {"runtime": 4}}