{"ARI": 0.0, "NMI": 7.024775910151136e-16, "JSD": 0.18130219460421393, "Precision": 0.4588969823100936, "Recall": 0.6774193548387096, "F1-Score": 0.5471464019851118, "ROC AUC": 0.6566547371475553, "Accuracy": 0.6774193548387096, "MEAPE-mu": 36.439625678958066, "MEAPE-std": 7.593745468169185, "_runtime": 5, "_timestamp": 1646942197, "_step": 0, "_wandb": {"runtime": 5}}