{"ARI": 0.06235765373120723, "NMI": 0.021419550109287883, "JSD": 0.21313849235084822, "Precision": 0.658769310011365, "Recall": 0.7025291047771979, "F1-Score": 0.6410667709187543, "ROC AUC": 0.7027905827858247, "Accuracy": 0.7025291047771979, "MEAPE-mu": 26.503873320395286, "MEAPE-std": 0.3723411111593745, "_runtime": 8, "_timestamp": 1646929135, "_step": 0, "_wandb": {"runtime": 7}}