{"ARI": -0.04794636317539016, "NMI": 0.016158464465949582, "JSD": 0.2395309040199808, "Precision": 0.5161290322580645, "Recall": 0.6129032258064516, "F1-Score": 0.5510752688172043, "ROC AUC": 0.6414325095516757, "Accuracy": 0.6129032258064516, "MEAPE-mu": 20.21498581131486, "MEAPE-std": 9.060204483194015, "_runtime": 4, "_timestamp": 1645460871, "_step": 0, "_wandb": {"runtime": 5}}