{"MAE": 18.532729094363244, "MRAE": 0.42173693822664066, "R^2-Score": -0.17943445956569004, "MEAPE-mu": 12.9054377753054, "MEAPE-std": 0.22995807847116342, "RMSE": 23.24257002389487, "JSD": 0.12598402307419462, "_runtime": 2441, "_timestamp": 1652041451, "_step": 0, "_wandb": {"runtime": 2441}}