{"ARI": 0.736628120199308, "NMI": 0.6218758261369471, "JSD": 0.1007167755410723, "Precision": 0.9115109740088717, "Recall": 0.9120479254493011, "F1-Score": 0.9112055330678314, "ROC AUC": 0.9841537962205018, "Accuracy": 0.9120479254493011, "MEAPE-mu": 2.2202076824854, "MEAPE-std": 0.2127671990200991, "_runtime": 7778, "_timestamp": 1649020693, "_step": 0, "_wandb": {"runtime": 7777}}