{"ARI": -0.016690610453808225, "NMI": 0.015253147574872217, "JSD": 0.19320133801892236, "Precision": 0.37951870553383515, "Recall": 0.6036387841136011, "F1-Score": 0.4660335955716827, "ROC AUC": 0.522045582767436, "Accuracy": 0.6036387841136011, "MEAPE-mu": 37.36926633183968, "MEAPE-std": 0.24303142114545556, "_runtime": 4, "_timestamp": 1645789144, "_step": 0, "_wandb": {"runtime": 3}}