{"ARI": 0.5111262866264238, "NMI": 0.37326109424501064, "JSD": 0.14506537309004208, "Precision": 0.8407505184159011, "Recall": 0.8445133065986147, "F1-Score": 0.836887572658127, "ROC AUC": 0.8586737953439258, "Accuracy": 0.8445133065986147, "MEAPE-mu": 7.244991792945864, "MEAPE-std": 0.5528380708307958, "_runtime": 4309, "_timestamp": 1647387842, "_step": 0, "_wandb": {"runtime": 4310}}