{"ARI": 0.20839001997043255, "NMI": 0.11216374230019556, "JSD": 0.20661432723305725, "Precision": 0.7386716741648356, "Recall": 0.7394620634283421, "F1-Score": 0.7390589876166934, "ROC AUC": 0.8358318984151695, "Accuracy": 0.7394620634283421, "MEAPE-mu": 0.45530627689846126, "MEAPE-std": 0.3227620497866567, "_runtime": 5, "_timestamp": 1645796604, "_step": 0, "_wandb": {"runtime": 6}}