{"ARI": 0.001757498513575755, "NMI": 0.0711878510797081, "JSD": 0.2363330730108844, "Precision": 0.575673744528545, "Recall": 0.567079839591688, "F1-Score": 0.5693728346167412, "ROC AUC": 0.5112158410356611, "Accuracy": 0.567079839591688, "MEAPE-mu": 7.148386544226571, "MEAPE-std": 0.9389230952200098, "_runtime": 3, "_timestamp": 1645786762, "_step": 0, "_wandb": {"runtime": 4}}