{"ARI": 0.0, "NMI": 6.72167951363937e-16, "JSD": 0.17634804296710868, "Precision": 0.4588969823100936, "Recall": 0.6774193548387096, "F1-Score": 0.5471464019851118, "ROC AUC": 0.6633832565284179, "Accuracy": 0.6774193548387096, "MEAPE-mu": 33.696783363627645, "MEAPE-std": 7.022538449977022, "_runtime": 5, "_timestamp": 1646933644, "_step": 0, "_wandb": {"runtime": 5}}