{"ARI": 0.5329955685252742, "NMI": 0.39515085504690883, "JSD": 0.14020199058392369, "Precision": 0.8488102006770537, "Recall": 0.8523514400291652, "F1-Score": 0.8455822144875127, "ROC AUC": 0.9170065717103106, "Accuracy": 0.8523514400291652, "MEAPE-mu": 7.03124572523214, "MEAPE-std": 0.5494676639094838, "_runtime": 267, "_timestamp": 1647581077, "_step": 0, "_wandb": {"runtime": 267}}