{"MAE": 21.341361305355335, "MRAE": 0.42043515178972163, "R^2-Score": 0.45134629472186094, "MEAPE-mu": 1.2538750418755782, "MEAPE-std": 0.4252171788473758, "RMSE": 26.671386769084574, "JSD": 0.1245148862968376, "_runtime": 11, "_timestamp": 1646320199, "_step": 0, "_wandb": {"runtime": 13}}