{"ARI": 0.08417806921303658, "NMI": 0.03288402841030128, "JSD": 0.1976045220213904, "Precision": 0.7144081937200089, "Recall": 0.7564582922500493, "F1-Score": 0.6952004360577445, "ROC AUC": 0.724768539299691, "Accuracy": 0.7564582922500493, "MEAPE-mu": 25.46594921803895, "MEAPE-std": 0.6135998592121793, "_runtime": 4, "_timestamp": 1645773809, "_step": 0, "_wandb": {"runtime": 5}}