{"ARI": 0.4619379402224638, "NMI": 0.3571798929532364, "JSD": 0.1527247168158299, "Precision": 0.8080768163846875, "Recall": 0.8086088307077879, "F1-Score": 0.8036830089247871, "ROC AUC": 0.8719138325799285, "Accuracy": 0.8086088307077879, "MEAPE-mu": 3.6749909556342772, "MEAPE-std": 0.29685165094816623, "_runtime": 1973, "_timestamp": 1647266353, "_step": 0, "_wandb": {"runtime": 1973}}