{"MAE": 24.916113130238774, "MRAE": 0.3220545938688075, "R^2-Score": 0.28110331485975326, "MEAPE-mu": 9.55525740948812, "MEAPE-std": 4.867115521356464, "RMSE": 32.320496360856936, "JSD": 0.12587389118545375, "_runtime": 3, "_timestamp": 1646308252, "_step": 0, "_wandb": {"runtime": 4}}