{"ARI": -0.050555266385829245, "NMI": 0.07966251798514046, "JSD": 0.18693435103012826, "Precision": 0.715528451857784, "Recall": 0.36824696802646084, "F1-Score": 0.3291088812428531, "ROC AUC": 0.7373895671289464, "Accuracy": 0.36824696802646084, "MEAPE-mu": 73.21739764102618, "MEAPE-std": 3.151359028978035, "_runtime": 4, "_timestamp": 1654258865, "_step": 0, "_wandb": {"runtime": 4}}