{"ARI": 0.0396947262540031, "NMI": 0.022821410239404465, "JSD": 0.2229657823442518, "Precision": 0.5553054753062623, "Recall": 0.6019081428888395, "F1-Score": 0.5407503820750383, "ROC AUC": 0.595254270243713, "Accuracy": 0.6019081428888395, "MEAPE-mu": 22.291083709520475, "MEAPE-std": 0.38057613694004067, "_runtime": 5, "_timestamp": 1645720957, "_step": 0, "_wandb": {"runtime": 6}}