{"ARI": 0.1388973718679963, "NMI": 0.13883192426767185, "JSD": 0.19382886205584013, "Precision": 0.5069481674386646, "Recall": 0.624672731306856, "F1-Score": 0.5226098308440915, "ROC AUC": 0.5232116269045278, "Accuracy": 0.624672731306856, "MEAPE-mu": 30.443172217685614, "MEAPE-std": 0.29349689881862423, "_runtime": 1973, "_timestamp": 1649108616, "_step": 0, "_wandb": {"runtime": 1973}}