{"ARI": 0.13014369337648696, "NMI": 0.09092870356635745, "JSD": 0.2166942151139218, "Precision": 0.6115263471062169, "Recall": 0.6119813623252718, "F1-Score": 0.6112505376265442, "ROC AUC": 0.6425972623627776, "Accuracy": 0.6119813623252718, "MEAPE-mu": 0.958162995949531, "MEAPE-std": 0.4493584741742467, "_runtime": 12, "_timestamp": 1647933003, "_step": 0, "_wandb": {"runtime": 13}}