{"ARI": 0.5272454701494143, "NMI": 0.3829198216188674, "JSD": 0.14225598859953043, "Precision": 0.8441457093474051, "Recall": 0.8485235144002916, "F1-Score": 0.8419445338990338, "ROC AUC": 0.9165929676160812, "Accuracy": 0.8485235144002916, "MEAPE-mu": 6.723783636596887, "MEAPE-std": 0.569232570792303, "_runtime": 277, "_timestamp": 1647581361, "_step": 0, "_wandb": {"runtime": 278}}