{"MAE": 19.587919156776934, "MRAE": 0.3670927744660374, "R^2-Score": 0.5337486362209188, "MEAPE-mu": 3.3518497962179765, "MEAPE-std": 0.43073999420698084, "RMSE": 24.465743818891976, "JSD": 0.1126065934595793, "_runtime": 10, "_timestamp": 1646487183, "_step": 0, "_wandb": {"runtime": 10}}