{"ARI": 0.731655780193221, "NMI": 0.63391017006027, "JSD": 0.10288846718983367, "Precision": 0.9135889662606858, "Recall": 0.911870423785223, "F1-Score": 0.9123468737338144, "ROC AUC": 0.9830666923198533, "Accuracy": 0.911870423785223, "MEAPE-mu": 2.220378370186732, "MEAPE-std": 0.19674339210068278, "_runtime": 29382, "_timestamp": 1649302123, "_step": 0, "_wandb": {"runtime": 29381}}