{"ARI": 0.0, "NMI": 0.0, "JSD": 0.1787843262397188, "Precision": 0.0, "Recall": 0.0, "F1-Score": 0.0, "Accuracy": 0.0, "MEAPE-mu": 165.36311837634915, "MEAPE-std": 6.525588642916697, "_runtime": 3, "_timestamp": 1645621664, "_step": 0, "_wandb": {"runtime": 4}}