{"ARI": 0.07423208191126279, "NMI": 0.09708078739550755, "JSD": 0.17630868649631531, "Precision": 0.732258064516129, "Recall": 0.7096774193548387, "F1-Score": 0.6152224330592452, "ROC AUC": 0.6444503554674276, "Accuracy": 0.7096774193548387, "MEAPE-mu": 32.2244739517645, "MEAPE-std": 6.547227774093862, "_runtime": 4, "_timestamp": 1645459556, "_step": 0, "_wandb": {"runtime": 4}}