{"ARI": 0.5265917199469377, "NMI": 0.38769809039825714, "JSD": 0.14074986089719388, "Precision": 0.846006363467466, "Recall": 0.8499817717827196, "F1-Score": 0.8430501025602248, "ROC AUC": 0.9191785292123378, "Accuracy": 0.8499817717827196, "MEAPE-mu": 7.103437409441746, "MEAPE-std": 0.5512275771682926, "_runtime": 268, "_timestamp": 1647580802, "_step": 0, "_wandb": {"runtime": 268}}