{"ARI": 0.0, "NMI": 0.0, "JSD": 0.17878432623971877, "Precision": 0.49, "Recall": 0.7, "F1-Score": 0.5764705882352941, "ROC AUC": 0.42451690821256044, "Accuracy": 0.7, "MEAPE-mu": 33.205880079519424, "MEAPE-std": 7.9451561798041235, "_runtime": 6, "_timestamp": 1646933977, "_step": 0, "_wandb": {"runtime": 5}}