{"MAE": 22.458316211251606, "MRAE": 0.39666091041663154, "R^2-Score": 0.36821664430927925, "MEAPE-mu": 0.48261802895642975, "MEAPE-std": 0.338840670229745, "RMSE": 28.76878271612469, "JSD": Infinity, "_runtime": 4, "_timestamp": 1646321497, "_step": 0, "_wandb": {"runtime": 4}}