{"ARI": -0.008459038160640508, "NMI": 0.002169286317348962, "JSD": Infinity, "Precision": 0.542100302798213, "Recall": 0.6874749096748294, "F1-Score": 0.5764671738739792, "ROC AUC": 0.4894572385792493, "Accuracy": 0.6874749096748294, "MEAPE-mu": 139.87071148933703, "MEAPE-std": 4.161715514835175, "_runtime": 85, "_timestamp": 1653692349, "_step": 0, "_wandb": {"runtime": 86}}