{"ARI": 0.19264167817087813, "NMI": 0.11833759674099299, "JSD": 0.18396755389886796, "Precision": 0.7271106453696942, "Recall": 0.7464167585446527, "F1-Score": 0.7006501275091145, "ROC AUC": 0.7855839325161625, "Accuracy": 0.7464167585446527, "MEAPE-mu": 18.549546339012178, "MEAPE-std": 1.6005037551883055, "_runtime": 170, "_timestamp": 1654312504, "_step": 0, "_wandb": {"runtime": 170}}