{"ARI": 0.7474963274647406, "NMI": 0.6320557061885163, "JSD": 0.09816913014038822, "Precision": 0.9149205838709114, "Recall": 0.9154648324828045, "F1-Score": 0.9147563002803669, "ROC AUC": 0.9855313912982359, "Accuracy": 0.9154648324828045, "MEAPE-mu": 1.9880671935629115, "MEAPE-std": 0.21740963892119622, "_runtime": 7617, "_timestamp": 1649067616, "_step": 0, "_wandb": {"runtime": 7617}}