{"MAE": 21.389824623485417, "RMSE": 27.642928556917248, "MRAE": 0.3739824341749265, "JSD": 0.12407553704124814, "R^2-Score": 0.4007435291861339, "MEAPE-mu": 0.3726869131478424, "MEAPE-std": 0.2521352374261545, "_runtime": 3, "_timestamp": 1645237757, "_step": 0, "_wandb": {"runtime": 5}}