{"ARI": -0.029045643153526972, "NMI": 0.0003752885374273404, "JSD": Infinity, "Precision": 0.573252688172043, "Recall": 0.5161290322580645, "F1-Score": 0.5318221447253706, "ROC AUC": 0.5404761904761906, "Accuracy": 0.5161290322580645, "MEAPE-mu": 106.10912678652616, "MEAPE-std": 126.63802391414828, "_runtime": 4, "_timestamp": 1653671963, "_step": 0, "_wandb": {"runtime": 5}}