{"ARI": -0.047168982110457086, "NMI": 0.04731194850446864, "JSD": 0.1900184629795471, "Precision": 0.795006444106478, "Recall": 0.35236852669610597, "F1-Score": 0.2417911916988705, "ROC AUC": 0.764596149143, "Accuracy": 0.35236852669610597, "MEAPE-mu": 80.92490293425215, "MEAPE-std": 0.7339846982209094, "_runtime": 5, "_timestamp": 1646914151, "_step": 0, "_wandb": {"runtime": 5}}