{"MAE": 25.957850004052347, "MRAE": 0.5610832974754769, "R^2-Score": -0.15547723759598897, "MEAPE-mu": 6.435450188391167, "MEAPE-std": 0.3520395317462155, "RMSE": 36.99106843320708, "JSD": 0.19231278441032174, "_runtime": 6535, "_timestamp": 1649126373, "_step": 0, "_wandb": {"runtime": 6535}}