{"ARI": 0.0, "NMI": 0.0, "JSD": 0.17878432623971877, "Precision": 0.49, "Recall": 0.7, "F1-Score": 0.5764705882352941, "ROC AUC": 0.5931734529560616, "Accuracy": 0.7, "MEAPE-mu": 34.42759623615899, "MEAPE-std": 6.609408432306297, "_runtime": 3, "_timestamp": 1653942643, "_step": 0, "_wandb": {"runtime": 4}}