{"ARI": 0.05971455156845955, "NMI": 0.019933269557228187, "JSD": 0.21357832852100178, "Precision": 0.6560519628329442, "Recall": 0.7012595975309881, "F1-Score": 0.6392005715942486, "ROC AUC": 0.7054189086840055, "Accuracy": 0.7012595975309881, "MEAPE-mu": 26.515566102520147, "MEAPE-std": 0.3746845749831888, "_runtime": 7, "_timestamp": 1646929166, "_step": 0, "_wandb": {"runtime": 8}}