{"ARI": 0.1094154143699506, "NMI": 0.02978226558778042, "JSD": 0.2092210423042144, "Precision": 0.624138302597162, "Recall": 0.6658767772511849, "F1-Score": 0.6333018673108908, "ROC AUC": 0.6608444041184709, "Accuracy": 0.6658767772511849, "MEAPE-mu": 15.261442644533789, "MEAPE-std": 0.7720282770781023, "_runtime": 3, "_timestamp": 1645474789, "_step": 0, "_wandb": {"runtime": 3}}