{"MAE": 19.669106019973732, "MRAE": 0.40626454695550424, "R^2-Score": -0.3681748387851118, "MEAPE-mu": 18.388281328236086, "MEAPE-std": 0.24420944035793637, "RMSE": 23.26507535348637, "JSD": 0.10908746150528473, "_runtime": 2, "_timestamp": 1645986491, "_step": 0, "_wandb": {"runtime": 4}}