{"ARI": 0.0, "NMI": 0.0, "JSD": 0.17878432623971874, "Precision": 0.49, "Recall": 0.7, "F1-Score": 0.5764705882352941, "ROC AUC": 0.5651656314699793, "Accuracy": 0.7, "MEAPE-mu": 33.7819982794743, "MEAPE-std": 5.466780100126961, "_runtime": 5, "_timestamp": 1646932479, "_step": 0, "_wandb": {"runtime": 5}}