{"ARI": -0.03949763358790014, "NMI": 0.069154627256963, "JSD": 0.1913287416008463, "Precision": 0.7025501630616136, "Recall": 0.3880926130099228, "F1-Score": 0.3633455583506204, "ROC AUC": 0.7348094280907471, "Accuracy": 0.3880926130099228, "MEAPE-mu": 68.58515037235422, "MEAPE-std": 3.1828391189428116, "_runtime": 3, "_timestamp": 1654258844, "_step": 0, "_wandb": {"runtime": 4}}