{"MAE": 21.774027676556027, "RMSE": 26.519197889862355, "MRAE": 0.6826788567453287, "JSD": 0.14423610263540704, "R^2-Score": 0.5486484719217759, "MEAPE-mu": 6.154932748477246, "MEAPE-std": 5.017425231143977, "_runtime": 6, "_timestamp": 1645433511, "_step": 0, "_wandb": {"runtime": 5}}