{"MAE": 19.300163288494144, "RMSE": 22.70930213944407, "MRAE": 0.2877144477988339, "JSD": 0.10815497438594278, "R^2-Score": -0.004832474133440012, "MEAPE-mu": 3.6079987434685905, "MEAPE-std": 2.8423144532185987, "_runtime": 2, "_timestamp": 1645185981, "_step": 0, "_wandb": {"runtime": 3}}