{"MAE": 22.322580645161292, "RMSE": 28.58039029959912, "MRAE": 0.5849818144391128, "JSD": 0.14670525176498275, "R^2-Score": 0.3995542065825667, "MEAPE-mu": 7.829699748058864, "MEAPE-std": 6.028281914218712, "_runtime": 2, "_timestamp": 1645107648, "_step": 0, "_wandb": {"runtime": 3}}