{"ARI": 0.01965805596206847, "NMI": 0.05637119436397068, "JSD": 0.2123775673423311, "Precision": 0.5660168029099294, "Recall": 0.4297759041491014, "F1-Score": 0.4490429269332399, "ROC AUC": 0.6267624640060744, "Accuracy": 0.4297759041491014, "MEAPE-mu": 19.819124883261853, "MEAPE-std": 0.4633425579667032, "_runtime": 6, "_timestamp": 1646916213, "_step": 0, "_wandb": {"runtime": 6}}