{"ARI": -0.003820262966620323, "NMI": 0.0005649318560180496, "JSD": 0.3190704154059378, "Precision": 0.4851208539311396, "Recall": 0.45187750637987606, "F1-Score": 0.4650610315700544, "Accuracy": 0.45187750637987606, "MEAPE-mu": 33.16139640274767, "MEAPE-std": 0.7254072111265951, "_runtime": 5, "_timestamp": 1645621598, "_step": 0, "_wandb": {"runtime": 5}}