{"ARI": 0.34553432017077285, "NMI": 0.21709231118923408, "JSD": 0.16891420316682293, "Precision": 0.7668183567036904, "Recall": 0.7798031352533722, "F1-Score": 0.7636251607694102, "ROC AUC": 0.7790556411804843, "Accuracy": 0.7798031352533722, "MEAPE-mu": 11.579464192507883, "MEAPE-std": 0.5942873411536798, "_runtime": 21, "_timestamp": 1646029334, "_step": 0, "_wandb": {"runtime": 21}}