{"MAE": 25.16815642004988, "MRAE": 0.42942866547120845, "R^2-Score": 0.26555953419292067, "MEAPE-mu": 6.017322313022507, "MEAPE-std": 4.2114380986068625, "RMSE": 31.041335220140667, "JSD": 0.13789164414536292, "_runtime": 2, "_timestamp": 1646480283, "_step": 0, "_wandb": {"runtime": 4}}