{"MAE": 19.52770404210718, "MRAE": 0.3386837277600491, "R^2-Score": 0.4938935767235628, "MEAPE-mu": 0.33987816835113116, "MEAPE-std": 0.25749170506174246, "RMSE": 25.447228098991676, "JSD": Infinity, "_runtime": 5, "_timestamp": 1646483589, "_step": 0, "_wandb": {"runtime": 4}}