{"ARI": 0.1198044009779951, "NMI": 0.1456196208204616, "JSD": 0.2153062450131301, "Precision": 0.6896686159844054, "Recall": 0.6666666666666666, "F1-Score": 0.675, "ROC AUC": 0.5865942028985508, "Accuracy": 0.6666666666666666, "MEAPE-mu": 12.795580693870056, "MEAPE-std": 11.085677154259773, "_runtime": 10, "_timestamp": 1645460224, "_step": 0, "_wandb": {"runtime": 11}}