{"ARI": 0.0498203067116197, "NMI": 0.02505079081637635, "JSD": 0.18292211714056691, "Precision": 0.6567038362561848, "Recall": 0.7028800583302953, "F1-Score": 0.601084420498496, "ROC AUC": 0.6842596403082541, "Accuracy": 0.7028800583302953, "MEAPE-mu": 31.333158109189363, "MEAPE-std": 0.5103761432471665, "_runtime": 82, "_timestamp": 1645460900, "_step": 0, "_wandb": {"runtime": 84}}