{"MAE": 12.491943127962086, "MRAE": 0.23699620434003327, "R^2-Score": 0.7262410813828251, "MEAPE-mu": 1.5881524136691683, "MEAPE-std": 0.25363103090587796, "RMSE": 19.013383240575774, "JSD": 0.08887341613329176, "_runtime": 121, "_timestamp": 1646358833, "_step": 0, "_wandb": {"runtime": 122}}