{"ARI": 0.046231445565630254, "NMI": 0.014893505141271614, "JSD": 0.2103559266769783, "Precision": 0.6500097498120921, "Recall": 0.699919710959454, "F1-Score": 0.6270693467688837, "ROC AUC": 0.6378449600490504, "Accuracy": 0.699919710959454, "MEAPE-mu": 28.84486160697772, "MEAPE-std": 0.342256320550828, "_runtime": 3, "_timestamp": 1645605911, "_step": 0, "_wandb": {"runtime": 3}}