{"ARI": -0.003170002640326104, "NMI": 0.0017392524251308333, "JSD": 0.5167272496921593, "Precision": 0.5010379022901315, "Recall": 0.20229633679606343, "F1-Score": 0.2762219992549762, "Accuracy": 0.20229633679606343, "MEAPE-mu": 55.565723959721865, "MEAPE-std": 0.9171840084860113, "_runtime": 3, "_timestamp": 1645618468, "_step": 0, "_wandb": {"runtime": 3}}