{"MAE": 19.38798462828876, "MRAE": 0.45780433996596626, "R^2-Score": -0.26491832219679323, "MEAPE-mu": 17.3431414219956, "MEAPE-std": 0.25934098834091845, "RMSE": 24.0701326408333, "JSD": 0.12577225029956163, "_runtime": 3, "_timestamp": 1645989338, "_step": 0, "_wandb": {"runtime": 4}}