{"ARI": 0.1333743085433313, "NMI": 0.18123481858663265, "JSD": 0.19857420059370776, "Precision": 0.6733333333333333, "Recall": 0.6333333333333333, "F1-Score": 0.65, "ROC AUC": 0.5877731769036117, "Accuracy": 0.6333333333333333, "MEAPE-mu": 9.259797752752704, "MEAPE-std": 7.311539677697801, "_runtime": 381, "_timestamp": 1645490285, "_step": 0, "_wandb": {"runtime": 381}}