{"MAE": 20.944811797475843, "MRAE": 0.38930160647589873, "R^2-Score": 0.4293409031614732, "MEAPE-mu": 0.3643628378134964, "MEAPE-std": 0.2852934395993653, "RMSE": 27.182511732432914, "JSD": Infinity, "_runtime": 3, "_timestamp": 1646317335, "_step": 0, "_wandb": {"runtime": 4}}