{"ARI": 0.18314139921367426, "NMI": 0.15963660367417695, "JSD": 0.1784447080713604, "Precision": 0.603448275862069, "Recall": 0.7096774193548387, "F1-Score": 0.6192114695340503, "ROC AUC": 0.7384024577572964, "Accuracy": 0.7096774193548387, "MEAPE-mu": 26.233635526612673, "MEAPE-std": 7.810082848627022, "_runtime": 5, "_timestamp": 1646933029, "_step": 0, "_wandb": {"runtime": 6}}