{"MAE": 21.62413240015472, "MRAE": 0.5271177325090517, "R^2-Score": 0.3247381146961281, "MEAPE-mu": 11.541598550197866, "MEAPE-std": 6.578890326327547, "RMSE": 26.336981553992782, "JSD": 0.13776688549587257, "_runtime": 5, "_timestamp": 1646307018, "_step": 0, "_wandb": {"runtime": 4}}