{"MAE": 26.136382181035362, "RMSE": 31.263665934956375, "MRAE": 0.4553139630634858, "JSD": 0.14295164584830114, "R^2-Score": 0.4218242226213518, "MEAPE-mu": 6.404194127223901, "MEAPE-std": 4.2972310487790235, "_runtime": 3, "_timestamp": 1645389094, "_step": 0, "_wandb": {"runtime": 4}}