{"MAE": 24.78141255914989, "MRAE": 0.4287199998586801, "R^2-Score": 0.25589564248293795, "MEAPE-mu": 6.348360847691374, "MEAPE-std": 5.038831090979656, "RMSE": 31.244891368069066, "JSD": 0.13725060281504645, "_runtime": 3, "_timestamp": 1646480942, "_step": 0, "_wandb": {"runtime": 4}}