{"ARI": 0.08511534072168896, "NMI": 0.05973474248258965, "JSD": 0.1986793507677861, "Precision": 0.5702584039907973, "Recall": 0.6522742400710007, "F1-Score": 0.5790902260867122, "ROC AUC": 0.6898853871193538, "Accuracy": 0.6522742400710007, "MEAPE-mu": 24.76521779016312, "MEAPE-std": 0.31435734998627685, "_runtime": 5, "_timestamp": 1646914639, "_step": 0, "_wandb": {"runtime": 5}}