{"MAE": 25.71330072687936, "MRAE": 0.5496519381224949, "R^2-Score": 0.31588240959812386, "MEAPE-mu": 4.873745109995666, "MEAPE-std": 0.5463062540286495, "RMSE": 32.756239640846665, "JSD": 0.1497892255256288, "_runtime": 8, "_timestamp": 1645989255, "_step": 0, "_wandb": {"runtime": 10}}