{"MAE": 24.925806451612907, "RMSE": 31.70950300217841, "MRAE": 0.45331086029687867, "JSD": 0.14861739526323098, "R^2-Score": -0.051569030963377616, "MEAPE-mu": 6.413326967613005, "MEAPE-std": 4.816895889705322, "_runtime": 2, "_timestamp": 1645186123, "_step": 0, "_wandb": {"runtime": 3}}