{"MAE": 22.194408748092748, "MRAE": 0.4650055287972014, "R^2-Score": 0.3053125125749686, "MEAPE-mu": 0.22908005412396976, "MEAPE-std": 0.15627540251765829, "RMSE": 28.53136096735043, "JSD": Infinity, "_runtime": 5, "_timestamp": 1646988288, "_step": 0, "_wandb": {"runtime": 5}}