{"MAE": 29.0622357979157, "MRAE": 0.5940401518727926, "R^2-Score": 0.24357721451657166, "MEAPE-mu": 8.24099207358955, "MEAPE-std": 5.318348107560098, "RMSE": 36.31012582029297, "JSD": 0.1668267435342188, "_runtime": 2, "_timestamp": 1646315711, "_step": 0, "_wandb": {"runtime": 4}}