{"ARI": -0.07617879151214343, "NMI": 0.049149825440437805, "JSD": 0.22691061780991229, "Precision": 0.44382647385984425, "Recall": 0.6129032258064516, "F1-Score": 0.5148387096774193, "ROC AUC": 0.7197964669738862, "Accuracy": 0.6129032258064516, "MEAPE-mu": 28.117860078226148, "MEAPE-std": 10.993433172862002, "_runtime": 4, "_timestamp": 1646942126, "_step": 0, "_wandb": {"runtime": 5}}