{"MAE": 19.606867864059986, "RMSE": 23.80670707327028, "MRAE": 0.2762738648565283, "JSD": 0.10457418982001489, "R^2-Score": 0.5010550750004424, "MEAPE-mu": 4.845884467447839, "MEAPE-std": 3.576866327063179, "_runtime": 2, "_timestamp": 1645118224, "_step": 0, "_wandb": {"runtime": 3}}