{"MAE": 17.209083637027813, "MRAE": 0.3148534819513855, "R^2-Score": 0.5800679879534624, "MEAPE-mu": 0.3869959380430688, "MEAPE-std": 0.273926613441403, "RMSE": 23.354986745161263, "JSD": Infinity, "_runtime": 299, "_timestamp": 1646355340, "_step": 0, "_wandb": {"runtime": 300}}