{"ARI": 0.0452862022461149, "NMI": 0.022956449414570146, "JSD": 0.19413930234286234, "Precision": 0.4775725004164702, "Recall": 0.6197914355447083, "F1-Score": 0.49929465505282444, "ROC AUC": 0.6088195772411784, "Accuracy": 0.6197914355447083, "MEAPE-mu": 34.178816779716186, "MEAPE-std": 0.2587021328833148, "_runtime": 50, "_timestamp": 1648668392, "_step": 0, "_wandb": {"runtime": 49}}