{"ARI": 0.1002278235127402, "NMI": 0.038660411835531046, "JSD": 0.1994924454881619, "Precision": 0.6483932466246357, "Recall": 0.6990521327014217, "F1-Score": 0.6329335027189583, "ROC AUC": 0.7412324698684458, "Accuracy": 0.6990521327014217, "MEAPE-mu": 23.66507595406535, "MEAPE-std": 0.6592412205398068, "_runtime": 6, "_timestamp": 1646914871, "_step": 0, "_wandb": {"runtime": 7}}