{"MAE": 23.67383597628103, "MRAE": 0.4485215793778012, "R^2-Score": 0.25181596619476865, "MEAPE-mu": 5.646715698186454, "MEAPE-std": 4.1691390468803755, "RMSE": 31.153395510388716, "JSD": 0.14296280856705154, "_runtime": 4, "_timestamp": 1646309943, "_step": 0, "_wandb": {"runtime": 5}}