{"MAE": 24.724334036761093, "MRAE": 0.39953750941522054, "R^2-Score": 0.16704852691787886, "MEAPE-mu": 5.753576919648026, "MEAPE-std": 4.891030435316989, "RMSE": 28.22549864560806, "JSD": 0.12648809552566576, "_runtime": 2, "_timestamp": 1646304220, "_step": 0, "_wandb": {"runtime": 4}}