{"ARI": 0.0005607586661691062, "NMI": 0.02830727594373414, "JSD": 0.25626084518321723, "Precision": 0.4718594662048567, "Recall": 0.5116485467051254, "F1-Score": 0.4805932806436341, "ROC AUC": 0.5653225251275509, "Accuracy": 0.5116485467051254, "MEAPE-mu": 11.171380343212578, "MEAPE-std": 0.5213336765317144, "_runtime": 6, "_timestamp": 1646930650, "_step": 0, "_wandb": {"runtime": 5}}