{"ARI": 0.10400788243102593, "NMI": 0.07874409846421108, "JSD": 0.20989239269971446, "Precision": 0.6665098857529842, "Recall": 0.5858549033904484, "F1-Score": 0.6082711715745837, "ROC AUC": 0.6894725170994346, "Accuracy": 0.5858549033904484, "MEAPE-mu": 20.63716459542241, "MEAPE-std": 1.0296996838025136, "_runtime": 3, "_timestamp": 1645776023, "_step": 0, "_wandb": {"runtime": 4}}