{"MAE": 20.733185483484792, "MRAE": 0.3774624279174801, "R^2-Score": 0.42963932663041127, "MEAPE-mu": 0.40068958993233683, "MEAPE-std": 0.286129770700582, "RMSE": 26.67555541925467, "JSD": Infinity, "_runtime": 3, "_timestamp": 1646317622, "_step": 0, "_wandb": {"runtime": 4}}