{"MAE": 24.683703658685733, "MRAE": 0.4261366430340886, "R^2-Score": 0.19004785851885408, "MEAPE-mu": 0.7256426108375716, "MEAPE-std": 0.41100099328706535, "RMSE": 31.54826988684159, "JSD": Infinity, "_runtime": 2, "_timestamp": 1645985272, "_step": 0, "_wandb": {"runtime": 4}}