{"MAE": 26.038609933248388, "RMSE": 33.20080941891298, "MRAE": 0.3348069596937125, "JSD": 0.12642506913068927, "R^2-Score": 0.4849889679916324, "MEAPE-mu": 7.359102017639709, "MEAPE-std": 4.273006200880831, "_runtime": 3, "_timestamp": 1645390904, "_step": 0, "_wandb": {"runtime": 4}}