{"ARI": 0.02240325865580448, "NMI": 0.004655442283834747, "JSD": 0.22368817118431097, "Precision": 0.6533333333333333, "Recall": 0.7142857142857143, "F1-Score": 0.6695652173913044, "ROC AUC": 0.6122448979591837, "Accuracy": 0.7142857142857143, "MEAPE-mu": 18.98782157345255, "MEAPE-std": 9.8939499419484, "_runtime": 2, "_timestamp": 1645450812, "_step": 0, "_wandb": {"runtime": 3}}