{"ARI": 0.0, "NMI": 6.72167951363937e-16, "JSD": 0.1763480429671087, "Precision": 0.4588969823100936, "Recall": 0.6774193548387096, "F1-Score": 0.5471464019851118, "ROC AUC": 0.5895353302611366, "Accuracy": 0.6774193548387096, "MEAPE-mu": 34.82614509586953, "MEAPE-std": 5.804669553069179, "_runtime": 6, "_timestamp": 1646943073, "_step": 0, "_wandb": {"runtime": 5}}