{"MAE": 3.0854903390448416, "MRAE": 0.06397430407571082, "R^2-Score": 0.9175572949427023, "MEAPE-mu": 0.5725678142183032, "MEAPE-std": 0.15901232331770504, "RMSE": 10.259266638040911, "JSD": 0.048160881794415, "_runtime": 136, "_timestamp": 1646552290, "_step": 0, "_wandb": {"runtime": 136}}