{"MAE": 25.722307206042643, "MRAE": 0.4630304445052896, "R^2-Score": 0.13991805259342716, "MEAPE-mu": 5.692197160652125, "MEAPE-std": 4.427732966227195, "RMSE": 34.169732819584766, "JSD": 0.15276848334872542, "_runtime": 4, "_timestamp": 1646309040, "_step": 0, "_wandb": {"runtime": 5}}