{"MAE": 22.885672490840086, "RMSE": 28.689550473905204, "MRAE": 0.4082112498419003, "JSD": 0.14070634175474175, "R^2-Score": 0.1840850880037288, "MEAPE-mu": 6.2371160269731725, "MEAPE-std": 4.368307031090138, "_runtime": 3, "_timestamp": 1645483270, "_step": 0, "_wandb": {"runtime": 4}}