{"ARI": 0.0, "NMI": 6.72167951363937e-16, "JSD": 0.1763480429671087, "Precision": 0.4588969823100936, "Recall": 0.6774193548387096, "F1-Score": 0.5471464019851118, "ROC AUC": 0.5136136712749616, "Accuracy": 0.6774193548387096, "MEAPE-mu": 34.718279784950546, "MEAPE-std": 6.46925870281978, "_runtime": 3, "_timestamp": 1653931639, "_step": 0, "_wandb": {"runtime": 3}}