{"ARI": 0.048022677375427286, "NMI": 0.1281047298665087, "JSD": 0.20603210784450118, "Precision": 0.6153225806451613, "Recall": 0.6451612903225806, "F1-Score": 0.624731182795699, "ROC AUC": 0.6730030721966206, "Accuracy": 0.6451612903225806, "MEAPE-mu": 10.917490493455304, "MEAPE-std": 7.127118438542884, "_runtime": 11, "_timestamp": 1645460172, "_step": 0, "_wandb": {"runtime": 11}}