{"MAE": 24.66282790804207, "MRAE": 0.6417633583588593, "R^2-Score": 0.17855821744048295, "MEAPE-mu": 6.273117461021112, "MEAPE-std": 5.111603113453655, "RMSE": 34.557969613258145, "JSD": 0.15984500404270344, "_runtime": 4, "_timestamp": 1646307606, "_step": 0, "_wandb": {"runtime": 4}}