{"MAE": 29.02140152004193, "MRAE": 0.5988534047569557, "R^2-Score": 0.24132114785721692, "MEAPE-mu": 7.409387508676348, "MEAPE-std": 5.227082616708011, "RMSE": 36.364233837414496, "JSD": 0.16733395860944023, "_runtime": 2, "_timestamp": 1646481500, "_step": 0, "_wandb": {"runtime": 3}}