{"MAE": 22.90527164885417, "MRAE": 0.46330792750283095, "R^2-Score": 0.27810319116300786, "MEAPE-mu": 0.19894562039668073, "MEAPE-std": 0.14747977114167682, "RMSE": 29.121084243970934, "JSD": Infinity, "_runtime": 4, "_timestamp": 1646987646, "_step": 0, "_wandb": {"runtime": 5}}