{"MAE": 20.53682705580753, "MRAE": 0.3749354021492717, "R^2-Score": 0.45387040954472246, "MEAPE-mu": 0.43581020821138056, "MEAPE-std": 0.3287589430615347, "RMSE": 26.680313780321562, "JSD": Infinity, "_runtime": 4, "_timestamp": 1646317323, "_step": 0, "_wandb": {"runtime": 4}}