{"MAE": 24.92421536226393, "RMSE": 31.329222392458476, "MRAE": 0.4670170977682758, "JSD": Infinity, "R^2-Score": 0.23952625857501653, "MEAPE-mu": 0.4836585042740234, "MEAPE-std": 0.3300775043951153, "_runtime": 2, "_timestamp": 1645192421, "_step": 0, "_wandb": {"runtime": 3}}