{"ARI": 0.05065300243905165, "NMI": 0.037119199589783415, "JSD": 0.2005445794880474, "Precision": 0.6039999912998052, "Recall": 0.6297759041491015, "F1-Score": 0.5427492543109785, "ROC AUC": 0.6461326363590352, "Accuracy": 0.6297759041491015, "MEAPE-mu": 30.348452197437492, "MEAPE-std": 0.28304361360692354, "_runtime": 3872, "_timestamp": 1645940697, "_step": 0, "_wandb": {"runtime": 3874}}