{"ARI": 0.08251537134788647, "NMI": 0.035592057427337294, "JSD": 0.19173198934550564, "Precision": 0.6641040982685728, "Recall": 0.7045205978855268, "F1-Score": 0.6242816764240897, "ROC AUC": 0.6982420467573505, "Accuracy": 0.7045205978855268, "MEAPE-mu": 26.981321352865745, "MEAPE-std": 0.6128603987334703, "_runtime": 3, "_timestamp": 1645452551, "_step": 0, "_wandb": {"runtime": 4}}