{"MAE": 27.007439190504247, "MRAE": 0.4425652527672576, "R^2-Score": -0.020739632809405606, "MEAPE-mu": 10.884797279343083, "MEAPE-std": 0.25699792696936113, "RMSE": 32.15319741756385, "JSD": Infinity, "_runtime": 2, "_timestamp": 1645986446, "_step": 0, "_wandb": {"runtime": 3}}