{"ARI": -0.009777329707353417, "NMI": 0.0011518522828708015, "JSD": Infinity, "Precision": 0.5644303843566463, "Recall": 0.5688763988558238, "F1-Score": 0.566598990753884, "ROC AUC": 0.46531574140537535, "Accuracy": 0.5688763988558238, "MEAPE-mu": 5.319803316612353, "MEAPE-std": 2.3669643644824894, "_runtime": 61, "_timestamp": 1653687284, "_step": 0, "_wandb": {"runtime": 62}}