{"MAE": 27.777113806229938, "MRAE": 0.5942759782901145, "R^2-Score": 0.2184344872851487, "MEAPE-mu": 6.258534233109848, "MEAPE-std": 4.685506113883767, "RMSE": 36.908648804483285, "JSD": 0.16793624138298557, "_runtime": 3, "_timestamp": 1646480638, "_step": 0, "_wandb": {"runtime": 4}}