{"MAE": 22.565860509546493, "MRAE": 0.30462185458323443, "R^2-Score": 0.3848384095676026, "MEAPE-mu": 5.003993803644708, "MEAPE-std": 3.802246147308827, "RMSE": 27.12174479895854, "JSD": 0.11086837596124055, "_runtime": 5, "_timestamp": 1646309979, "_step": 0, "_wandb": {"runtime": 5}}