{"ARI": 0.2818836155720752, "NMI": 0.16647386974078457, "JSD": 0.1738592993608777, "Precision": 0.7376169653886906, "Recall": 0.7659923455440131, "F1-Score": 0.7323494791068246, "ROC AUC": 0.8214815092924063, "Accuracy": 0.7659923455440131, "MEAPE-mu": 14.380553567713152, "MEAPE-std": 0.7152956329498702, "_runtime": 38, "_timestamp": 1645779689, "_step": 0, "_wandb": {"runtime": 38}}