{"ARI": -0.006302800692599984, "NMI": 0.0020942293143298074, "JSD": 0.22046626591156324, "Precision": 0.4320017805657192, "Recall": 0.5830042156645219, "F1-Score": 0.47883221743737225, "ROC AUC": 0.5374645545991551, "Accuracy": 0.5830042156645219, "MEAPE-mu": 30.02356674732944, "MEAPE-std": 0.3553077391913383, "_runtime": 395, "_timestamp": 1647387771, "_step": 0, "_wandb": {"runtime": 395}}