{"MAE": 26.518482360772133, "MRAE": 0.4894877494455485, "R^2-Score": -0.17705827742011127, "MEAPE-mu": 1.8713624377419216, "MEAPE-std": 0.38357705098115213, "RMSE": 37.823906602273325, "JSD": 0.20082407837683852, "_runtime": 222, "_timestamp": 1648755749, "_step": 0, "_wandb": {"runtime": 222}}