{"ARI": 0.07288016818500351, "NMI": 0.027344470815121542, "JSD": 0.20285133869800012, "Precision": 0.7019230769230769, "Recall": 0.75, "F1-Score": 0.693853427895981, "ROC AUC": 0.6190476190476192, "Accuracy": 0.75, "MEAPE-mu": 22.12741773396135, "MEAPE-std": 9.794522750798315, "_runtime": 2, "_timestamp": 1645461451, "_step": 0, "_wandb": {"runtime": 3}}