{"ARI": 0.0, "NMI": 7.024775910151136e-16, "JSD": 0.1813021946042139, "Precision": 0.4588969823100936, "Recall": 0.6774193548387096, "F1-Score": 0.5471464019851118, "ROC AUC": 0.5110170721091066, "Accuracy": 0.6774193548387096, "MEAPE-mu": 35.960411222412205, "MEAPE-std": 6.905483058764398, "_runtime": 3, "_timestamp": 1653931620, "_step": 0, "_wandb": {"runtime": 3}}