{"ARI": 0.6014333469877888, "NMI": 0.4646452181522307, "JSD": 0.1243170969038932, "Precision": 0.8773411003191405, "Recall": 0.8736784542471746, "F1-Score": 0.8621723443392262, "ROC AUC": 0.9500161642608534, "Accuracy": 0.8736784542471746, "MEAPE-mu": 8.383859016759649, "MEAPE-std": 0.5008886814235436, "_runtime": 1132, "_timestamp": 1646933664, "_step": 0, "_wandb": {"runtime": 1132}}