{"ARI": 0.0, "NMI": 0.0, "JSD": 0.17878432623971874, "Precision": 0.49, "Recall": 0.7, "F1-Score": 0.5764705882352941, "ROC AUC": 0.5511904761904761, "Accuracy": 0.7, "MEAPE-mu": 34.18587145847538, "MEAPE-std": 6.950936470679336, "_runtime": 5, "_timestamp": 1646932636, "_step": 0, "_wandb": {"runtime": 5}}