{"ARI": 0.6846824764311381, "NMI": 0.5756377672883004, "JSD": 0.11484210211653303, "Precision": 0.90799239929171, "Recall": 0.906284454244763, "F1-Score": 0.9039715309972651, "ROC AUC": 0.969427895396179, "Accuracy": 0.906284454244763, "MEAPE-mu": 2.854704475026955, "MEAPE-std": 1.1969898267469778, "_runtime": 58, "_timestamp": 1654116370, "_step": 0, "_wandb": {"runtime": 59}}