{"ARI": 0.0, "NMI": 0.0, "JSD": Infinity, "Precision": 0.5625, "Recall": 0.75, "F1-Score": 0.6428571428571429, "ROC AUC": 0.5306122448979591, "Accuracy": 0.75, "MEAPE-mu": Infinity, "MEAPE-std": NaN, "_runtime": 2, "_timestamp": 1653671580, "_step": 0, "_wandb": {"runtime": 3}}