{"MAE": 13.29180923624006, "MRAE": 0.19558241926427106, "R^2-Score": 0.7240590643114663, "MEAPE-mu": 0.2505075101044756, "MEAPE-std": 0.1758821790033819, "RMSE": 18.714041124199017, "JSD": Infinity, "_runtime": 1154, "_timestamp": 1646534366, "_step": 0, "_wandb": {"runtime": 1155}}