{"ARI": 0.732820850013401, "NMI": 0.6372789781602082, "JSD": 0.10293991447487368, "Precision": 0.9139649707789942, "Recall": 0.9129798091857111, "F1-Score": 0.9132918423436889, "ROC AUC": 0.9827749230027788, "Accuracy": 0.9129798091857111, "MEAPE-mu": 1.5140540430815894, "MEAPE-std": 0.2035150782947392, "_runtime": 31706, "_timestamp": 1649241754, "_step": 0, "_wandb": {"runtime": 31705}}