{"ARI": 0.08165673950394918, "NMI": 0.056131060484913155, "JSD": 0.21750321698170774, "Precision": 0.5723420865386216, "Recall": 0.4967827823385844, "F1-Score": 0.5167130575294788, "ROC AUC": 0.6640494434908808, "Accuracy": 0.4967827823385844, "MEAPE-mu": 7.5531322946984245, "MEAPE-std": 0.4162098490428956, "_runtime": 5, "_timestamp": 1646932018, "_step": 0, "_wandb": {"runtime": 5}}