{"ARI": 0.0, "NMI": 0.0, "JSD": 0.17807895717104663, "Precision": 0.38320687357176164, "Recall": 0.6190370534723763, "F1-Score": 0.4733762859224146, "ROC AUC": 0.6590171159027278, "Accuracy": 0.6190370534723763, "MEAPE-mu": 39.23256396918046, "MEAPE-std": 0.2239165603925571, "_runtime": 5, "_timestamp": 1646930015, "_step": 0, "_wandb": {"runtime": 5}}