{"ARI": 0.03882920505479401, "NMI": 0.023452154454399944, "JSD": 0.22253566484263027, "Precision": 0.5578546001447341, "Recall": 0.6031950299534058, "F1-Score": 0.5423392425632897, "ROC AUC": 0.5986103107305429, "Accuracy": 0.6031950299534058, "MEAPE-mu": 22.205819153043148, "MEAPE-std": 0.3670322888482506, "_runtime": 3, "_timestamp": 1645985079, "_step": 0, "_wandb": {"runtime": 5}}