{"MAE": 20.39818442038336, "MRAE": 0.29384317501504204, "R^2-Score": -0.3201628100231837, "MEAPE-mu": 5.174230414993383, "MEAPE-std": 3.975618280570034, "RMSE": 24.461200350635412, "JSD": 0.11029565175839844, "_runtime": 3, "_timestamp": 1646315989, "_step": 0, "_wandb": {"runtime": 4}}