{"MAE": 21.60567803588834, "RMSE": 27.963836827463286, "MRAE": 0.3705605785028978, "JSD": 0.12421332241717521, "R^2-Score": 0.3931254161748421, "MEAPE-mu": 0.6049738905495917, "MEAPE-std": 0.3824307897223208, "_runtime": 3, "_timestamp": 1645237747, "_step": 0, "_wandb": {"runtime": 5}}