{"ARI": 0.16267671924691654, "NMI": 0.07797174164782567, "JSD": 0.19371461138268994, "Precision": 0.6971747608617841, "Recall": 0.7223842508202698, "F1-Score": 0.6722402205319294, "ROC AUC": 0.7377764540101629, "Accuracy": 0.7223842508202698, "MEAPE-mu": 19.138829574614903, "MEAPE-std": 0.6901492238149135, "_runtime": 118, "_timestamp": 1645508048, "_step": 0, "_wandb": {"runtime": 119}}