{"MAE": 24.817063721321137, "RMSE": 31.376439099109728, "MRAE": 0.4633160697935666, "JSD": Infinity, "R^2-Score": 0.23670165726005588, "MEAPE-mu": 0.6119629191030633, "MEAPE-std": 0.43869797586679926, "_runtime": 4, "_timestamp": 1645387982, "_step": 0, "_wandb": {"runtime": 5}}