{"ARI": 0.07607216397051736, "NMI": 0.08355755117085575, "JSD": 0.20970685641142656, "Precision": 0.5587144913900007, "Recall": 0.643177279786998, "F1-Score": 0.5851134751645444, "ROC AUC": 0.6408179865628981, "Accuracy": 0.643177279786998, "MEAPE-mu": 18.538575657844234, "MEAPE-std": 0.34293235838536495, "_runtime": 4542, "_timestamp": 1648587624, "_step": 0, "_wandb": {"runtime": 4541}}