{"ARI": 0.08215071944371137, "NMI": 0.02537609396344908, "JSD": 0.20658291292445916, "Precision": 0.6969864665760194, "Recall": 0.7464511041009464, "F1-Score": 0.6955607911250968, "ROC AUC": 0.7599692270104245, "Accuracy": 0.7464511041009464, "MEAPE-mu": 22.15496908673325, "MEAPE-std": 0.7263045424772931, "_runtime": 6, "_timestamp": 1646916886, "_step": 0, "_wandb": {"runtime": 6}}