{"MAE": 26.016987509587665, "RMSE": 31.08053052440907, "MRAE": 0.466658243338891, "JSD": 0.14069697566411452, "R^2-Score": 0.12348252951072558, "MEAPE-mu": 6.191146880509461, "MEAPE-std": 4.341706578005855, "_runtime": 3, "_timestamp": 1645389564, "_step": 0, "_wandb": {"runtime": 4}}