{"MAE": 25.190760174126858, "MRAE": 0.6374933115113552, "R^2-Score": 0.2104249785842749, "MEAPE-mu": 6.996545120279958, "MEAPE-std": 0.3852096447301053, "RMSE": 33.363733074847715, "JSD": Infinity, "_runtime": 5, "_timestamp": 1646985267, "_step": 0, "_wandb": {"runtime": 5}}