{"ARI": 0.2641152927287385, "NMI": 0.15075577344391725, "JSD": 0.17736962081085653, "Precision": 0.7331485421145892, "Recall": 0.7596136322216147, "F1-Score": 0.7236957144150309, "ROC AUC": 0.820724248964955, "Accuracy": 0.7596136322216147, "MEAPE-mu": 15.200564137828614, "MEAPE-std": 0.6382416206869906, "_runtime": 39, "_timestamp": 1645779735, "_step": 0, "_wandb": {"runtime": 40}}