{"MAE": 18.988657478196103, "MRAE": 0.3285128370617032, "R^2-Score": 0.5006662605239551, "MEAPE-mu": 0.3216453908523464, "MEAPE-std": 0.24204320420297645, "RMSE": 24.813884954129616, "JSD": Infinity, "_runtime": 5, "_timestamp": 1646484958, "_step": 0, "_wandb": {"runtime": 4}}