{"ARI": 0.07237692548283527, "NMI": 0.023458093939045344, "JSD": 0.22028234405401767, "Precision": 0.6111437339395496, "Recall": 0.5192272644432294, "F1-Score": 0.5562369277075955, "ROC AUC": 0.6137416254420256, "Accuracy": 0.5192272644432294, "MEAPE-mu": 9.040201165629837, "MEAPE-std": 0.9897874419692324, "_runtime": 4, "_timestamp": 1645775208, "_step": 0, "_wandb": {"runtime": 4}}