{"MAE": 27.600319502995337, "MRAE": 0.6094704601924316, "R^2-Score": -0.002994945548534078, "MEAPE-mu": 0.5614873377129787, "MEAPE-std": 0.2979702467337456, "RMSE": 34.46195395281997, "JSD": 0.17853148251217554, "_runtime": 4, "_timestamp": 1645989010, "_step": 0, "_wandb": {"runtime": 4}}