{"ARI": 0.28477406463222493, "NMI": 0.1668987279819852, "JSD": 0.18984657521150303, "Precision": 0.7735998097709145, "Recall": 0.7832697711762344, "F1-Score": 0.7722890400237565, "ROC AUC": 0.8192959878804286, "Accuracy": 0.7832697711762344, "MEAPE-mu": 10.16241217977139, "MEAPE-std": 0.3712912715740843, "_runtime": 7, "_timestamp": 1645799006, "_step": 0, "_wandb": {"runtime": 7}}