{"ARI": 0.10959968582854727, "NMI": 0.08273794089876317, "JSD": 0.2083584340488023, "Precision": 0.6748174467371388, "Recall": 0.5828321487151449, "F1-Score": 0.6065063155558019, "ROC AUC": 0.6940082895426585, "Accuracy": 0.5828321487151449, "MEAPE-mu": 23.458018926406925, "MEAPE-std": 1.069394899016517, "_runtime": 5, "_timestamp": 1646918112, "_step": 0, "_wandb": {"runtime": 6}}