{"ARI": 0.026077730080753984, "NMI": 0.017452313549050955, "JSD": 0.20533687918847596, "Precision": 0.5507257157973952, "Recall": 0.6141557577102286, "F1-Score": 0.5216200435965597, "ROC AUC": 0.6040689515587763, "Accuracy": 0.6141557577102286, "MEAPE-mu": 30.40032730624895, "MEAPE-std": 0.2582872446984411, "_runtime": 3, "_timestamp": 1645606210, "_step": 0, "_wandb": {"runtime": 3}}