{"ARI": 0.0, "NMI": 0.0, "JSD": 0.18390779094047427, "Precision": 0.5625, "Recall": 0.75, "F1-Score": 0.6428571428571429, "ROC AUC": 0.6632653061224489, "Accuracy": 0.75, "MEAPE-mu": 32.93234257210163, "MEAPE-std": 6.682363768822501, "_runtime": 6, "_timestamp": 1646933445, "_step": 0, "_wandb": {"runtime": 6}}