{"ARI": 0.2539881138567407, "NMI": 0.18179513348220375, "JSD": 0.17078793548933738, "Precision": 0.7291666666666666, "Recall": 0.7333333333333333, "F1-Score": 0.7183838383838383, "ROC AUC": 0.7323556475730388, "Accuracy": 0.7333333333333333, "MEAPE-mu": 13.142863750732802, "MEAPE-std": 7.962558577588383, "_runtime": 8, "_timestamp": 1645466231, "_step": 0, "_wandb": {"runtime": 8}}