{"MAE": 15.760656632099517, "MRAE": 0.282849777884078, "R^2-Score": 0.129731704180423, "MEAPE-mu": 13.157240370195218, "MEAPE-std": 0.20788323694530741, "RMSE": 18.55496950822422, "JSD": 0.08632216226572795, "_runtime": 5, "_timestamp": 1647002501, "_step": 0, "_wandb": {"runtime": 6}}