{"ARI": 0.011655732920040705, "NMI": 0.09383496134195206, "JSD": 0.22487766966807995, "Precision": 0.5971994964660992, "Recall": 0.5814801312431644, "F1-Score": 0.5888778753579499, "ROC AUC": 0.5333119122748794, "Accuracy": 0.5814801312431644, "MEAPE-mu": 1.772271529769978, "MEAPE-std": 0.8916368274016959, "_runtime": 3, "_timestamp": 1645786781, "_step": 0, "_wandb": {"runtime": 4}}