{"ARI": 0.1414073545539025, "NMI": 0.06793803695586927, "JSD": 0.20555037354973396, "Precision": 0.600155686128287, "Recall": 0.6414466385622365, "F1-Score": 0.5929195241285103, "ROC AUC": 0.7124544304308794, "Accuracy": 0.6414466385622365, "MEAPE-mu": 21.81724917242893, "MEAPE-std": 0.2857069909511552, "_runtime": 6, "_timestamp": 1646929546, "_step": 0, "_wandb": {"runtime": 5}}