{"MAE": 24.049531998172885, "RMSE": 32.64902960412806, "MRAE": 0.34288238557972023, "JSD": 0.13278912375552585, "R^2-Score": 0.25467816444900293, "MEAPE-mu": 6.967249760481838, "MEAPE-std": 4.26053399362295, "_runtime": 3, "_timestamp": 1645176215, "_step": 0, "_wandb": {"runtime": 4}}