{"MAE": 22.042477645782135, "MRAE": 0.45099671803807373, "R^2-Score": 0.24269091303511892, "MEAPE-mu": 9.755013888255078, "MEAPE-std": 5.420537626615557, "RMSE": 27.451786057791228, "JSD": 0.128433147544966, "_runtime": 4, "_timestamp": 1646307600, "_step": 0, "_wandb": {"runtime": 4}}