{"MAE": 24.006555530618137, "MRAE": 0.463285938128019, "R^2-Score": 0.037531313876495, "MEAPE-mu": 1.4062812040221586, "MEAPE-std": 0.29422780509216484, "RMSE": 30.749115387934502, "JSD": 0.15468833673177965, "_runtime": 36, "_timestamp": 1648655039, "_step": 0, "_wandb": {"runtime": 36}}