{"ARI": 0.007754953423744849, "NMI": 0.01078372898640165, "JSD": 0.1788689439544511, "Precision": 0.6065119286660562, "Recall": 0.623740847570446, "F1-Score": 0.4858988638353522, "ROC AUC": 0.7140293279654126, "Accuracy": 0.623740847570446, "MEAPE-mu": 38.45032170479082, "MEAPE-std": 0.21740939897331316, "_runtime": 986, "_timestamp": 1645812312, "_step": 0, "_wandb": {"runtime": 985}}