{"ARI": -0.015991410973611345, "NMI": 0.013829577535136675, "JSD": 0.22299058529620627, "Precision": 0.5456989247311829, "Recall": 0.6451612903225806, "F1-Score": 0.5722664432341851, "ROC AUC": 0.6299608260385937, "Accuracy": 0.6451612903225806, "MEAPE-mu": 25.599114919167768, "MEAPE-std": 8.687858932507387, "_runtime": 6, "_timestamp": 1646936455, "_step": 0, "_wandb": {"runtime": 7}}