{"MAE": 8.670846148236913, "MRAE": 0.14845411165565328, "R^2-Score": 0.836036828471418, "MEAPE-mu": 0.18806451347785674, "MEAPE-std": 0.13997700543689776, "RMSE": 14.364973545802467, "JSD": 0.06646835068805157, "_runtime": 2262, "_timestamp": 1646610275, "_step": 0, "_wandb": {"runtime": 2262}}