{"MAE": 21.604065054673704, "MRAE": 0.3496432057045217, "R^2-Score": -0.36768301728751474, "MEAPE-mu": 17.30827191792489, "MEAPE-std": 0.42719078857517606, "RMSE": 26.995894772857792, "JSD": 0.10636132236220405, "_runtime": 45, "_timestamp": 1646410276, "_step": 0, "_wandb": {"runtime": 47}}