{"MAE": 26.94767544095476, "MRAE": 0.5687090191011057, "R^2-Score": 0.03241076035977897, "MEAPE-mu": 5.557415041468732, "MEAPE-std": 0.253743243473603, "RMSE": 33.58652861973945, "JSD": Infinity, "_runtime": 2346, "_timestamp": 1646562360, "_step": 0, "_wandb": {"runtime": 2347}}