{"ARI": 0.2925177926042445, "NMI": 0.1669659423470186, "JSD": 0.18109854670089404, "Precision": 0.7984600410473961, "Recall": 0.8105283911671924, "F1-Score": 0.78983312192068, "ROC AUC": 0.8242825001998607, "Accuracy": 0.8105283911671924, "MEAPE-mu": 14.84409905309538, "MEAPE-std": 0.662761683826133, "_runtime": 29, "_timestamp": 1646926668, "_step": 0, "_wandb": {"runtime": 30}}