{"ARI": 0.7200498529244178, "NMI": 0.6191326472807369, "JSD": 0.10544727001131665, "Precision": 0.908867895290554, "Recall": 0.9076547592633681, "F1-Score": 0.9080323239526635, "ROC AUC": 0.9819483365825664, "Accuracy": 0.9076547592633681, "MEAPE-mu": 1.702465577652423, "MEAPE-std": 0.22237507427509645, "_runtime": 10281, "_timestamp": 1655291287, "_step": 0, "_wandb": {"runtime": 10280}}