{"ARI": 0.0, "NMI": 0.0, "JSD": 0.17878432623971874, "Precision": 0.49, "Recall": 0.7, "F1-Score": 0.5764705882352941, "ROC AUC": 0.5929836668967104, "Accuracy": 0.7, "MEAPE-mu": 34.791558008794965, "MEAPE-std": 5.934525041551329, "_runtime": 3, "_timestamp": 1653930854, "_step": 0, "_wandb": {"runtime": 3}}