{"ARI": 0.0, "NMI": 6.72167951363937e-16, "JSD": 0.1763480429671087, "Precision": 0.0, "Recall": 0.0, "F1-Score": 0.0, "Accuracy": 0.0, "MEAPE-mu": 165.76191391255188, "MEAPE-std": 6.2419181823724434, "_runtime": 2, "_timestamp": 1645617929, "_step": 0, "_wandb": {"runtime": 3}}