{"ARI": 0.027949489333074253, "NMI": 0.008210596638247315, "JSD": 0.20536662576333037, "Precision": 0.639042022736047, "Recall": 0.697997691574246, "F1-Score": 0.6096644569746124, "ROC AUC": 0.6554337025503378, "Accuracy": 0.697997691574246, "MEAPE-mu": 31.844900884165376, "MEAPE-std": 0.3285279234686838, "_runtime": 3, "_timestamp": 1645605626, "_step": 0, "_wandb": {"runtime": 4}}