{"ARI": 0.7511898532890805, "NMI": 0.6414484602324247, "JSD": 0.09750476542804251, "Precision": 0.9174320000137973, "Recall": 0.9176392278677613, "F1-Score": 0.9167219939251143, "ROC AUC": 0.9846894298499063, "Accuracy": 0.9176392278677613, "MEAPE-mu": 2.773772402185375, "MEAPE-std": 0.17664985385098173, "_runtime": 407, "_timestamp": 1647991261, "_step": 0, "_wandb": {"runtime": 408}}