{"MAE": 25.13841022536961, "RMSE": 30.85567172911656, "MRAE": 0.8354825411745526, "JSD": 0.16325189722909442, "R^2-Score": 0.3655073261084446, "MEAPE-mu": 12.341739427664647, "MEAPE-std": 8.913825226948731, "_runtime": 3, "_timestamp": 1645389584, "_step": 0, "_wandb": {"runtime": 4}}