{"ARI": 0.1198304756100939, "NMI": 0.13887410746905043, "JSD": 0.44395183671406485, "Precision": 0.4959677419354839, "Recall": 0.1935483870967742, "F1-Score": 0.2595307917888563, "Accuracy": 0.1935483870967742, "MEAPE-mu": 50.65726393772186, "MEAPE-std": 9.744096750248033, "_runtime": 2, "_timestamp": 1645622290, "_step": 0, "_wandb": {"runtime": 4}}