{"MAE": 21.51568240111575, "MRAE": 0.35003685131497686, "R^2-Score": 0.07452642306467772, "MEAPE-mu": 4.180649863206857, "MEAPE-std": 3.128326213327955, "RMSE": 28.91180307833997, "JSD": 0.12277571846685426, "_runtime": 3, "_timestamp": 1646480619, "_step": 0, "_wandb": {"runtime": 4}}