{"ARI": 0.12251164915431659, "NMI": 0.04112020080288516, "JSD": 0.21425314416558883, "Precision": 0.6458176284024111, "Recall": 0.6857772877618522, "F1-Score": 0.6531138455633759, "ROC AUC": 0.6991261821864438, "Accuracy": 0.6857772877618522, "MEAPE-mu": 9.143558962800004, "MEAPE-std": 2.147756950300791, "_runtime": 2, "_timestamp": 1654268793, "_step": 0, "_wandb": {"runtime": 4}}