{"MAE": 23.357978847171353, "MRAE": 0.40915835522218624, "R^2-Score": 0.20420091439524712, "MEAPE-mu": 1.863245270357166, "MEAPE-std": 0.4944670375634784, "RMSE": 29.148106078160463, "JSD": Infinity, "_runtime": 2, "_timestamp": 1645985256, "_step": 0, "_wandb": {"runtime": 3}}