{"ARI": 0.3293547537772974, "NMI": 0.23115340849710536, "JSD": 0.17684603154353667, "Precision": 0.7414842317167216, "Recall": 0.747193254936765, "F1-Score": 0.7385276029470006, "ROC AUC": 0.8672000596931176, "Accuracy": 0.747193254936765, "MEAPE-mu": 6.118924809817229, "MEAPE-std": 0.3279175976931071, "_runtime": 1005, "_timestamp": 1652631278, "_step": 0, "_wandb": {"runtime": 1006}}