{"MAE": 24.64989988265499, "RMSE": 28.987220316714254, "MRAE": 0.6553798118195118, "JSD": 0.1461479429082477, "R^2-Score": 0.43453399848191665, "MEAPE-mu": 5.6143069270811745, "MEAPE-std": 3.5879695468006614, "_runtime": 3, "_timestamp": 1645176178, "_step": 0, "_wandb": {"runtime": 4}}