{"ARI": -0.01175217892866658, "NMI": 0.0009350130767719466, "JSD": Infinity, "Precision": 0.5660005161591892, "Recall": 0.6204646961409144, "F1-Score": 0.5848390930636659, "ROC AUC": 0.4748392853609086, "Accuracy": 0.6204646961409144, "MEAPE-mu": 64.2271338454312, "MEAPE-std": 2.7020477946841033, "_runtime": 27, "_timestamp": 1653922517, "_step": 0, "_wandb": {"runtime": 28}}