{"ARI": 0.04697076208675333, "NMI": 0.11556803401918819, "JSD": 0.18211791971099633, "Precision": 0.739710789766407, "Recall": 0.7096774193548387, "F1-Score": 0.6408918406072107, "ROC AUC": 0.7441370040786058, "Accuracy": 0.7096774193548387, "MEAPE-mu": 26.333331774577267, "MEAPE-std": 7.5513205123320395, "_runtime": 4, "_timestamp": 1645460850, "_step": 0, "_wandb": {"runtime": 5}}