{"ARI": 0.0, "NMI": 0.0, "JSD": 0.17878432623971877, "Precision": 0.49, "Recall": 0.7, "F1-Score": 0.5764705882352941, "ROC AUC": 0.5266505636070853, "Accuracy": 0.7, "MEAPE-mu": 33.954623979197756, "MEAPE-std": 7.2911679513506, "_runtime": 4, "_timestamp": 1645463471, "_step": 0, "_wandb": {"runtime": 4}}