{"ARI": 0.015494587009198252, "NMI": 0.004994777619496745, "JSD": 0.21508953751630785, "Precision": 0.5099815766791183, "Recall": 0.6031950299534058, "F1-Score": 0.5127156280741186, "ROC AUC": 0.5749695739711401, "Accuracy": 0.6031950299534058, "MEAPE-mu": 28.010220747478584, "MEAPE-std": 0.384716429696557, "_runtime": 8089, "_timestamp": 1648112570, "_step": 0, "_wandb": {"runtime": 8089}}