{"ARI": -0.0006542891984289587, "NMI": 5.567275784295566e-06, "JSD": Infinity, "Precision": 0.6243677819677461, "Recall": 0.7383675078864353, "F1-Score": 0.6477977923247978, "ROC AUC": 0.5140632894771833, "Accuracy": 0.7383675078864353, "MEAPE-mu": 89.75845156350253, "MEAPE-std": 4.071288505547274, "_runtime": 792, "_timestamp": 1654011559, "_step": 0, "_wandb": {"runtime": 793}}