{"MAE": 11.8068765058192, "MRAE": 0.16467497465846742, "R^2-Score": 0.7368993045189938, "MEAPE-mu": 0.6211364157947001, "MEAPE-std": 0.28490132651668654, "RMSE": 18.14008154131275, "JSD": 0.07638502745219002, "_runtime": 1379, "_timestamp": 1646767834, "_step": 0, "_wandb": {"runtime": 1379}}