{"MAE": 26.72760521319433, "RMSE": 36.60683396885686, "MRAE": 0.5435045167726827, "JSD": 0.16461105458374947, "R^2-Score": 0.2311644898753682, "MEAPE-mu": 6.890022594406044, "MEAPE-std": 4.883152337376657, "_runtime": 1, "_timestamp": 1645185954, "_step": 0, "_wandb": {"runtime": 3}}