{"ARI": -0.0472358183086309, "NMI": 0.04738866416843228, "JSD": 0.19002040845080972, "Precision": 0.7950165003737517, "Recall": 0.35246888799678844, "F1-Score": 0.2419764947138174, "ROC AUC": 0.7657977351301569, "Accuracy": 0.35246888799678844, "MEAPE-mu": 80.97474257741281, "MEAPE-std": 0.7092853493880423, "_runtime": 5, "_timestamp": 1646914139, "_step": 0, "_wandb": {"runtime": 5}}