{"ARI": 0.227438532007908, "NMI": 0.16630919859292873, "JSD": 0.2038472810635751, "Precision": 0.5582437275985663, "Recall": 0.6774193548387096, "F1-Score": 0.6055718475073314, "ROC AUC": 0.4934715821812596, "Accuracy": 0.6774193548387096, "MEAPE-mu": 18.367054450305417, "MEAPE-std": 8.838839161953375, "_runtime": 15, "_timestamp": 1646944755, "_step": 0, "_wandb": {"runtime": 15}}