{"ARI": 0.27078599813576404, "NMI": 0.15840889058215388, "JSD": 0.17659877532184384, "Precision": 0.7373316076052616, "Recall": 0.7623040466642362, "F1-Score": 0.7286705193328125, "ROC AUC": 0.8212961539943902, "Accuracy": 0.7623040466642362, "MEAPE-mu": 14.390729539355862, "MEAPE-std": 0.7209421022371213, "_runtime": 39, "_timestamp": 1645779972, "_step": 0, "_wandb": {"runtime": 40}}