{"ARI": 0.01716153851604322, "NMI": 0.03047818704849331, "JSD": 0.22118109558973137, "Precision": 0.5026231750009111, "Recall": 0.40093188373641003, "F1-Score": 0.43858917223880567, "ROC AUC": 0.5521279276526466, "Accuracy": 0.40093188373641003, "MEAPE-mu": 12.889670105938343, "MEAPE-std": 0.4549867127905946, "_runtime": 3, "_timestamp": 1645771710, "_step": 0, "_wandb": {"runtime": 4}}