{"ARI": 0.661673518109788, "NMI": 0.5436351794408557, "JSD": 0.11315678946347213, "Precision": 0.9016786269237961, "Recall": 0.898566703417861, "F1-Score": 0.892320950032998, "ROC AUC": 0.9740066950168549, "Accuracy": 0.898566703417861, "MEAPE-mu": 7.2536555069263295, "MEAPE-std": 1.2077249351225396, "_runtime": 50, "_timestamp": 1654116119, "_step": 0, "_wandb": {"runtime": 52}}