{"ARI": 0.7045646367713528, "NMI": 0.5823197390832812, "JSD": 0.10707460611500882, "Precision": 0.9128509588649543, "Recall": 0.9106945975744212, "F1-Score": 0.9063129479246569, "ROC AUC": 0.9761290891068302, "Accuracy": 0.9106945975744212, "MEAPE-mu": 5.372961789654336, "MEAPE-std": 1.0127905226991774, "_runtime": 53, "_timestamp": 1654116431, "_step": 0, "_wandb": {"runtime": 53}}