{"MAE": 22.34071797603034, "MRAE": 0.4482629971816005, "R^2-Score": 0.4046638923555804, "MEAPE-mu": 1.7601285192925844, "MEAPE-std": 0.28920736294485444, "RMSE": 29.53855871715651, "JSD": Infinity, "_runtime": 5, "_timestamp": 1647416387, "_step": 0, "_wandb": {"runtime": 5}}