{"ARI": 0.0, "NMI": 1.6883267560046202e-15, "JSD": 0.1779992404031432, "Precision": 0.5036420395421436, "Recall": 0.7096774193548387, "F1-Score": 0.5891661594643944, "ROC AUC": 0.7410239772586825, "Accuracy": 0.7096774193548387, "MEAPE-mu": 33.74879606941357, "MEAPE-std": 7.012849378926363, "_runtime": 5, "_timestamp": 1646932577, "_step": 0, "_wandb": {"runtime": 5}}