{"ARI": 0.07869401423189619, "NMI": 0.10305887554617958, "JSD": 0.170420714093647, "Precision": 0.7, "Recall": 0.7096774193548387, "F1-Score": 0.6143263757115749, "ROC AUC": 0.6425499231950843, "Accuracy": 0.7096774193548387, "MEAPE-mu": 30.464471216323567, "MEAPE-std": 7.348423691972218, "_runtime": 2, "_timestamp": 1645453937, "_step": 0, "_wandb": {"runtime": 3}}