{"ARI": 0.035356368357610836, "NMI": 0.02988204572585749, "JSD": 0.17931491284056936, "Precision": 0.6677400383910236, "Recall": 0.7048851622311338, "F1-Score": 0.5992060092965266, "ROC AUC": 0.718431583622251, "Accuracy": 0.7048851622311338, "MEAPE-mu": 32.38573716963971, "MEAPE-std": 0.4895984993243803, "_runtime": 4, "_timestamp": 1645776714, "_step": 0, "_wandb": {"runtime": 4}}