{"MAE": 27.05706115820023, "MRAE": 0.5947428228996227, "R^2-Score": 0.06088122884332592, "MEAPE-mu": 0.3200876116365929, "MEAPE-std": 0.2009407001055985, "RMSE": 33.37429237562213, "JSD": Infinity, "_runtime": 2, "_timestamp": 1645985552, "_step": 0, "_wandb": {"runtime": 4}}