{"MAE": 30.02438312913554, "MRAE": 0.6355575344872425, "R^2-Score": 0.171001583639117, "MEAPE-mu": 7.5118551051228675, "MEAPE-std": 5.30312178613911, "RMSE": 38.012138504446355, "JSD": 0.17364535371636525, "_runtime": 3, "_timestamp": 1646480913, "_step": 0, "_wandb": {"runtime": 4}}