{"ARI": 0.7207048102418806, "NMI": 0.6010575192162243, "JSD": 0.11064787181547293, "Precision": 0.9143779979132496, "Recall": 0.9152387896463726, "F1-Score": 0.9145046184000599, "ROC AUC": 0.976448119146561, "Accuracy": 0.9152387896463726, "MEAPE-mu": 1.8766750439478617, "MEAPE-std": 0.4164879754863282, "_runtime": 578, "_timestamp": 1646920960, "_step": 0, "_wandb": {"runtime": 578}}