{"ARI": 0.059770934965983076, "NMI": 0.019928730730221656, "JSD": 0.21364284900282665, "Precision": 0.6559977571802421, "Recall": 0.701224407868326, "F1-Score": 0.6392861054996399, "ROC AUC": 0.7026951580945604, "Accuracy": 0.701224407868326, "MEAPE-mu": 26.49969061512874, "MEAPE-std": 0.3398566857430445, "_runtime": 7, "_timestamp": 1646929151, "_step": 0, "_wandb": {"runtime": 8}}