{"MAE": 24.821843292954334, "RMSE": 31.259997055461085, "MRAE": 0.4555037917812482, "JSD": Infinity, "R^2-Score": 0.24000317229338097, "MEAPE-mu": 0.6489885835757054, "MEAPE-std": 0.42390236916343854, "_runtime": 5, "_timestamp": 1645429852, "_step": 0, "_wandb": {"runtime": 5}}