{"MAE": 27.560306190370536, "MRAE": 0.6044924940570758, "R^2-Score": -0.004332934343915351, "MEAPE-mu": 0.2722714898419192, "MEAPE-std": 0.2103121211585166, "RMSE": 34.32630467747996, "JSD": 0.17780654048016714, "_runtime": 3, "_timestamp": 1645988999, "_step": 0, "_wandb": {"runtime": 4}}