{"MAE": 26.20503856554561, "MRAE": 0.46820549977396003, "R^2-Score": -0.12632649127401874, "MEAPE-mu": 6.288967358000691, "MEAPE-std": 4.365842312732846, "RMSE": 32.81728818739876, "JSD": 0.15531359901475997, "_runtime": 3, "_timestamp": 1646479903, "_step": 0, "_wandb": {"runtime": 4}}