{"MAE": 23.53252841676026, "MRAE": 0.6704439113091568, "R^2-Score": 0.2127705255060376, "MEAPE-mu": 7.415142753818418, "MEAPE-std": 5.8150920672542785, "RMSE": 29.22394593301898, "JSD": 0.14680656753165947, "_runtime": 4, "_timestamp": 1646308303, "_step": 0, "_wandb": {"runtime": 4}}