{"ARI": 0.017753068808717503, "NMI": 0.005573496872806824, "JSD": 0.19390486096367565, "Precision": 0.503104926973297, "Recall": 0.6188595518082982, "F1-Score": 0.5006963285941844, "ROC AUC": 0.6044772451478703, "Accuracy": 0.6188595518082982, "MEAPE-mu": 34.62712263896544, "MEAPE-std": 0.2775412403573356, "_runtime": 5, "_timestamp": 1645564741, "_step": 0, "_wandb": {"runtime": 5}}