{"ARI": 0.09734256337771884, "NMI": 0.046027745159892185, "JSD": 0.19143321233649685, "Precision": 0.6600637439080773, "Recall": 0.7110827561064528, "F1-Score": 0.6385413451175888, "ROC AUC": 0.6964297141947676, "Accuracy": 0.7110827561064528, "MEAPE-mu": 25.039750027502254, "MEAPE-std": 0.6714720839600041, "_runtime": 5, "_timestamp": 1645774414, "_step": 0, "_wandb": {"runtime": 5}}