{"ARI": 0.1273164104683123, "NMI": 0.11011051411002534, "JSD": 0.20311597201744902, "Precision": 0.6261376796548175, "Recall": 0.5815398269358775, "F1-Score": 0.5923541657934162, "ROC AUC": 0.7006203540242125, "Accuracy": 0.5815398269358775, "MEAPE-mu": 15.35444074926676, "MEAPE-std": 0.47864435617911966, "_runtime": 3, "_timestamp": 1645787407, "_step": 0, "_wandb": {"runtime": 4}}