{"ARI": 0.7025786349642155, "NMI": 0.5847681565304919, "JSD": 0.1088479890514165, "Precision": 0.8990016480642147, "Recall": 0.8996671843798536, "F1-Score": 0.8989445486136936, "ROC AUC": 0.9693288850348611, "Accuracy": 0.8996671843798536, "MEAPE-mu": 2.166793550323428, "MEAPE-std": 0.21143029257753, "_runtime": 14, "_timestamp": 1647592435, "_step": 0, "_wandb": {"runtime": 14}}