{"ARI": 0.024690903738592875, "NMI": 0.07456196777261062, "JSD": 0.5174539560958382, "Precision": 0.49032258064516127, "Recall": 0.25806451612903225, "F1-Score": 0.3274366978841485, "Accuracy": 0.25806451612903225, "MEAPE-mu": 63.1646791459396, "MEAPE-std": 8.069098921230324, "_runtime": 4, "_timestamp": 1645616894, "_step": 0, "_wandb": {"runtime": 4}}