{"MAE": 12.284300602407592, "MRAE": 0.1715120208548808, "R^2-Score": 0.723513008127282, "MEAPE-mu": 0.3257916434332788, "MEAPE-std": 0.2443022040808307, "RMSE": 19.160062789665428, "JSD": 0.08015645669495476, "_runtime": 1390, "_timestamp": 1646766450, "_step": 0, "_wandb": {"runtime": 1390}}