{"ARI": 0.09117584309506514, "NMI": 0.030312774317819563, "JSD": 0.2037197112872221, "Precision": 0.6310229507802206, "Recall": 0.6945507563331511, "F1-Score": 0.6325393778804604, "ROC AUC": 0.6607484895066653, "Accuracy": 0.6945507563331511, "MEAPE-mu": 21.273729988434525, "MEAPE-std": 0.6186315914327709, "_runtime": 137, "_timestamp": 1645471182, "_step": 0, "_wandb": {"runtime": 138}}