{"MAE": 22.96055322681895, "RMSE": 29.264663723198304, "MRAE": 0.42100047569705895, "JSD": 0.13215418957419423, "R^2-Score": 0.31573327185968103, "MEAPE-mu": 2.5429804106710723, "MEAPE-std": 0.4368204264755817, "_runtime": 62, "_timestamp": 1645200632, "_step": 0, "_wandb": {"runtime": 63}}