{"MAE": 20.911714043076596, "MRAE": 0.36436420259815666, "R^2-Score": 0.4306214578956685, "MEAPE-mu": 1.6935889800504311, "MEAPE-std": 0.44196616739438865, "RMSE": 27.1458558946258, "JSD": 0.12214892741818731, "_runtime": 175, "_timestamp": 1646515115, "_step": 0, "_wandb": {"runtime": 175}}