{"ARI": 0.039019689178056774, "NMI": 0.07651217743108857, "JSD": 0.1821362776784203, "Precision": 0.16465478917512846, "Recall": 0.28555580208564457, "F1-Score": 0.1453806130364804, "ROC AUC": 0.7252960219195906, "Accuracy": 0.28555580208564457, "MEAPE-mu": 77.77436885436505, "MEAPE-std": 0.6628206475587972, "_runtime": 5, "_timestamp": 1646917022, "_step": 0, "_wandb": {"runtime": 6}}