{"ARI": 0.04455531331620207, "NMI": 0.0213049599371162, "JSD": 0.208623735075397, "Precision": 0.5232816609975932, "Recall": 0.6188151763922787, "F1-Score": 0.5358161010429697, "ROC AUC": 0.5942944932265588, "Accuracy": 0.6188151763922787, "MEAPE-mu": 26.827746247263526, "MEAPE-std": 0.3419627241975807, "_runtime": 1515, "_timestamp": 1647707447, "_step": 0, "_wandb": {"runtime": 1514}}