{"MAE": 29.451182568990205, "RMSE": 37.47922759524533, "MRAE": 0.47514013254337845, "JSD": 0.15779557520038723, "R^2-Score": 0.2736470669559966, "MEAPE-mu": 6.934129204359448, "MEAPE-std": 5.172711375923183, "_runtime": 1, "_timestamp": 1645188860, "_step": 0, "_wandb": {"runtime": 3}}