{"MAE": 28.192587326847402, "RMSE": 36.57752194661857, "MRAE": 0.5560602106615199, "JSD": 0.16148382411191936, "R^2-Score": 0.2266078328634683, "MEAPE-mu": 7.650796482674247, "MEAPE-std": 5.3270015005698035, "_runtime": 4, "_timestamp": 1645483036, "_step": 0, "_wandb": {"runtime": 4}}