{"MAE": 21.552565865025887, "MRAE": 0.4095120906324276, "R^2-Score": 0.2722557181968581, "MEAPE-mu": 7.522077077916919, "MEAPE-std": 5.584386907984525, "RMSE": 26.379098058017018, "JSD": 0.12920736371522873, "_runtime": 3, "_timestamp": 1646306909, "_step": 0, "_wandb": {"runtime": 4}}