{"ARI": 0.0, "NMI": 6.91199551167899e-15, "JSD": 0.17798981128368224, "Precision": 0.4815641485056782, "Recall": 0.6939482318629238, "F1-Score": 0.5685700890352202, "ROC AUC": 0.6782036946244298, "Accuracy": 0.6939482318629238, "MEAPE-mu": 34.867600208046326, "MEAPE-std": 0.4902669035426868, "_runtime": 4, "_timestamp": 1645775096, "_step": 0, "_wandb": {"runtime": 4}}