{"ARI": 0.17003390614297365, "NMI": 0.17652374482285718, "JSD": 0.17282127298747296, "Precision": 0.6529252688351184, "Recall": 0.7039715997337475, "F1-Score": 0.6369903461040732, "ROC AUC": 0.7859555960924431, "Accuracy": 0.7039715997337475, "MEAPE-mu": 25.207124971549216, "MEAPE-std": 0.26738301805527176, "_runtime": 1530, "_timestamp": 1648234636, "_step": 0, "_wandb": {"runtime": 1530}}