{"ARI": -0.037634451374616816, "NMI": 0.07149523500844876, "JSD": 0.18789960872392575, "Precision": 0.7281095432359256, "Recall": 0.36310608822457163, "F1-Score": 0.3240567158422626, "ROC AUC": 0.7595466909014515, "Accuracy": 0.36310608822457163, "MEAPE-mu": 74.99418779412433, "MEAPE-std": 1.3876800980168285, "_runtime": 3, "_timestamp": 1645776940, "_step": 0, "_wandb": {"runtime": 4}}