{"MAE": 26.56227912555373, "MRAE": 0.5911523272904028, "R^2-Score": 0.06102633711587557, "MEAPE-mu": 0.334288327483758, "MEAPE-std": 0.22326495378839528, "RMSE": 33.027628295554706, "JSD": 0.17185809200228694, "_runtime": 6740, "_timestamp": 1646541550, "_step": 0, "_wandb": {"runtime": 6741}}