{"ARI": 0.03424816733582189, "NMI": 0.01819570744964272, "JSD": 0.21918705783757383, "Precision": 0.5127635505403209, "Recall": 0.5934768138451298, "F1-Score": 0.5263241449093985, "ROC AUC": 0.5824107618054184, "Accuracy": 0.5934768138451298, "MEAPE-mu": 23.364524426433018, "MEAPE-std": 0.4286006061876087, "_runtime": 4, "_timestamp": 1645987215, "_step": 0, "_wandb": {"runtime": 5}}