{"ARI": -0.027227039266581984, "NMI": 0.16732887626336698, "JSD": 0.3740652167717738, "Precision": 0.47580645161290325, "Recall": 0.0967741935483871, "F1-Score": 0.1405529953917051, "Accuracy": 0.0967741935483871, "MEAPE-mu": 106.94910116181204, "MEAPE-std": 32.871542443856974, "_runtime": 3, "_timestamp": 1645615436, "_step": 0, "_wandb": {"runtime": 4}}