{"MAE": 27.008289272774945, "MRAE": 0.523156710919777, "R^2-Score": 0.030268162056714898, "MEAPE-mu": 1.4391550786032872, "MEAPE-std": 0.28339716269694637, "RMSE": 32.266382293895056, "JSD": Infinity, "_runtime": 2, "_timestamp": 1645986437, "_step": 0, "_wandb": {"runtime": 4}}