{"ARI": 0.0071174377224199285, "NMI": 0.030622595722108417, "JSD": 0.2290394297756889, "Precision": 0.5722084367245658, "Recall": 0.6451612903225806, "F1-Score": 0.5982788659521674, "ROC AUC": 0.7410214247714851, "Accuracy": 0.6451612903225806, "MEAPE-mu": 17.111342836076414, "MEAPE-std": 8.48110700715243, "_runtime": 3, "_timestamp": 1645460946, "_step": 0, "_wandb": {"runtime": 3}}