{"ARI": 0.0, "NMI": 0.0, "JSD": 0.1777606966275011, "Precision": 0.49015436717239064, "Recall": 0.7001102535832414, "F1-Score": 0.5766148002922936, "ROC AUC": 0.6963820189197042, "Accuracy": 0.7001102535832414, "MEAPE-mu": 34.439267339489476, "MEAPE-std": 1.18332083825427, "_runtime": 4, "_timestamp": 1654269134, "_step": 0, "_wandb": {"runtime": 4}}