{"MAE": 21.19660096577463, "RMSE": 27.326490767040266, "MRAE": 0.3644730036017075, "JSD": Infinity, "R^2-Score": 0.4135317920661966, "MEAPE-mu": 0.49569398609767484, "MEAPE-std": 0.31236439654420556, "_runtime": 74, "_timestamp": 1645445024, "_step": 0, "_wandb": {"runtime": 75}}