{"MAE": 32.72393166185933, "MRAE": 0.9280934595156077, "R^2-Score": -0.007186366117663656, "MEAPE-mu": 8.260638087630639, "MEAPE-std": 0.4213267291158117, "RMSE": 39.83392347062588, "JSD": 0.2162036167103859, "_runtime": 4, "_timestamp": 1645989671, "_step": 0, "_wandb": {"runtime": 4}}