{"ARI": 0.0, "NMI": 0.0, "JSD": 0.17807895717104666, "Precision": 0.38320687357176164, "Recall": 0.6190370534723763, "F1-Score": 0.4733762859224146, "ROC AUC": 0.7190818912754696, "Accuracy": 0.6190370534723763, "MEAPE-mu": 39.29035347622196, "MEAPE-std": 0.21220417142179518, "_runtime": 2323, "_timestamp": 1647883400, "_step": 0, "_wandb": {"runtime": 2324}}