{"ARI": 0.08252995142478024, "NMI": 0.05663334961945128, "JSD": 0.2001541620270665, "Precision": 0.5663965442892922, "Recall": 0.6500110938540049, "F1-Score": 0.5773598575212474, "ROC AUC": 0.7024774552678703, "Accuracy": 0.6500110938540049, "MEAPE-mu": 24.49250331318888, "MEAPE-std": 0.3147043796600585, "_runtime": 3, "_timestamp": 1645787607, "_step": 0, "_wandb": {"runtime": 4}}