{"ARI": -0.057585494270094725, "NMI": 0.06237107821968761, "JSD": 0.18856961192052904, "Precision": 0.7030317134194627, "Recall": 0.3627342888643881, "F1-Score": 0.32670470944428737, "ROC AUC": 0.728047909153626, "Accuracy": 0.3627342888643881, "MEAPE-mu": 71.49384108413423, "MEAPE-std": 3.530911427951563, "_runtime": 3, "_timestamp": 1654258835, "_step": 0, "_wandb": {"runtime": 4}}