{"MAE": 28.67703945957997, "RMSE": 36.10679144762008, "MRAE": 0.49696039810630716, "JSD": 0.15227229740818293, "R^2-Score": 0.3258691134645293, "MEAPE-mu": 6.7971901756619495, "MEAPE-std": 5.355567042393064, "_runtime": 2, "_timestamp": 1645189330, "_step": 0, "_wandb": {"runtime": 3}}