{"ARI": 0.7093885712683607, "NMI": 0.5916883149335512, "JSD": 0.11324440924337985, "Precision": 0.9110316299651985, "Recall": 0.9119577105359096, "F1-Score": 0.9104970676854146, "ROC AUC": 0.977303646415433, "Accuracy": 0.9119577105359096, "MEAPE-mu": 3.4693398661672608, "MEAPE-std": 0.40127908196877604, "_runtime": 557, "_timestamp": 1646923260, "_step": 0, "_wandb": {"runtime": 557}}