{"ARI": 0.7597533875489321, "NMI": 0.6242119155166225, "JSD": 0.09524150697455398, "Precision": 0.9234460978365218, "Recall": 0.9245351804593511, "F1-Score": 0.9226970255753535, "ROC AUC": 0.9834956747045229, "Accuracy": 0.9245351804593511, "MEAPE-mu": 3.3030924203367844, "MEAPE-std": 0.4166014663557342, "_runtime": 578, "_timestamp": 1647228402, "_step": 0, "_wandb": {"runtime": 579}}