{"MAE": 27.177813186554438, "MRAE": 0.6121255046043557, "R^2-Score": 0.036090384695152466, "MEAPE-mu": 0.24305583574001502, "MEAPE-std": 0.2060411316578664, "RMSE": 33.549126993990456, "JSD": Infinity, "_runtime": 2, "_timestamp": 1650538881, "_step": 0, "_wandb": {"runtime": 3}}