{"ARI": -0.0007050701571924684, "NMI": 0.0003373130782239763, "JSD": Infinity, "Precision": 0.5215398532973661, "Recall": 0.6993175431553593, "F1-Score": 0.5763831287326446, "ROC AUC": 0.4831223438683495, "Accuracy": 0.6993175431553593, "MEAPE-mu": 149.19124230008867, "MEAPE-std": 3.9253394268737964, "_runtime": 8, "_timestamp": 1653918208, "_step": 0, "_wandb": {"runtime": 9}}