{"MAE": 24.78814017104198, "RMSE": 31.19717578538452, "MRAE": 0.4755943694822639, "JSD": 0.16302297418558218, "R^2-Score": 0.03522077373809229, "MEAPE-mu": 5.220469207006256, "MEAPE-std": 4.126908522374645, "_runtime": 4, "_timestamp": 1645482999, "_step": 0, "_wandb": {"runtime": 5}}