{"ARI": 0.0, "NMI": 7.024775910151136e-16, "JSD": 0.1813021946042139, "Precision": 0.4588969823100936, "Recall": 0.6774193548387096, "F1-Score": 0.5471464019851118, "ROC AUC": 0.6765343134884171, "Accuracy": 0.6774193548387096, "MEAPE-mu": 35.51718698919755, "MEAPE-std": 7.178328105803753, "_runtime": 4, "_timestamp": 1646933004, "_step": 0, "_wandb": {"runtime": 5}}