{"ARI": 0.005952489345257166, "NMI": 0.004658542528582002, "JSD": 0.201289139267108, "Precision": 0.6026036568350539, "Recall": 0.6109607277568228, "F1-Score": 0.49869420272017856, "ROC AUC": 0.5895510236440732, "Accuracy": 0.6109607277568228, "MEAPE-mu": 33.30600692478968, "MEAPE-std": 0.3077750317325168, "_runtime": 156, "_timestamp": 1648220387, "_step": 0, "_wandb": {"runtime": 156}}