{"ARI": -0.004484996401360642, "NMI": 0.00025270779994807053, "JSD": Infinity, "Precision": 0.6166996366762896, "Recall": 0.7351607178071387, "F1-Score": 0.646026421294203, "ROC AUC": 0.5091505737266129, "Accuracy": 0.7351607178071387, "MEAPE-mu": 89.82067631073224, "MEAPE-std": 5.147256447788182, "_runtime": 823, "_timestamp": 1654014817, "_step": 0, "_wandb": {"runtime": 824}}