{"ARI": 0.10893854748603352, "NMI": 0.12465082932157487, "JSD": 0.18040067375780588, "Precision": 0.8189655172413793, "Recall": 0.7586206896551724, "F1-Score": 0.6819923371647509, "ROC AUC": 0.6547619047619048, "Accuracy": 0.7586206896551724, "MEAPE-mu": 30.160829079273604, "MEAPE-std": 6.8195250996493115, "_runtime": 5, "_timestamp": 1646933711, "_step": 0, "_wandb": {"runtime": 5}}