{"MAE": 23.14452203098887, "RMSE": 29.25036529251854, "MRAE": 0.4491048761002688, "JSD": 0.12756466375300407, "R^2-Score": 0.5225845672687086, "MEAPE-mu": 4.962604091757973, "MEAPE-std": 3.9710039517845117, "_runtime": 4, "_timestamp": 1645483364, "_step": 0, "_wandb": {"runtime": 5}}