{"ARI": 0.09968158613271334, "NMI": 0.0776793048700782, "JSD": 0.20888831116556603, "Precision": 0.670263722158105, "Recall": 0.5747356908494349, "F1-Score": 0.5989667665494567, "ROC AUC": 0.6942356061681558, "Accuracy": 0.5747356908494349, "MEAPE-mu": 24.042115571086516, "MEAPE-std": 1.1426196587779667, "_runtime": 6, "_timestamp": 1646918137, "_step": 0, "_wandb": {"runtime": 6}}