{"ARI": 0.1751236215675606, "NMI": 0.1115088947063003, "JSD": 0.18525855456814963, "Precision": 0.7272081392458456, "Recall": 0.7420066152149944, "F1-Score": 0.6938620259385793, "ROC AUC": 0.7787369992729564, "Accuracy": 0.7420066152149944, "MEAPE-mu": 19.94589531820352, "MEAPE-std": 1.681318711224055, "_runtime": 167, "_timestamp": 1654312168, "_step": 0, "_wandb": {"runtime": 167}}