{"ARI": 0.0, "NMI": 0.0, "JSD": 0.17878432623971877, "Precision": 0.49, "Recall": 0.7, "F1-Score": 0.5764705882352941, "ROC AUC": 0.7151368760064413, "Accuracy": 0.7, "MEAPE-mu": 33.47161327931856, "MEAPE-std": 6.684075170436449, "_runtime": 6, "_timestamp": 1646933877, "_step": 0, "_wandb": {"runtime": 5}}