{"ARI": 0.115904308339794, "NMI": 0.2339176741222702, "JSD": 0.18101558307934024, "Precision": 0.7240179175663046, "Recall": 0.6129032258064516, "F1-Score": 0.6275774826059456, "ROC AUC": 0.782910906298003, "Accuracy": 0.6129032258064516, "MEAPE-mu": 26.743526255452576, "MEAPE-std": 12.745637232743219, "_runtime": 4, "_timestamp": 1645459461, "_step": 0, "_wandb": {"runtime": 4}}