{"MAE": 23.459256536911404, "RMSE": 29.038249703397785, "MRAE": 0.4538350329318435, "JSD": 0.12975675248792443, "R^2-Score": 0.5358751603842213, "MEAPE-mu": 4.564014745964489, "MEAPE-std": 3.535322535554607, "_runtime": 2, "_timestamp": 1645188815, "_step": 0, "_wandb": {"runtime": 3}}