{"MAE": 11.708986152229775, "MRAE": 0.21052171759818952, "R^2-Score": 0.805689045167542, "MEAPE-mu": 0.273335951515339, "MEAPE-std": 0.18176143409076054, "RMSE": 15.997944252444864, "JSD": Infinity, "_runtime": 1170, "_timestamp": 1646540444, "_step": 0, "_wandb": {"runtime": 1171}}