{"MAE": 20.459661524790377, "RMSE": 25.24112974820709, "MRAE": 0.341237673393669, "JSD": Infinity, "R^2-Score": -0.19565966698353687, "MEAPE-mu": 13.56940007179658, "MEAPE-std": 0.5178190479458491, "_runtime": 2, "_timestamp": 1645391540, "_step": 0, "_wandb": {"runtime": 3}}