{"ARI": -0.015505568901506879, "NMI": 0.055400247063675266, "JSD": 0.21023386747113565, "Precision": 0.6619623655913979, "Recall": 0.4838709677419355, "F1-Score": 0.5156340235954129, "ROC AUC": 0.6411908293165246, "Accuracy": 0.4838709677419355, "MEAPE-mu": 41.95229293244175, "MEAPE-std": 16.75510287988221, "_runtime": 3, "_timestamp": 1645464014, "_step": 0, "_wandb": {"runtime": 4}}