{"ARI": 0.03993503216274994, "NMI": 0.08061492324824655, "JSD": 0.2281697696668931, "Precision": 0.6133995037220843, "Recall": 0.4838709677419355, "F1-Score": 0.5152254450167163, "ROC AUC": 0.6009140590994826, "Accuracy": 0.4838709677419355, "MEAPE-mu": 28.25433583229803, "MEAPE-std": 14.992430406575679, "_runtime": 3, "_timestamp": 1645464034, "_step": 0, "_wandb": {"runtime": 4}}