{"MAE": 20.725282675918546, "RMSE": 25.894907364841774, "MRAE": 0.3353904003837558, "JSD": 0.10484444727394077, "R^2-Score": -0.25840004297985497, "MEAPE-mu": 15.518059517617408, "MEAPE-std": 0.4379124787003011, "_runtime": 545, "_timestamp": 1645592238, "_step": 0, "_wandb": {"runtime": 546}}