{"ARI": -0.04358280733393448, "NMI": 0.025104845542488003, "JSD": 0.17685409054557105, "Precision": 0.05268817204301075, "Recall": 0.22580645161290322, "F1-Score": 0.08544027898866607, "ROC AUC": 0.6209831912000989, "Accuracy": 0.22580645161290322, "MEAPE-mu": 97.33720977448685, "MEAPE-std": 16.337640360894415, "_runtime": 5, "_timestamp": 1646932876, "_step": 0, "_wandb": {"runtime": 5}}