{"ARI": 0.07423208191126279, "NMI": 0.09708078739550755, "JSD": 0.1763086864963153, "Precision": 0.732258064516129, "Recall": 0.7096774193548387, "F1-Score": 0.6152224330592452, "ROC AUC": 0.688958746433235, "Accuracy": 0.7096774193548387, "MEAPE-mu": 31.66853219658053, "MEAPE-std": 6.582647684982288, "_runtime": 6, "_timestamp": 1646942116, "_step": 0, "_wandb": {"runtime": 5}}