{"MAE": 20.97162626703492, "MRAE": 0.33811985976580244, "R^2-Score": 0.07217618488267519, "MEAPE-mu": 5.213142142040639, "MEAPE-std": 3.7663749807781937, "RMSE": 28.94849053242079, "JSD": 0.12268299213400215, "_runtime": 3, "_timestamp": 1646480913, "_step": 0, "_wandb": {"runtime": 3}}