{"MAE": 23.41748806752102, "MRAE": 0.503124668645544, "R^2-Score": 0.23297363372953572, "MEAPE-mu": 4.075939397075988, "MEAPE-std": 0.25664913722324983, "RMSE": 30.138478563608082, "JSD": Infinity, "_runtime": 4, "_timestamp": 1646946483, "_step": 0, "_wandb": {"runtime": 5}}