{"ARI": -0.053285351551796575, "NMI": 0.04812279605744712, "JSD": 0.5314524854748923, "Precision": 0.5459057071960298, "Recall": 0.3225806451612903, "F1-Score": 0.40552995391705066, "Accuracy": 0.3225806451612903, "MEAPE-mu": 62.641680808152934, "MEAPE-std": 9.485417294338387, "_runtime": 3, "_timestamp": 1645623572, "_step": 0, "_wandb": {"runtime": 4}}