{"MAE": 22.38360619119578, "RMSE": 27.788816312188235, "MRAE": 0.4002773381512451, "JSD": 0.12063647490112764, "R^2-Score": 0.5749558558357419, "MEAPE-mu": 4.743387561914778, "MEAPE-std": 3.3364719819172515, "_runtime": 2, "_timestamp": 1645189324, "_step": 0, "_wandb": {"runtime": 3}}