{"MAE": 26.931777366747244, "MRAE": 0.5995590052265547, "R^2-Score": 0.05385175709964174, "MEAPE-mu": 0.30934465242211184, "MEAPE-std": 0.2224254906507055, "RMSE": 33.43300017448877, "JSD": 0.17383077347420212, "_runtime": 6899, "_timestamp": 1646527922, "_step": 0, "_wandb": {"runtime": 6899}}