{"MAE": 21.34604765045368, "RMSE": 27.601642946812692, "MRAE": 0.36491156284930104, "JSD": Infinity, "R^2-Score": 0.4067341292110793, "MEAPE-mu": 0.6208187678617031, "MEAPE-std": 0.4092274805224962, "_runtime": 72, "_timestamp": 1645444781, "_step": 0, "_wandb": {"runtime": 73}}