{"ARI": 0.16966999772173336, "NMI": 0.13055110927916333, "JSD": 0.18087195068223053, "Precision": 0.6933867554496267, "Recall": 0.7254830477579293, "F1-Score": 0.6800615605406425, "ROC AUC": 0.7229835980054756, "Accuracy": 0.7254830477579293, "MEAPE-mu": 20.6798194049263, "MEAPE-std": 0.6126399278231128, "_runtime": 5, "_timestamp": 1645784591, "_step": 0, "_wandb": {"runtime": 6}}