{"ARI": -0.04424202992843201, "NMI": 0.02649549439276696, "JSD": 0.20753322595280904, "Precision": 0.4827586206896552, "Recall": 0.6666666666666666, "F1-Score": 0.5599999999999999, "ROC AUC": 0.6110075914423742, "Accuracy": 0.6666666666666666, "MEAPE-mu": 31.97899660678784, "MEAPE-std": 7.578607428397156, "_runtime": 3, "_timestamp": 1645459607, "_step": 0, "_wandb": {"runtime": 4}}