{"ARI": 0.07047193608862809, "NMI": 0.13039587786525103, "JSD": 0.21209337301658768, "Precision": 0.5652176067811526, "Recall": 0.6165964055913025, "F1-Score": 0.5863127940412636, "ROC AUC": 0.6399030352178533, "Accuracy": 0.6165964055913025, "MEAPE-mu": 9.92531461872509, "MEAPE-std": 0.34501482144601553, "_runtime": 134, "_timestamp": 1647663404, "_step": 0, "_wandb": {"runtime": 135}}