{"ARI": 0.7185315397208278, "NMI": 0.6189482012931519, "JSD": 0.10578995589625852, "Precision": 0.9085454964539112, "Recall": 0.9074328821832705, "F1-Score": 0.907786030173588, "ROC AUC": 0.9811755632234559, "Accuracy": 0.9074328821832705, "MEAPE-mu": 1.6084005282232132, "MEAPE-std": 0.22944734920662013, "_runtime": 10169, "_timestamp": 1655301462, "_step": 0, "_wandb": {"runtime": 10168}}