{"MAE": 22.467753845779573, "MRAE": 0.36337574034659764, "R^2-Score": 0.32646895831684386, "MEAPE-mu": 0.9486361295528605, "MEAPE-std": 0.44379481436137097, "RMSE": 28.597356904311248, "JSD": 0.1250516282169394, "_runtime": 483, "_timestamp": 1646061658, "_step": 0, "_wandb": {"runtime": 483}}