{"ARI": -0.007677543186180422, "NMI": 0.01688733207208517, "JSD": 0.21984388895935497, "Precision": 0.5703703703703703, "Recall": 0.6666666666666666, "F1-Score": 0.6008333333333333, "ROC AUC": 0.5555296756383713, "Accuracy": 0.6666666666666666, "MEAPE-mu": 22.544933589258292, "MEAPE-std": 9.16378322507855, "_runtime": 16, "_timestamp": 1646944824, "_step": 0, "_wandb": {"runtime": 16}}