{"ARI": 0.0, "NMI": 0.0, "JSD": Infinity, "Precision": 0.5625, "Recall": 0.75, "F1-Score": 0.6428571428571429, "ROC AUC": 0.5952380952380952, "Accuracy": 0.75, "MEAPE-mu": 136.8237373737374, "MEAPE-std": 149.6484416930666, "_runtime": 2, "_timestamp": 1653670860, "_step": 0, "_wandb": {"runtime": 4}}