{"MAE": 21.239190570185283, "RMSE": 27.496345116054183, "MRAE": 0.3681011913937055, "JSD": Infinity, "R^2-Score": 0.4190861018652692, "MEAPE-mu": 0.5171988691604337, "MEAPE-std": 0.35869402796925703, "_runtime": 73, "_timestamp": 1645445103, "_step": 0, "_wandb": {"runtime": 75}}