{"ARI": -0.04241663178456816, "NMI": 0.026473550970279962, "JSD": 0.17503553933275115, "Precision": 0.05268817204301075, "Recall": 0.22580645161290322, "F1-Score": 0.08544027898866607, "ROC AUC": 0.6120583717357911, "Accuracy": 0.22580645161290322, "MEAPE-mu": 95.94889000710978, "MEAPE-std": 17.977361931725866, "_runtime": 5, "_timestamp": 1646932927, "_step": 0, "_wandb": {"runtime": 5}}