{"ARI": 0.00798175598631699, "NMI": 0.0020006278700997492, "JSD": 0.22746371256746487, "Precision": 0.621131741821397, "Recall": 0.6896551724137931, "F1-Score": 0.6356299606483025, "ROC AUC": 0.5595238095238094, "Accuracy": 0.6896551724137931, "MEAPE-mu": 21.634767985629207, "MEAPE-std": 10.577274919218397, "_runtime": 6, "_timestamp": 1645514154, "_step": 0, "_wandb": {"runtime": 6}}