{"ARI": 0.9236161596389947, "NMI": 0.8797504512156876, "JSD": 0.05748228629790339, "Precision": 0.9775751900761018, "Recall": 0.9775904149101398, "F1-Score": 0.9775735828249127, "ROC AUC": 0.9860706597821963, "Accuracy": 0.9775904149101398, "MEAPE-mu": 0.08816770338005968, "MEAPE-std": 0.06541240558607307, "_runtime": 605, "_timestamp": 1649616593, "_step": 0, "_wandb": {"runtime": 606}}