{"MAE": 25.409677419354843, "MRAE": 0.6981272833083674, "R^2-Score": -0.06503235248996675, "MEAPE-mu": 7.281031886421042, "MEAPE-std": 5.809591521926042, "RMSE": 29.929654083339944, "JSD": 0.1451588685938293, "_runtime": 3, "_timestamp": 1646307703, "_step": 0, "_wandb": {"runtime": 4}}