{"ARI": 0.19438137106976716, "NMI": 0.12597014391864816, "JSD": 0.19041734303529442, "Precision": 0.7626835546392016, "Recall": 0.760726652280825, "F1-Score": 0.7204310035821542, "ROC AUC": 0.5757916097729469, "Accuracy": 0.760726652280825, "MEAPE-mu": 23.462180797320734, "MEAPE-std": 0.36596547295465953, "_runtime": 5, "_timestamp": 1645796677, "_step": 0, "_wandb": {"runtime": 6}}