{"ARI": 0.14717942271629395, "NMI": 0.06687972181171957, "JSD": 0.20422761346936227, "Precision": 0.599856863352023, "Recall": 0.6424228977146661, "F1-Score": 0.5932979850042218, "ROC AUC": 0.7177890830933646, "Accuracy": 0.6424228977146661, "MEAPE-mu": 21.72804194635078, "MEAPE-std": 0.32377336088260616, "_runtime": 6, "_timestamp": 1646929625, "_step": 0, "_wandb": {"runtime": 6}}