{"ARI": 0.04516093473480857, "NMI": 0.0222480076162624, "JSD": 0.19048778499715963, "Precision": 0.5064183352156355, "Recall": 0.6257377412913246, "F1-Score": 0.5066682740827151, "ROC AUC": 0.5655913570986775, "Accuracy": 0.6257377412913246, "MEAPE-mu": 34.441581630635106, "MEAPE-std": 0.27477774843378067, "_runtime": 5, "_timestamp": 1645737756, "_step": 0, "_wandb": {"runtime": 5}}