{"ARI": 0.27031635510673957, "NMI": 0.15799036118603896, "JSD": 0.17474493062355329, "Precision": 0.7291148293051062, "Recall": 0.7619394823186293, "F1-Score": 0.726678545668742, "ROC AUC": 0.8184441452502388, "Accuracy": 0.7619394823186293, "MEAPE-mu": 15.04728183858631, "MEAPE-std": 0.677926349654183, "_runtime": 40, "_timestamp": 1645779830, "_step": 0, "_wandb": {"runtime": 41}}