{"ARI": -0.001398515749526088, "NMI": 0.0005698759138851188, "JSD": 0.3141966191537282, "Precision": 0.4860468133204494, "Recall": 0.45880422894640904, "F1-Score": 0.469229682730166, "Accuracy": 0.45880422894640904, "MEAPE-mu": 32.4400292181966, "MEAPE-std": 0.7975040724548244, "_runtime": 3, "_timestamp": 1645618529, "_step": 0, "_wandb": {"runtime": 3}}