{"ARI": -0.03260262219433874, "NMI": 0.07388754370310611, "JSD": 0.18862875623097705, "Precision": 0.720739420064951, "Recall": 0.36492890995260663, "F1-Score": 0.3249518999429149, "ROC AUC": 0.7569199482437726, "Accuracy": 0.36492890995260663, "MEAPE-mu": 74.86243719220465, "MEAPE-std": 1.3819987191286645, "_runtime": 4, "_timestamp": 1645776886, "_step": 0, "_wandb": {"runtime": 4}}