{"ARI": -0.001312407120404129, "NMI": 0.0009935999625521473, "JSD": Infinity, "Precision": 0.5634251037556472, "Recall": 0.7497535002957997, "F1-Score": 0.6433701286207842, "ROC AUC": 0.5277989745738197, "Accuracy": 0.7497535002957997, "MEAPE-mu": 98.98481758200815, "MEAPE-std": 4.732641197112267, "_runtime": 2, "_timestamp": 1653905470, "_step": 0, "_wandb": {"runtime": 4}}