{"MAE": 19.623949204015975, "MRAE": 0.41716644862403574, "R^2-Score": 0.4501802458112366, "MEAPE-mu": 0.24826568579066255, "MEAPE-std": 0.16062782295673253, "RMSE": 25.366593128682958, "JSD": Infinity, "_runtime": 5, "_timestamp": 1647014705, "_step": 0, "_wandb": {"runtime": 6}}