{"MAE": 23.651994362821856, "RMSE": 29.617388909378988, "MRAE": 0.4879879404283826, "JSD": 0.14698523586738943, "R^2-Score": 0.19865381328191278, "MEAPE-mu": 6.440177922999935, "MEAPE-std": 4.842070630848758, "_runtime": 2, "_timestamp": 1645116294, "_step": 0, "_wandb": {"runtime": 3}}