{"ARI": 0.17620350637988438, "NMI": 0.12264301692647091, "JSD": 0.1956271724496321, "Precision": 0.6698691167286239, "Recall": 0.6838251608608831, "F1-Score": 0.6423628841645834, "ROC AUC": 0.7244316047754374, "Accuracy": 0.6838251608608831, "MEAPE-mu": 12.702649650766967, "MEAPE-std": 0.3185251373850943, "_runtime": 57, "_timestamp": 1647232370, "_step": 0, "_wandb": {"runtime": 58}}