{"ARI": 0.011290034612530342, "NMI": 0.0070001344983312, "JSD": Infinity, "Precision": 0.6903307059327388, "Recall": 0.7027149094193808, "F1-Score": 0.5876848948643285, "ROC AUC": 0.4720409718736639, "Accuracy": 0.7027149094193808, "MEAPE-mu": 146.5100738851467, "MEAPE-std": 4.050792393304969, "_runtime": 197, "_timestamp": 1653751702, "_step": 0, "_wandb": {"runtime": 198}}