{"ARI": 0.7389720639225811, "NMI": 0.6234491408525202, "JSD": 0.10044087055161964, "Precision": 0.9121015663961133, "Recall": 0.9126691812735744, "F1-Score": 0.9119014659640451, "ROC AUC": 0.9846155428142248, "Accuracy": 0.9126691812735744, "MEAPE-mu": 2.060094072635415, "MEAPE-std": 0.18630014399493247, "_runtime": 7760, "_timestamp": 1649028460, "_step": 0, "_wandb": {"runtime": 7760}}