{"ARI": 0.5310408542482881, "NMI": 0.39913764615055647, "JSD": 0.1384193955589251, "Precision": 0.8509895185212846, "Recall": 0.8544652701212789, "F1-Score": 0.8478765728462024, "ROC AUC": 0.8782197126206097, "Accuracy": 0.8544652701212789, "MEAPE-mu": 7.382033997368929, "MEAPE-std": 1.3491263404543774, "_runtime": 8, "_timestamp": 1654103175, "_step": 0, "_wandb": {"runtime": 10}}