{"MAE": 24.583333333333332, "MRAE": 0.5798141210878207, "R^2-Score": 0.054250125162303764, "MEAPE-mu": 10.429739668337204, "MEAPE-std": 7.278099884810522, "RMSE": 32.135323244056536, "JSD": 0.15082545107149045, "_runtime": 3, "_timestamp": 1646307733, "_step": 0, "_wandb": {"runtime": 4}}