{"MAE": 19.448408113610746, "MRAE": 0.4345295382057459, "R^2-Score": 0.4910704012475603, "MEAPE-mu": 4.7277976453742765, "MEAPE-std": 0.2528672578475857, "RMSE": 24.402032990917313, "JSD": 0.1280038031705394, "_runtime": 25, "_timestamp": 1647528165, "_step": 0, "_wandb": {"runtime": 26}}