{"MAE": 24.371709399953964, "RMSE": 30.853582805318823, "MRAE": 0.4385343250858241, "JSD": Infinity, "R^2-Score": 0.24637117891782012, "MEAPE-mu": 0.5918000437610016, "MEAPE-std": 0.40900509175928745, "_runtime": 4, "_timestamp": 1645387927, "_step": 0, "_wandb": {"runtime": 5}}