{"ARI": -0.005635393744383907, "NMI": 0.0067600970608479045, "JSD": 0.19615417002717364, "Precision": 0.4754856141918549, "Recall": 0.6098069669403151, "F1-Score": 0.4865030181407428, "ROC AUC": 0.5151804461874379, "Accuracy": 0.6098069669403151, "MEAPE-mu": 35.465438031672704, "MEAPE-std": 0.24819564762035695, "_runtime": 4, "_timestamp": 1645737744, "_step": 0, "_wandb": {"runtime": 5}}