{"MAE": 21.3910085209632, "MRAE": 0.3506228593907478, "R^2-Score": 0.026950451951641585, "MEAPE-mu": 5.156584120559825, "MEAPE-std": 4.0080214400759635, "RMSE": 29.645627198329347, "JSD": 0.1262360988805304, "_runtime": 3, "_timestamp": 1646480256, "_step": 0, "_wandb": {"runtime": 3}}