{"ARI": 0.7282020494672357, "NMI": 0.624552957308652, "JSD": 0.10361310098777744, "Precision": 0.9109510815609824, "Recall": 0.9105835367206567, "F1-Score": 0.9106679503306833, "ROC AUC": 0.9812411269405816, "Accuracy": 0.9105835367206567, "MEAPE-mu": 0.8198037900290234, "MEAPE-std": 0.20476778480953003, "_runtime": 2774, "_timestamp": 1647139678, "_step": 0, "_wandb": {"runtime": 2774}}