{"ARI": 0.3004984822840503, "NMI": 0.18781394823309627, "JSD": 0.1717847611347057, "Precision": 0.7415421584566215, "Recall": 0.7732409770324462, "F1-Score": 0.7404743005785195, "ROC AUC": 0.7563477686639216, "Accuracy": 0.7732409770324462, "MEAPE-mu": 11.866957016629573, "MEAPE-std": 0.6449970454104099, "_runtime": 455, "_timestamp": 1646939524, "_step": 0, "_wandb": {"runtime": 456}}