{"ARI": 0.7937859367310324, "NMI": 0.6735355126112511, "JSD": 0.09080086204577358, "Precision": 0.9372402072630502, "Recall": 0.9371554575523704, "F1-Score": 0.9369465072769997, "ROC AUC": 0.98330948555894, "Accuracy": 0.9371554575523704, "MEAPE-mu": 0.9534323724155381, "MEAPE-std": 0.6075551183284789, "_runtime": 115, "_timestamp": 1654114478, "_step": 0, "_wandb": {"runtime": 116}}