{"ARI": -0.000257395524994944, "NMI": 0.05316005705351259, "JSD": 0.41164102111761275, "Precision": 0.48185483870967744, "Recall": 0.3870967741935484, "F1-Score": 0.42429526300494047, "Accuracy": 0.3870967741935484, "MEAPE-mu": 50.559167249616955, "MEAPE-std": 9.602987043537308, "_runtime": 3, "_timestamp": 1645621815, "_step": 0, "_wandb": {"runtime": 4}}