{"ARI": -0.044951162874243646, "NMI": 0.0967200961213939, "JSD": 0.18704980241585015, "Precision": 0.7120420970506653, "Recall": 0.38037486218302097, "F1-Score": 0.34377665938389723, "ROC AUC": 0.7473191971327, "Accuracy": 0.38037486218302097, "MEAPE-mu": 70.84015250814781, "MEAPE-std": 3.465388755314725, "_runtime": 5, "_timestamp": 1654163297, "_step": 0, "_wandb": {"runtime": 5}}