{"ARI": 0.0, "NMI": 6.72167951363937e-16, "JSD": 0.17634804296710868, "Precision": 0.0, "Recall": 0.0, "F1-Score": 0.0, "Accuracy": 0.0, "MEAPE-mu": 166.0558091134409, "MEAPE-std": 7.191967377873895, "_runtime": 3, "_timestamp": 1645621634, "_step": 0, "_wandb": {"runtime": 4}}