{"MAE": 22.340858607024867, "MRAE": 0.3994182894321963, "R^2-Score": 0.2946600564412897, "MEAPE-mu": 5.244534934481591, "MEAPE-std": 4.168696981903728, "RMSE": 31.48022907466959, "JSD": 0.13853359409166247, "_runtime": 3, "_timestamp": 1646303901, "_step": 0, "_wandb": {"runtime": 4}}