{"ARI": 0.0, "NMI": 6.91199551167899e-15, "JSD": 0.17798981128368224, "Precision": 0.4815641485056782, "Recall": 0.6939482318629238, "F1-Score": 0.5685700890352202, "ROC AUC": 0.6337117095230587, "Accuracy": 0.6939482318629238, "MEAPE-mu": 34.97061525059862, "MEAPE-std": 0.4882712540647068, "_runtime": 3, "_timestamp": 1645474844, "_step": 0, "_wandb": {"runtime": 4}}