{"MAE": 21.393548387096775, "MRAE": 0.33214165357447495, "R^2-Score": 0.208251096045446, "MEAPE-mu": 4.340479228951275, "MEAPE-std": 4.002383455487429, "RMSE": 27.38257039231932, "JSD": 0.12295513260340245, "_runtime": 3, "_timestamp": 1646307693, "_step": 0, "_wandb": {"runtime": 4}}