{"MAE": 23.98906241238797, "RMSE": 29.694708520038528, "MRAE": 0.4350608379653792, "JSD": Infinity, "R^2-Score": 0.20984161121101896, "MEAPE-mu": 0.9838906774550678, "MEAPE-std": 0.5031509556737516, "_runtime": 5, "_timestamp": 1645533525, "_step": 0, "_wandb": {"runtime": 4}}