{"ARI": 0.0, "NMI": 6.72167951363937e-16, "JSD": 0.17634804296710868, "Precision": 0.4588969823100936, "Recall": 0.6774193548387096, "F1-Score": 0.5471464019851118, "ROC AUC": 0.7071428571428571, "Accuracy": 0.6774193548387096, "MEAPE-mu": 34.48892518153714, "MEAPE-std": 6.562994133883908, "_runtime": 2, "_timestamp": 1645451927, "_step": 0, "_wandb": {"runtime": 3}}