{"MAE": 1.6869358714508733, "MRAE": 0.028102823073317976, "R^2-Score": 0.9930628293942166, "MEAPE-mu": 0.03935966459309333, "MEAPE-std": 0.03174504920589197, "RMSE": 2.9903809876751817, "JSD": Infinity, "_runtime": 1039, "_timestamp": 1646699343, "_step": 0, "_wandb": {"runtime": 1040}}