{"MAE": 19.10617046516132, "MRAE": 0.34002706499643404, "R^2-Score": 0.505177985564669, "MEAPE-mu": 0.3988363861448252, "MEAPE-std": 0.33381599995052247, "RMSE": 25.00346700966014, "JSD": Infinity, "_runtime": 4, "_timestamp": 1646483577, "_step": 0, "_wandb": {"runtime": 5}}