{"ARI": 0.08411658502575595, "NMI": 0.03806173575324375, "JSD": 0.21484795796566447, "Precision": 0.5651369910628509, "Recall": 0.5437763479032616, "F1-Score": 0.5505603418859243, "ROC AUC": 0.6452265764242825, "Accuracy": 0.5437763479032616, "MEAPE-mu": 9.528393118489255, "MEAPE-std": 0.4574968213861206, "_runtime": 3, "_timestamp": 1645771786, "_step": 0, "_wandb": {"runtime": 4}}