{"ARI": -0.02395733569259565, "NMI": 0.005784349252391376, "JSD": 0.23080443455986532, "Precision": 0.5405074720144721, "Recall": 0.6546394339338586, "F1-Score": 0.5735907981699874, "ROC AUC": 0.4556155825527125, "Accuracy": 0.6546394339338586, "MEAPE-mu": 28.34532884133057, "MEAPE-std": 0.3643808668130457, "_runtime": 9, "_timestamp": 1646924748, "_step": 0, "_wandb": {"runtime": 9}}