{"ARI": 0.044213654315658796, "NMI": 0.02376416876986746, "JSD": 0.22181766719101528, "Precision": 0.5598823520174122, "Recall": 0.6052806745063235, "F1-Score": 0.5456880142766461, "ROC AUC": 0.6026283017892126, "Accuracy": 0.6052806745063235, "MEAPE-mu": 21.919861208101256, "MEAPE-std": 0.3609697612410673, "_runtime": 5, "_timestamp": 1645720992, "_step": 0, "_wandb": {"runtime": 5}}