{"ARI": 0.09001830867689029, "NMI": 0.030436413972257943, "JSD": 0.20410643357822053, "Precision": 0.7046227809478396, "Recall": 0.7507394991126011, "F1-Score": 0.6993298114978531, "ROC AUC": 0.754535906541248, "Accuracy": 0.7507394991126011, "MEAPE-mu": 22.489580625694494, "MEAPE-std": 0.7511263348991524, "_runtime": 6, "_timestamp": 1646916957, "_step": 0, "_wandb": {"runtime": 6}}