{"ARI": -0.08626827115871738, "NMI": 0.05660479718909617, "JSD": 0.18170468624857908, "Precision": 0.7508720679635125, "Recall": 0.31784217240750867, "F1-Score": 0.25135438506233043, "ROC AUC": 0.731984016983823, "Accuracy": 0.31784217240750867, "MEAPE-mu": 82.93886299614762, "MEAPE-std": 1.4314494901083537, "_runtime": 2, "_timestamp": 1645786152, "_step": 0, "_wandb": {"runtime": 4}}