{"ARI": 0.2729961941462695, "NMI": 0.2214425111168746, "JSD": 0.1798037742265123, "Precision": 0.7224718915321136, "Recall": 0.717284224539605, "F1-Score": 0.6699950106591196, "ROC AUC": 0.7724633556391937, "Accuracy": 0.717284224539605, "MEAPE-mu": 24.401382050080077, "MEAPE-std": 0.2591708172759997, "_runtime": 2580, "_timestamp": 1648449129, "_step": 0, "_wandb": {"runtime": 2579}}