{"ARI": 0.11880166580361108, "NMI": 0.10231524838456109, "JSD": 0.20783397089357147, "Precision": 0.6084531773062628, "Recall": 0.5844242289771466, "F1-Score": 0.5885253111139654, "ROC AUC": 0.6815569864803742, "Accuracy": 0.5844242289771466, "MEAPE-mu": 12.901693739475133, "MEAPE-std": 0.3805624442338515, "_runtime": 5, "_timestamp": 1646915870, "_step": 0, "_wandb": {"runtime": 6}}