{"ARI": 0.03064716436318746, "NMI": 0.02683275321451274, "JSD": 0.17820680397750724, "Precision": 0.6766763398802764, "Recall": 0.7036632039365773, "F1-Score": 0.5940085954799877, "ROC AUC": 0.7056255614513062, "Accuracy": 0.7036632039365773, "MEAPE-mu": 33.05117466881708, "MEAPE-std": 0.47415170133813145, "_runtime": 4, "_timestamp": 1645776693, "_step": 0, "_wandb": {"runtime": 4}}