{"ARI": 0.16585338649861975, "NMI": 0.1955251972331976, "JSD": 0.1620002928228905, "Precision": 0.7163515016685206, "Recall": 0.7419354838709677, "F1-Score": 0.6693906810035842, "ROC AUC": 0.8302995391705069, "Accuracy": 0.7419354838709677, "MEAPE-mu": 27.370285410996857, "MEAPE-std": 6.4310644163783355, "_runtime": 3, "_timestamp": 1645461246, "_step": 0, "_wandb": {"runtime": 3}}