{"MAE": 19.452787770451305, "MRAE": 0.3576502053845831, "R^2-Score": 0.4988849319658051, "MEAPE-mu": 0.9974362329810053, "MEAPE-std": 0.39149168547707297, "RMSE": 25.331820313102337, "JSD": Infinity, "_runtime": 4, "_timestamp": 1646485464, "_step": 0, "_wandb": {"runtime": 4}}