{"ARI": 0.013074328892224096, "NMI": 0.06803099735714661, "JSD": 0.236534913960873, "Precision": 0.5399943489272744, "Recall": 0.5712447304193476, "F1-Score": 0.5445721247806236, "ROC AUC": 0.4996596785425468, "Accuracy": 0.5712447304193476, "MEAPE-mu": 12.829476940283417, "MEAPE-std": 0.47116013186215416, "_runtime": 129, "_timestamp": 1647550650, "_step": 0, "_wandb": {"runtime": 129}}