{"ARI": -0.04424202992843201, "NMI": 0.02649549439276696, "JSD": 0.20753322595280901, "Precision": 0.4827586206896552, "Recall": 0.6666666666666666, "F1-Score": 0.5599999999999999, "ROC AUC": 0.6247124453646192, "Accuracy": 0.6666666666666666, "MEAPE-mu": 29.293764976438567, "MEAPE-std": 8.204134326722862, "_runtime": 5, "_timestamp": 1646933888, "_step": 0, "_wandb": {"runtime": 5}}