{"MAE": 26.817857142857147, "RMSE": 34.98955456377558, "MRAE": 0.4736571621780712, "JSD": 0.14321491078496285, "R^2-Score": 0.3011308868501531, "MEAPE-mu": 5.61528918609739, "MEAPE-std": 3.9498475350311706, "_runtime": 2, "_timestamp": 1645389924, "_step": 0, "_wandb": {"runtime": 3}}