{"ARI": 0.9998423451627875, "NMI": 0.9995001604610352, "JSD": 0.002655579333446004, "Precision": 0.9999556320071014, "Recall": 0.9999556245839805, "F1-Score": 0.999955625644686, "ROC AUC": 1.0, "Accuracy": 0.9999556245839805, "MEAPE-mu": 0.00571139836111501, "MEAPE-std": 0.005792562003116767, "_runtime": 1949, "_timestamp": 1649268625, "_step": 0, "_wandb": {"runtime": 1950}}