{"MAE": 13.667179487119945, "MRAE": 0.19945096990896333, "R^2-Score": 0.710944992577431, "MEAPE-mu": 0.42366187859671933, "MEAPE-std": 0.2459530207863591, "RMSE": 19.27869751772675, "JSD": Infinity, "_runtime": 206, "_timestamp": 1646553020, "_step": 0, "_wandb": {"runtime": 207}}