{"ARI": 0.13301794907471823, "NMI": 0.05059570135495269, "JSD": 0.20803975639079214, "Precision": 0.5853598014888337, "Recall": 0.6774193548387096, "F1-Score": 0.622969572180279, "ROC AUC": 0.7080645161290322, "Accuracy": 0.6774193548387096, "MEAPE-mu": 14.926906938524425, "MEAPE-std": 7.8616249953879525, "_runtime": 13, "_timestamp": 1645465113, "_step": 0, "_wandb": {"runtime": 13}}