{"MAE": 1.0185484914250493, "MRAE": 0.01691049981734692, "R^2-Score": 0.998529445433826, "MEAPE-mu": 0.03224578018353614, "MEAPE-std": 0.020612991138642588, "RMSE": 1.3554071487244044, "JSD": 0.006928468533403665, "_runtime": 614, "_timestamp": 1646701039, "_step": 0, "_wandb": {"runtime": 615}}