{"MAE": 21.07476703517181, "MRAE": 0.40730379571966047, "R^2-Score": 0.4422105534633499, "MEAPE-mu": 1.2310220192069854, "MEAPE-std": 0.38114286797666325, "RMSE": 26.315795308786925, "JSD": 0.1230756087454256, "_runtime": 11, "_timestamp": 1646320251, "_step": 0, "_wandb": {"runtime": 12}}