{"ARI": 0.2593992844475373, "NMI": 0.19094468756910113, "JSD": 0.17206946327510741, "Precision": 0.6938951071878483, "Recall": 0.7116041712891058, "F1-Score": 0.6730621215180739, "ROC AUC": 0.8278719266838667, "Accuracy": 0.7116041712891058, "MEAPE-mu": 19.413986202601787, "MEAPE-std": 0.2890962642201223, "_runtime": 2247, "_timestamp": 1649117463, "_step": 0, "_wandb": {"runtime": 2246}}