{"MAE": 24.138062158882047, "RMSE": 30.69857970484006, "MRAE": 0.5259769731382281, "JSD": 0.12975682774715647, "R^2-Score": 0.4490220557230121, "MEAPE-mu": 5.867540853304823, "MEAPE-std": 4.078056871864086, "_runtime": 3, "_timestamp": 1645390255, "_step": 0, "_wandb": {"runtime": 4}}