{"ARI": -0.022082018927444796, "NMI": 0.1040900684218546, "JSD": 0.1773234034131704, "Precision": 0.07866666666666668, "Recall": 0.26666666666666666, "F1-Score": 0.12113095238095241, "ROC AUC": 0.7343397745571659, "Accuracy": 0.26666666666666666, "MEAPE-mu": 83.92146361826731, "MEAPE-std": 17.56497537459958, "_runtime": 2, "_timestamp": 1645454382, "_step": 0, "_wandb": {"runtime": 3}}