{"ARI": -0.014934938281924824, "NMI": 0.021484318710966024, "JSD": 0.21789114203276824, "Precision": 0.5349462365591398, "Recall": 0.6451612903225806, "F1-Score": 0.5705069124423963, "ROC AUC": 0.7342549923195084, "MEAPE-mu": 23.040665842811975, "MEAPE-std": 9.268536331242, "_runtime": 3, "_timestamp": 1645443925, "_step": 0, "_wandb": {"runtime": 4}}