{"MAE": 19.57844495770076, "MRAE": 0.3501545389590647, "R^2-Score": 0.48727495547822175, "MEAPE-mu": 0.38509721300640026, "MEAPE-std": 0.3021195192547361, "RMSE": 25.67257802196994, "JSD": Infinity, "_runtime": 4, "_timestamp": 1646485037, "_step": 0, "_wandb": {"runtime": 5}}