{"ARI": -0.041500399042298484, "NMI": 0.03075247684431833, "JSD": 0.21525548750341397, "Precision": 0.5172413793103449, "Recall": 0.6896551724137931, "F1-Score": 0.5911330049261083, "ROC AUC": 0.613095238095238, "Accuracy": 0.6896551724137931, "MEAPE-mu": 30.361448918104898, "MEAPE-std": 8.697717641801136, "_runtime": 5, "_timestamp": 1646933699, "_step": 0, "_wandb": {"runtime": 5}}