{"MAE": 20.054281405980237, "RMSE": 24.487697162796497, "MRAE": 0.335914547100802, "JSD": Infinity, "R^2-Score": -0.12534553584076735, "MEAPE-mu": 13.65045434844688, "MEAPE-std": 0.4071004138604907, "_runtime": 140, "_timestamp": 1645536419, "_step": 0, "_wandb": {"runtime": 141}}