{"MAE": 18.167920149987633, "RMSE": 27.066611333592135, "MRAE": 0.30039136894543755, "JSD": 0.11621382415810817, "R^2-Score": 0.2341624773096601, "MEAPE-mu": 4.7477128414595935, "MEAPE-std": 3.5069796649395952, "_runtime": 5, "_timestamp": 1645483011, "_step": 0, "_wandb": {"runtime": 5}}