{"ARI": -0.010686469842419851, "NMI": 0.1269096048316849, "JSD": 0.31908453667025793, "Precision": 0.7634408602150538, "Recall": 0.1935483870967742, "F1-Score": 0.30746672682156556, "Accuracy": 0.1935483870967742, "MEAPE-mu": 82.8331324487117, "MEAPE-std": 26.304993880723686, "_runtime": 3, "_timestamp": 1645623465, "_step": 0, "_wandb": {"runtime": 4}}