{"ARI": 0.09037615799964425, "NMI": 0.0614842559506748, "JSD": 0.19899710104647048, "Precision": 0.5709724872257324, "Recall": 0.6537830042156645, "F1-Score": 0.5824962489386775, "ROC AUC": 0.6857785141950504, "Accuracy": 0.6537830042156645, "MEAPE-mu": 24.064934707205484, "MEAPE-std": 0.3187519988798516, "_runtime": 5, "_timestamp": 1646914668, "_step": 0, "_wandb": {"runtime": 5}}