{"ARI": 0.19038233025195356, "NMI": 0.09540996951387841, "JSD": 0.20578123756145347, "Precision": 0.7277114540722783, "Recall": 0.7448815736651947, "F1-Score": 0.7258188008585719, "ROC AUC": 0.7793764948034438, "Accuracy": 0.7448815736651947, "MEAPE-mu": 13.610774982129497, "MEAPE-std": 0.3894042995781948, "_runtime": 9, "_timestamp": 1646849962, "_step": 0, "_wandb": {"runtime": 9}}