{"ARI": 0.1168589831861388, "NMI": 0.17253196552105646, "JSD": 0.19669552223584122, "Precision": 0.6074409781017125, "Recall": 0.6436654093632128, "F1-Score": 0.6170329046218249, "ROC AUC": 0.7276198351286182, "Accuracy": 0.6436654093632128, "MEAPE-mu": 12.474141092502288, "MEAPE-std": 0.3772784089341075, "_runtime": 47, "_timestamp": 1645794063, "_step": 0, "_wandb": {"runtime": 48}}