{"ARI": 0.15646587658643785, "NMI": 0.07519515935275639, "JSD": 0.19280981263256416, "Precision": 0.7218882067594847, "Recall": 0.7225665329930733, "F1-Score": 0.6674433741073352, "ROC AUC": 0.733299553271974, "Accuracy": 0.7225665329930733, "MEAPE-mu": 19.993360656954565, "MEAPE-std": 0.7003856089635347, "_runtime": 224, "_timestamp": 1645521732, "_step": 0, "_wandb": {"runtime": 224}}