{"ARI": 0.10018830373855785, "NMI": 0.030940871682174645, "JSD": 0.21141987056818218, "Precision": 0.6345555933887014, "Recall": 0.563434196135618, "F1-Score": 0.5926565631243647, "ROC AUC": 0.6727730988092677, "Accuracy": 0.563434196135618, "MEAPE-mu": 3.440065841175668, "MEAPE-std": 0.8404137658363299, "_runtime": 6, "_timestamp": 1646917733, "_step": 0, "_wandb": {"runtime": 5}}