{"ARI": 0.20280054457584065, "NMI": 0.11330407805306436, "JSD": 0.18467334158970994, "Precision": 0.7070721450962553, "Recall": 0.7420707254830478, "F1-Score": 0.6962879812436644, "ROC AUC": 0.7833954380968393, "Accuracy": 0.7420707254830478, "MEAPE-mu": 17.320834997088816, "MEAPE-std": 0.6011116781120952, "_runtime": 38, "_timestamp": 1646923092, "_step": 0, "_wandb": {"runtime": 38}}