{"ARI": 0.014541492793982655, "NMI": 0.004752786643339932, "JSD": 0.19017003329603777, "Precision": 0.5041089210718767, "Recall": 0.6194808076325715, "F1-Score": 0.49523697949019535, "ROC AUC": 0.6523977595507957, "Accuracy": 0.6194808076325715, "MEAPE-mu": 35.76882838984152, "MEAPE-std": 0.2652469192710617, "_runtime": 4, "_timestamp": 1645737673, "_step": 0, "_wandb": {"runtime": 5}}