{"ARI": -0.0018999862887587409, "NMI": 0.04581154989974775, "JSD": 0.2053947829095664, "Precision": 0.5069124423963134, "Recall": 0.6451612903225806, "F1-Score": 0.567741935483871, "ROC AUC": 0.49263842541095043, "Accuracy": 0.6451612903225806, "MEAPE-mu": 25.102345412303343, "MEAPE-std": 8.494705717565996, "_runtime": 5, "_timestamp": 1646934097, "_step": 0, "_wandb": {"runtime": 5}}