{"MAE": 29.731081092927546, "RMSE": 35.61017977979882, "MRAE": 0.6598490363327078, "JSD": Infinity, "R^2-Score": 0.28618852550019713, "MEAPE-mu": 2.1980827334055157, "MEAPE-std": 0.5846749128179121, "_runtime": 260, "_timestamp": 1645536686, "_step": 0, "_wandb": {"runtime": 260}}