{"MAE": 24.37997653336188, "MRAE": 0.395222606741532, "R^2-Score": 0.41438204621634067, "MEAPE-mu": 2.9933312372357115, "MEAPE-std": 0.5020972666100125, "RMSE": 33.058319460242295, "JSD": Infinity, "_runtime": 134, "_timestamp": 1646410224, "_step": 0, "_wandb": {"runtime": 135}}