{"ARI": 0.038513208081130956, "NMI": 0.05592916771833936, "JSD": 0.20432590179366303, "Precision": 0.5831495846700155, "Recall": 0.6099844686043931, "F1-Score": 0.5331343164453357, "ROC AUC": 0.6363156708432977, "Accuracy": 0.6099844686043931, "MEAPE-mu": 30.057514545359517, "MEAPE-std": 0.2800657092827437, "_runtime": 4, "_timestamp": 1645987194, "_step": 0, "_wandb": {"runtime": 5}}