{"ARI": 0.005323305178834006, "NMI": 0.05634396314810537, "JSD": 0.2385785733821559, "Precision": 0.49556067796274006, "Recall": 0.482804526292434, "F1-Score": 0.48854704619290573, "ROC AUC": 0.6239033648164566, "Accuracy": 0.482804526292434, "MEAPE-mu": 3.7501242172350864, "MEAPE-std": 0.4762503725779822, "_runtime": 133, "_timestamp": 1647550513, "_step": 0, "_wandb": {"runtime": 134}}