{"ARI": 0.0006591967014067603, "NMI": 0.0008377768664771064, "JSD": 0.45239998373476065, "Precision": 0.4907775067450015, "Recall": 0.16405395552314983, "F1-Score": 0.21841569470506783, "Accuracy": 0.16405395552314983, "MEAPE-mu": 37.14272767832723, "MEAPE-std": 0.8735111788088902, "_runtime": 3, "_timestamp": 1645621638, "_step": 0, "_wandb": {"runtime": 4}}