{"ARI": 0.03491746257470646, "NMI": 0.06749236807843871, "JSD": 0.21211618429640897, "Precision": 0.6315136476426799, "Recall": 0.6774193548387096, "F1-Score": 0.6439393939393939, "ROC AUC": 0.5982727722160425, "Accuracy": 0.6774193548387096, "MEAPE-mu": 14.755058495937137, "MEAPE-std": 9.642811013996125, "_runtime": 15, "_timestamp": 1645474993, "_step": 0, "_wandb": {"runtime": 15}}