{"ARI": 0.029273066579280405, "NMI": 0.009060336172867698, "JSD": 0.20472929919881538, "Precision": 0.6424282775887893, "Recall": 0.6989662786029707, "F1-Score": 0.6104691534748223, "ROC AUC": 0.6470064259781003, "Accuracy": 0.6989662786029707, "MEAPE-mu": 31.93821002230663, "MEAPE-std": 0.29527897097794614, "_runtime": 3, "_timestamp": 1645605548, "_step": 0, "_wandb": {"runtime": 4}}