{"ARI": 0.0, "NMI": 3.810607762955642e-15, "JSD": 0.17799935330773808, "Precision": 0.481817170515503, "Recall": 0.6941305140357273, "F1-Score": 0.5688076172687863, "ROC AUC": 0.6500359086185752, "Accuracy": 0.6941305140357273, "MEAPE-mu": 34.859531804493656, "MEAPE-std": 0.4599060255626954, "_runtime": 3, "_timestamp": 1645775046, "_step": 0, "_wandb": {"runtime": 4}}