{"MAE": 3.2355516186149975, "MRAE": 0.052697448962383264, "R^2-Score": 0.9773287827699999, "MEAPE-mu": 0.08610750039081791, "MEAPE-std": 0.06300879591535814, "RMSE": 5.341774241677949, "JSD": Infinity, "_runtime": 906, "_timestamp": 1646697392, "_step": 0, "_wandb": {"runtime": 907}}