{"MAE": 25.610511444362047, "RMSE": 33.56566090629684, "MRAE": 0.5807378128970176, "JSD": 0.1581912503110981, "R^2-Score": 0.28744612058517927, "MEAPE-mu": 6.701358927071518, "MEAPE-std": 4.330493265047331, "_runtime": 3, "_timestamp": 1645390225, "_step": 0, "_wandb": {"runtime": 4}}