{"ARI": 0.07357433203418683, "NMI": 0.03078544917669978, "JSD": 0.18809124987038733, "Precision": 0.6236765534027142, "Recall": 0.7089305402425579, "F1-Score": 0.6206112552863575, "ROC AUC": 0.7499625810211464, "Accuracy": 0.7089305402425579, "MEAPE-mu": 28.397650508942743, "MEAPE-std": 1.3383503653021673, "_runtime": 6, "_timestamp": 1654269324, "_step": 0, "_wandb": {"runtime": 8}}