{"MAE": 23.59624498724025, "RMSE": 30.01068909518214, "MRAE": 0.4315510233924156, "JSD": 0.1353093212782884, "R^2-Score": 0.30571367428389484, "MEAPE-mu": 1.5847172328468035, "MEAPE-std": 0.46334711085851876, "_runtime": 60, "_timestamp": 1645200958, "_step": 0, "_wandb": {"runtime": 61}}