{"MAE": 24.788140171041984, "RMSE": 31.19717578538453, "MRAE": 0.4755943694822642, "JSD": 0.16302297418558218, "R^2-Score": 0.035220773738091626, "MEAPE-mu": 6.218995608891346, "MEAPE-std": 4.820787529058166, "_runtime": 4, "_timestamp": 1645482698, "_step": 0, "_wandb": {"runtime": 5}}