{"ARI": -0.04358280733393448, "NMI": 0.025104845542488003, "JSD": 0.17685409054557105, "Precision": 0.05268817204301075, "Recall": 0.22580645161290322, "F1-Score": 0.08544027898866607, "ROC AUC": 0.6672305648251142, "Accuracy": 0.22580645161290322, "MEAPE-mu": 99.51178305128592, "MEAPE-std": 19.81410484486861, "_runtime": 5, "_timestamp": 1646932889, "_step": 0, "_wandb": {"runtime": 5}}