{"ARI": 2.496992467765257e-06, "NMI": 4.059273516262861e-09, "JSD": Infinity, "Precision": 0.6259253590139031, "Recall": 0.7503450995858805, "F1-Score": 0.6440291830009426, "ROC AUC": 0.5043347447905757, "Accuracy": 0.7503450995858805, "MEAPE-mu": 98.83370042660981, "MEAPE-std": 4.52727516400923, "_runtime": 2, "_timestamp": 1653905480, "_step": 0, "_wandb": {"runtime": 3}}