{"ARI": 0.04855150959642252, "NMI": 0.020750552472825146, "JSD": 0.2303109478800479, "Precision": 0.5679374389051808, "Recall": 0.6129032258064516, "F1-Score": 0.5888034508627157, "ROC AUC": 0.6879608294930876, "Accuracy": 0.6129032258064516, "MEAPE-mu": 12.524915967434072, "MEAPE-std": 9.175384762402913, "_runtime": 7, "_timestamp": 1646936485, "_step": 0, "_wandb": {"runtime": 7}}