{"ARI": 0.7296274228025948, "NMI": 0.6310316063164774, "JSD": 0.10329919045746144, "Precision": 0.9127308495543649, "Recall": 0.9109829154648325, "F1-Score": 0.9114664875464006, "ROC AUC": 0.9824885993933525, "Accuracy": 0.9109829154648325, "MEAPE-mu": 2.2257201619081126, "MEAPE-std": 0.19074269257967788, "_runtime": 31866, "_timestamp": 1649333996, "_step": 0, "_wandb": {"runtime": 31865}}