{"ARI": 0.9226650598650081, "NMI": 0.8789231597481952, "JSD": 0.057729374350240795, "Precision": 0.9772841484287592, "Recall": 0.9772797869980031, "F1-Score": 0.9772671327239548, "ROC AUC": 0.9862389053105192, "Accuracy": 0.9772797869980031, "MEAPE-mu": 0.13288933480701456, "MEAPE-std": 0.0876039577352116, "_runtime": 607, "_timestamp": 1649615982, "_step": 0, "_wandb": {"runtime": 608}}