{"ARI": 0.13195508623331753, "NMI": 0.1586908068133716, "JSD": 0.19549031968838013, "Precision": 0.6935483870967742, "Recall": 0.7096774193548387, "F1-Score": 0.6515616999487968, "ROC AUC": 0.7761328725038402, "Accuracy": 0.7096774193548387, "MEAPE-mu": 23.051719937422053, "MEAPE-std": 8.27866763271993, "_runtime": 4, "_timestamp": 1645462212, "_step": 0, "_wandb": {"runtime": 4}}