{"ARI": 0.0, "NMI": 0.0, "JSD": 0.1780825084701762, "Precision": 0.3832618155944979, "Recall": 0.6190814288883958, "F1-Score": 0.4734311798729381, "ROC AUC": 0.5992637833489258, "Accuracy": 0.6190814288883958, "MEAPE-mu": 39.250391510623786, "MEAPE-std": 0.20456753698327887, "_runtime": 3, "_timestamp": 1645606460, "_step": 0, "_wandb": {"runtime": 4}}