{"MAE": 21.230306381860185, "MRAE": 0.5016923403965017, "R^2-Score": 0.5372712044795758, "MEAPE-mu": 3.465992237729274, "MEAPE-std": 0.25635410594460734, "RMSE": 26.305848019556993, "JSD": Infinity, "_runtime": 7, "_timestamp": 1648646791, "_step": 0, "_wandb": {"runtime": 7}}