{"ARI": -0.04114338992146507, "NMI": 0.06879602566074836, "JSD": 0.19199802479416514, "Precision": 0.7090491060665608, "Recall": 0.4013230429988975, "F1-Score": 0.38398623736439963, "ROC AUC": 0.7177909048210719, "Accuracy": 0.4013230429988975, "MEAPE-mu": 65.46313039513116, "MEAPE-std": 3.2961042275988737, "_runtime": 5, "_timestamp": 1654163320, "_step": 0, "_wandb": {"runtime": 5}}