{"MAE": 23.964646164032594, "RMSE": 29.96350010045016, "MRAE": 0.4691347631387915, "JSD": 0.13522323954536475, "R^2-Score": 0.305877954627756, "MEAPE-mu": 4.721451226121888, "MEAPE-std": 0.4950466655844418, "_runtime": 7, "_timestamp": 1645221275, "_step": 0, "_wandb": {"runtime": 7}}