{"ARI": 0.08857188204700839, "NMI": 0.03719551271806078, "JSD": 0.19869402148254106, "Precision": 0.5639486327904218, "Recall": 0.6257821167073442, "F1-Score": 0.5436964162854001, "ROC AUC": 0.7095537713955203, "Accuracy": 0.6257821167073442, "MEAPE-mu": 29.11549518034253, "MEAPE-std": 0.29792435022682895, "_runtime": 8, "_timestamp": 1646926082, "_step": 0, "_wandb": {"runtime": 8}}