{"ARI": 0.0, "NMI": 1.2053129287859264e-15, "JSD": 0.18276030413081734, "Precision": 0.5755053507728894, "Recall": 0.7586206896551724, "F1-Score": 0.6544962812711291, "ROC AUC": 0.8474025974025975, "Accuracy": 0.7586206896551724, "MEAPE-mu": 32.23991577808667, "MEAPE-std": 6.815535476212173, "_runtime": 5, "_timestamp": 1646933344, "_step": 0, "_wandb": {"runtime": 5}}