{"ARI": -0.028336254439010066, "NMI": 0.09986806481013324, "JSD": 0.25021307309418644, "Precision": 0.509181141439206, "Recall": 0.41935483870967744, "F1-Score": 0.4355290503298093, "ROC AUC": 0.5359747545582048, "Accuracy": 0.41935483870967744, "MEAPE-mu": 28.878418170429505, "MEAPE-std": 18.118514654024022, "_runtime": 4, "_timestamp": 1646932388, "_step": 0, "_wandb": {"runtime": 5}}