{"MAE": 25.80364437931429, "RMSE": 34.81070174101722, "MRAE": 0.5268829465799141, "JSD": 0.15745807497369602, "R^2-Score": 0.30476015945709845, "MEAPE-mu": 6.73465918974488, "MEAPE-std": 4.552911557794632, "_runtime": 2, "_timestamp": 1645188843, "_step": 0, "_wandb": {"runtime": 3}}