{"ARI": 0.03711765625270564, "NMI": 0.027606422767507705, "JSD": 0.1802860788252136, "Precision": 0.6571793050494795, "Recall": 0.7043383157127233, "F1-Score": 0.5999055477620011, "ROC AUC": 0.7071966879450358, "Accuracy": 0.7043383157127233, "MEAPE-mu": 32.13128489142536, "MEAPE-std": 0.4807740024652969, "_runtime": 3, "_timestamp": 1645776764, "_step": 0, "_wandb": {"runtime": 4}}