{"ARI": 0.1934826883910387, "NMI": 0.10489031526302724, "JSD": 0.19042038558792346, "Precision": 0.7666666666666667, "Recall": 0.7857142857142857, "F1-Score": 0.7521739130434782, "ROC AUC": 0.7891156462585034, "Accuracy": 0.7857142857142857, "MEAPE-mu": 19.40025272711166, "MEAPE-std": 8.044064001579333, "_runtime": 5, "_timestamp": 1646933771, "_step": 0, "_wandb": {"runtime": 6}}