{"MAE": 22.29673045842224, "MRAE": 0.405022381380765, "R^2-Score": 0.38060841694500436, "MEAPE-mu": 0.3820719196579698, "MEAPE-std": 0.3160896705464983, "RMSE": 28.57159437589996, "JSD": Infinity, "_runtime": 3, "_timestamp": 1646321818, "_step": 0, "_wandb": {"runtime": 4}}