{"MAE": 20.667857142857144, "RMSE": 28.5583175274735, "MRAE": 0.41233513344810835, "JSD": 0.12586152380725193, "R^2-Score": 0.3819871702555606, "MEAPE-mu": 10.715358715025179, "MEAPE-std": 6.553914465487517, "_runtime": 3, "_timestamp": 1645389963, "_step": 0, "_wandb": {"runtime": 4}}