{"ARI": -0.018363723405689425, "NMI": 0.014891744463145297, "JSD": 0.2426236620735296, "Precision": 0.46347002303227364, "Recall": 0.5589527401819392, "F1-Score": 0.5002251060072709, "ROC AUC": 0.6010544190906651, "Accuracy": 0.5589527401819392, "MEAPE-mu": 17.193694929347043, "MEAPE-std": 0.40040775754967434, "_runtime": 2803, "_timestamp": 1648583074, "_step": 0, "_wandb": {"runtime": 2803}}