{"ARI": 0.13272053162943734, "NMI": 0.05978846471885843, "JSD": 0.195070486178037, "Precision": 0.6771557130585748, "Recall": 0.7154575282537368, "F1-Score": 0.6576915203062914, "ROC AUC": 0.7039258994423692, "Accuracy": 0.7154575282537368, "MEAPE-mu": 20.604247687456233, "MEAPE-std": 0.6529307921852842, "_runtime": 238, "_timestamp": 1645496264, "_step": 0, "_wandb": {"runtime": 239}}