{"ARI": -0.04241663178456816, "NMI": 0.026473550970279962, "JSD": 0.18878653079644678, "Precision": 0.45161290322580644, "Recall": 0.6451612903225806, "F1-Score": 0.5313092979127134, "ROC AUC": 0.45314900153609833, "Accuracy": 0.6451612903225806, "MEAPE-mu": 34.03246495118043, "MEAPE-std": 7.437342808321666, "_runtime": 6, "_timestamp": 1646945251, "_step": 0, "_wandb": {"runtime": 5}}