{"MAE": 25.822892620163536, "RMSE": 30.92988778889457, "MRAE": 0.43431400841689, "JSD": 0.14059781986488146, "R^2-Score": 0.1366583981484173, "MEAPE-mu": 7.572520591416884, "MEAPE-std": 6.321181402874877, "_runtime": 2, "_timestamp": 1645118712, "_step": 0, "_wandb": {"runtime": 3}}