{"MAE": 23.84925174606659, "RMSE": 29.679810789109407, "MRAE": 0.45455491910094387, "JSD": 0.13132387221647482, "R^2-Score": 0.3010139846871449, "MEAPE-mu": 4.916419279302739, "MEAPE-std": 0.5185963084197491, "_runtime": 54, "_timestamp": 1645389815, "_step": 0, "_wandb": {"runtime": 55}}