{"MAE": 24.563544940487272, "RMSE": 31.15487555127125, "MRAE": 0.4630022917400613, "JSD": Infinity, "R^2-Score": 0.2289313417302612, "MEAPE-mu": 0.509232517133539, "MEAPE-std": 0.3576068881758539, "_runtime": 1, "_timestamp": 1645192464, "_step": 0, "_wandb": {"runtime": 3}}