{"ARI": 0.6642624081904155, "NMI": 0.5272385471163177, "JSD": 0.11800625913525895, "Precision": 0.8948502946791114, "Recall": 0.896361631753032, "F1-Score": 0.8952275135293551, "ROC AUC": 0.9630234895656323, "Accuracy": 0.896361631753032, "MEAPE-mu": 1.6316288752653076, "MEAPE-std": 1.1262340707285345, "_runtime": 8, "_timestamp": 1654102469, "_step": 0, "_wandb": {"runtime": 8}}