{"ARI": 0.12846571243263022, "NMI": 0.042029691776118615, "JSD": 0.20847481385304772, "Precision": 0.6479222405039379, "Recall": 0.5867663142544659, "F1-Score": 0.6126741358298816, "ROC AUC": 0.6796386024644658, "Accuracy": 0.5867663142544659, "MEAPE-mu": 4.556334046856903, "MEAPE-std": 0.877454466941162, "_runtime": 6, "_timestamp": 1646917707, "_step": 0, "_wandb": {"runtime": 6}}