{"ARI": 0.0, "NMI": 0.0, "JSD": 0.17878432623971874, "Precision": 0.49, "Recall": 0.7, "F1-Score": 0.5764705882352941, "ROC AUC": 0.5834483551874856, "Accuracy": 0.7, "MEAPE-mu": 33.260511531706904, "MEAPE-std": 7.117680428865186, "_runtime": 2, "_timestamp": 1645453540, "_step": 0, "_wandb": {"runtime": 3}}