{"MAE": 23.88421949098585, "MRAE": 0.5787420069515953, "R^2-Score": 0.33737145797529355, "MEAPE-mu": 7.19327348863518, "MEAPE-std": 0.287195309281322, "RMSE": 31.23470059831245, "JSD": Infinity, "_runtime": 5, "_timestamp": 1646985306, "_step": 0, "_wandb": {"runtime": 5}}