{"ARI": 0.10482068074985666, "NMI": 0.034955481853834014, "JSD": 0.20954324288319162, "Precision": 0.6387993168265619, "Recall": 0.5672621217644914, "F1-Score": 0.597049053192809, "ROC AUC": 0.6776006596867132, "Accuracy": 0.5672621217644914, "MEAPE-mu": 3.0114482078604357, "MEAPE-std": 0.9458168925209032, "_runtime": 5, "_timestamp": 1646917745, "_step": 0, "_wandb": {"runtime": 5}}