{"MAE": 21.487326428530555, "RMSE": 28.40458450088981, "MRAE": 0.37498084434573503, "JSD": Infinity, "R^2-Score": 0.10467376353008329, "MEAPE-mu": 0.7661445786865165, "MEAPE-std": 0.4594703484047813, "_runtime": 5, "_timestamp": 1645532061, "_step": 0, "_wandb": {"runtime": 5}}