{"ARI": 0.08179419525065963, "NMI": 0.02591791943026401, "JSD": 0.22354072468837347, "Precision": 0.6971264367816091, "Recall": 0.7241379310344828, "F1-Score": 0.7071464267866067, "ROC AUC": 0.8181818181818182, "Accuracy": 0.7241379310344828, "MEAPE-mu": 12.347175590852869, "MEAPE-std": 8.135246914070713, "_runtime": 2, "_timestamp": 1645461382, "_step": 0, "_wandb": {"runtime": 3}}