{"ARI": 0.04368435677999858, "NMI": 0.051058680286200996, "JSD": 0.1869206636835237, "Precision": 0.5846037717485115, "Recall": 0.6407366319059241, "F1-Score": 0.5383139729622266, "ROC AUC": 0.7052294760408175, "Accuracy": 0.6407366319059241, "MEAPE-mu": 32.9901949811793, "MEAPE-std": 0.28463503722121475, "_runtime": 396, "_timestamp": 1647386953, "_step": 0, "_wandb": {"runtime": 397}}