{"ARI": 0.0, "NMI": 0.0, "JSD": 0.17807895717104663, "Precision": 0.38320687357176164, "Recall": 0.6190370534723763, "F1-Score": 0.4733762859224146, "ROC AUC": 0.6605278384112572, "Accuracy": 0.6190370534723763, "MEAPE-mu": 39.267818000651225, "MEAPE-std": 0.19349129093003484, "_runtime": 5, "_timestamp": 1646930027, "_step": 0, "_wandb": {"runtime": 5}}