{"MAE": 21.66422092972669, "MRAE": 0.3885839928486857, "R^2-Score": 0.3710989447462578, "MEAPE-mu": 1.0734957515594516, "MEAPE-std": 0.45143277389643094, "RMSE": 27.875506376571295, "JSD": Infinity, "_runtime": 4, "_timestamp": 1646321797, "_step": 0, "_wandb": {"runtime": 4}}