{"ARI": 0.2712197024191666, "NMI": 0.15490808149015373, "JSD": 0.1760641954307818, "Precision": 0.7342161336903125, "Recall": 0.7615749179730222, "F1-Score": 0.7261848110739701, "ROC AUC": 0.8208850517435563, "Accuracy": 0.7615749179730222, "MEAPE-mu": 15.026910675840792, "MEAPE-std": 0.6405287499710145, "_runtime": 40, "_timestamp": 1645779878, "_step": 0, "_wandb": {"runtime": 40}}