{"ARI": 0.010073837178135822, "NMI": 0.04808484967975572, "JSD": 0.23882092338676364, "Precision": 0.5020089597240156, "Recall": 0.5391169292212115, "F1-Score": 0.5187042190108799, "ROC AUC": 0.5344742246155931, "Accuracy": 0.5391169292212115, "MEAPE-mu": 1.2393401615432793, "MEAPE-std": 0.4929892738091782, "_runtime": 3, "_timestamp": 1645771776, "_step": 0, "_wandb": {"runtime": 4}}