{"MAE": 10.928871755047703, "MRAE": 0.17465541524515368, "R^2-Score": 0.688953095791011, "MEAPE-mu": 0.6617315027906576, "MEAPE-std": 0.18357246796590437, "RMSE": 19.095168890471342, "JSD": 0.0910441024998194, "_runtime": 9, "_timestamp": 1646998195, "_step": 0, "_wandb": {"runtime": 10}}