{"MAE": 17.59593510754648, "MRAE": 0.31185137724563444, "R^2-Score": 0.5588669003354974, "MEAPE-mu": 3.029696370714424, "MEAPE-std": 0.40744943682338025, "RMSE": 23.7833932402663, "JSD": 0.10562901586180948, "_runtime": 60, "_timestamp": 1646422257, "_step": 0, "_wandb": {"runtime": 62}}