{"ARI": 0.010890322775001349, "NMI": 0.0066441685710381445, "JSD": Infinity, "Precision": 0.6883708253987241, "Recall": 0.7025643599136849, "F1-Score": 0.5873455983576683, "ROC AUC": 0.4728872385962198, "Accuracy": 0.7025643599136849, "MEAPE-mu": 146.07453987082022, "MEAPE-std": 3.975998585953576, "_runtime": 34, "_timestamp": 1653751784, "_step": 0, "_wandb": {"runtime": 35}}