{"ARI": 0.03187640347591843, "NMI": 0.02808873670524432, "JSD": 0.17866984748918296, "Precision": 0.6733996060841048, "Recall": 0.7039737513671163, "F1-Score": 0.5957937614435711, "ROC AUC": 0.7132406508644877, "Accuracy": 0.7039737513671163, "MEAPE-mu": 32.85496654883109, "MEAPE-std": 0.5183986280900457, "_runtime": 3, "_timestamp": 1645776724, "_step": 0, "_wandb": {"runtime": 4}}