{"ARI": 0.041955422363738525, "NMI": 0.035766274069737376, "JSD": 0.23993626481676736, "Precision": 0.5205955334987593, "Recall": 0.6129032258064516, "F1-Score": 0.558576632701547, "ROC AUC": 0.623381051409779, "Accuracy": 0.6129032258064516, "MEAPE-mu": 16.110184628945685, "MEAPE-std": 9.112465510469852, "_runtime": 5, "_timestamp": 1646932993, "_step": 0, "_wandb": {"runtime": 5}}