{"MAE": 26.374406926053243, "RMSE": 34.57062103334082, "MRAE": 0.5522402654171752, "JSD": Infinity, "R^2-Score": 0.23799636914309685, "MEAPE-mu": 1.7074164416446167, "MEAPE-std": 0.5056186190002091, "_runtime": 235, "_timestamp": 1645535862, "_step": 0, "_wandb": {"runtime": 235}}