{"MAE": 24.148057067783224, "MRAE": 0.46787777929447694, "R^2-Score": 0.1055989192916138, "MEAPE-mu": 2.7785913595509832, "MEAPE-std": 0.2982068943892184, "RMSE": 32.97110916235777, "JSD": 0.1613139694282611, "_runtime": 7535, "_timestamp": 1648620526, "_step": 0, "_wandb": {"runtime": 7533}}