{"MAE": 22.134959529835267, "MRAE": 0.39767306140627867, "R^2-Score": 0.3709910834160888, "MEAPE-mu": 0.41197435244413244, "MEAPE-std": 0.29218724890460884, "RMSE": 28.423764672465886, "JSD": Infinity, "_runtime": 3, "_timestamp": 1646321829, "_step": 0, "_wandb": {"runtime": 4}}