{"ARI": 0.44800372216424433, "NMI": 0.3453985442131182, "JSD": 0.15598879520572737, "Precision": 0.8033697139729357, "Recall": 0.8029731528733082, "F1-Score": 0.7976363431642521, "ROC AUC": 0.8680776921469907, "Accuracy": 0.8029731528733082, "MEAPE-mu": 4.108254519523203, "MEAPE-std": 0.3144585655369531, "_runtime": 1537, "_timestamp": 1654208474, "_step": 0, "_wandb": {"runtime": 1538}}