{"ARI": 0.26451736954253446, "NMI": 0.21160878124619445, "JSD": 0.18124715291834176, "Precision": 0.7164495476658824, "Recall": 0.7131129354337697, "F1-Score": 0.6647450500389342, "ROC AUC": 0.764183734939593, "Accuracy": 0.7131129354337697, "MEAPE-mu": 24.426445941362296, "MEAPE-std": 0.2531867692162681, "_runtime": 2542, "_timestamp": 1648438804, "_step": 0, "_wandb": {"runtime": 2542}}