{"MAE": 23.98906240723191, "RMSE": 29.694708484584183, "MRAE": 0.4350608379723923, "JSD": Infinity, "R^2-Score": 0.20984161309785676, "MEAPE-mu": 0.9043061410370722, "MEAPE-std": 0.5043703821537131, "_runtime": 5, "_timestamp": 1645517908, "_step": 0, "_wandb": {"runtime": 6}}