{"MAE": 25.980926345837503, "MRAE": 0.6833309686851111, "R^2-Score": 0.33836094866982036, "MEAPE-mu": 5.29453676951281, "MEAPE-std": 0.33522252505162153, "RMSE": 32.28559025096458, "JSD": Infinity, "_runtime": 6, "_timestamp": 1647000727, "_step": 0, "_wandb": {"runtime": 6}}