{"ARI": -0.02528233065281271, "NMI": 0.08787070992043954, "JSD": 0.19022289591166366, "Precision": 0.6764880959754788, "Recall": 0.360529217199559, "F1-Score": 0.31466575579251443, "ROC AUC": 0.7344765474063668, "Accuracy": 0.360529217199559, "MEAPE-mu": 73.18730936192682, "MEAPE-std": 3.424113804984903, "_runtime": 2, "_timestamp": 1654258815, "_step": 0, "_wandb": {"runtime": 4}}