{"MAE": 21.825561193005324, "MRAE": 0.48836807090648493, "R^2-Score": 0.32943386109526185, "MEAPE-mu": 0.2663311821581201, "MEAPE-std": 0.20158050149973053, "RMSE": 28.07935246071886, "JSD": Infinity, "_runtime": 2, "_timestamp": 1656326917, "_step": 0, "_wandb": {"runtime": 3}}