{"MAE": 24.27138169886985, "RMSE": 30.57558655023637, "MRAE": 0.4064890113225025, "JSD": 0.1335075559554422, "R^2-Score": 0.2300625941904113, "MEAPE-mu": 2.985847339119615, "MEAPE-std": 0.4896292426071813, "_runtime": 103, "_timestamp": 1645531335, "_step": 0, "_wandb": {"runtime": 104}}