{"ARI": 0.3321356601847601, "NMI": 0.2707390550462318, "JSD": 0.19038612547853914, "Precision": 0.6956421983515292, "Recall": 0.7136010650099844, "F1-Score": 0.6805535240799602, "ROC AUC": 0.8484807962131629, "Accuracy": 0.7136010650099844, "MEAPE-mu": 14.767453878246753, "MEAPE-std": 0.35224580902371316, "_runtime": 1664, "_timestamp": 1649293970, "_step": 0, "_wandb": {"runtime": 1665}}