{"ARI": 0.11005661539226966, "NMI": 0.10124727412902854, "JSD": 0.21958375375871889, "Precision": 0.5196355161644384, "Recall": 0.5792766807188817, "F1-Score": 0.531492706893907, "ROC AUC": 0.6277291042214411, "Accuracy": 0.5792766807188817, "MEAPE-mu": 20.178944530224573, "MEAPE-std": 0.3970371976574152, "_runtime": 5, "_timestamp": 1646930755, "_step": 0, "_wandb": {"runtime": 6}}