{"MAE": 22.933716435586252, "RMSE": 27.527101957265888, "MRAE": 0.39503746397436024, "JSD": 0.12067237236070927, "R^2-Score": 0.40777577634285345, "MEAPE-mu": 7.382987390154015, "MEAPE-std": 5.133918672366279, "_runtime": 3, "_timestamp": 1645176187, "_step": 0, "_wandb": {"runtime": 4}}