{"ARI": 0.13301794907471823, "NMI": 0.05059570135495269, "JSD": 0.20803975639079214, "Precision": 0.5853598014888337, "Recall": 0.6774193548387096, "F1-Score": 0.622969572180279, "ROC AUC": 0.7155145929339476, "Accuracy": 0.6774193548387096, "MEAPE-mu": 15.500376878839843, "MEAPE-std": 8.726547159812768, "_runtime": 3, "_timestamp": 1645460975, "_step": 0, "_wandb": {"runtime": 4}}