{"MAE": 21.90951709148433, "RMSE": 28.081058205748846, "MRAE": 0.3895466602737958, "JSD": 0.12727547548117207, "R^2-Score": 0.3846619706898857, "MEAPE-mu": 0.35952343613012927, "MEAPE-std": 0.30116587485238183, "_runtime": 61, "_timestamp": 1645351571, "_step": 0, "_wandb": {"runtime": 62}}