{"MAE": 21.135577989793653, "MRAE": 0.49737143303435605, "R^2-Score": 0.5407329948752471, "MEAPE-mu": 3.1463515555878963, "MEAPE-std": 0.2477331679288433, "RMSE": 26.207262958862866, "JSD": Infinity, "_runtime": 6, "_timestamp": 1647416428, "_step": 0, "_wandb": {"runtime": 6}}