{"MAE": 24.43527716663272, "RMSE": 29.40851437976514, "MRAE": 0.4514890369860562, "JSD": 0.13616995660896594, "R^2-Score": 0.36681184427774827, "MEAPE-mu": 7.542646732611014, "MEAPE-std": 4.58746718176105, "_runtime": 3, "_timestamp": 1645390923, "_step": 0, "_wandb": {"runtime": 4}}