{"MAE": 19.608672211020718, "MRAE": 0.3730610824900129, "R^2-Score": 0.5365929734895754, "MEAPE-mu": 3.603139127728885, "MEAPE-std": 0.4352593452474718, "RMSE": 24.605372744407564, "JSD": 0.11301578054072627, "_runtime": 9, "_timestamp": 1646487231, "_step": 0, "_wandb": {"runtime": 10}}