{"ARI": 0.05584260153598094, "NMI": 0.01741395732989799, "JSD": 0.21523714424812404, "Precision": 0.6505198795688732, "Recall": 0.6983991569227681, "F1-Score": 0.6369130046265608, "ROC AUC": 0.7020436643933166, "Accuracy": 0.6983991569227681, "MEAPE-mu": 26.170404950765956, "MEAPE-std": 0.3652035897527607, "_runtime": 7, "_timestamp": 1646929181, "_step": 0, "_wandb": {"runtime": 8}}