{"MAE": 26.264243351309517, "MRAE": 0.47902935813486774, "R^2-Score": 0.06676846475661202, "MEAPE-mu": 1.1746042353328148, "MEAPE-std": 0.2900255275602135, "RMSE": 33.5439739459761, "JSD": Infinity, "_runtime": 2, "_timestamp": 1645985800, "_step": 0, "_wandb": {"runtime": 3}}