{"ARI": 0.1548035794869382, "NMI": 0.10067852506704075, "JSD": 0.1861544132544068, "Precision": 0.6742529326933938, "Recall": 0.7375964718853363, "F1-Score": 0.6827277280666955, "ROC AUC": 0.7546348636950957, "Accuracy": 0.7375964718853363, "MEAPE-mu": 20.290448383699164, "MEAPE-std": 1.6171325897898667, "_runtime": 5, "_timestamp": 1654277703, "_step": 0, "_wandb": {"runtime": 5}}