{"ARI": 0.05519955134275391, "NMI": 0.07417095311967109, "JSD": 0.2171202650610802, "Precision": 0.6456251317731393, "Recall": 0.5806451612903226, "F1-Score": 0.60337275827139, "ROC AUC": 0.6085747448856218, "Accuracy": 0.5806451612903226, "MEAPE-mu": 14.561812065541892, "MEAPE-std": 10.145211441581598, "_runtime": 4, "_timestamp": 1645459437, "_step": 0, "_wandb": {"runtime": 4}}