{"ARI": -0.00048688968690628127, "NMI": 0.00033704911589519044, "JSD": 0.17835197866561928, "Precision": 0.48156413127971825, "Recall": 0.6936395115728085, "F1-Score": 0.5684664285094705, "ROC AUC": 0.6067334497032854, "Accuracy": 0.6936395115728085, "MEAPE-mu": 34.848220065722415, "MEAPE-std": 0.4684454740765418, "_runtime": 3, "_timestamp": 1645775036, "_step": 0, "_wandb": {"runtime": 3}}