{"ARI": 0.03732298629075585, "NMI": 0.017598756698324995, "JSD": 0.1837964721674711, "Precision": 0.619618504675421, "Recall": 0.6999635435654393, "F1-Score": 0.5957101352749905, "ROC AUC": 0.6811086806257942, "Accuracy": 0.6999635435654393, "MEAPE-mu": 31.712733289255407, "MEAPE-std": 0.6299644925908888, "_runtime": 96, "_timestamp": 1645460703, "_step": 0, "_wandb": {"runtime": 97}}