{"ARI": 0.9974015486181474, "NMI": 0.9929856144876577, "JSD": 0.010276617414169855, "Precision": 0.9992456071943373, "Recall": 0.9992456179276681, "F1-Score": 0.9992455937384654, "ROC AUC": 0.999211315931333, "Accuracy": 0.9992456179276681, "MEAPE-mu": 0.01646383910715657, "MEAPE-std": 0.013329465999367044, "_runtime": 97, "_timestamp": 1648770502, "_step": 0, "_wandb": {"runtime": 98}}