{"MAE": 21.504175704085817, "MRAE": 0.40803031199543466, "R^2-Score": 0.4381755002904366, "MEAPE-mu": 1.1902683633404378, "MEAPE-std": 0.9255692752375467, "RMSE": 27.135788981571793, "JSD": Infinity, "_runtime": 2, "_timestamp": 1655388297, "_step": 0, "_wandb": {"runtime": 3}}