{"ARI": 0.23550543047793993, "NMI": 0.1458720383084333, "JSD": 0.17906922504461179, "Precision": 0.6974882427879651, "Recall": 0.7574421168687983, "F1-Score": 0.715084511773613, "ROC AUC": 0.8142936243090939, "Accuracy": 0.7574421168687983, "MEAPE-mu": 15.346024056307206, "MEAPE-std": 1.6061055712606886, "_runtime": 4, "_timestamp": 1654101485, "_step": 0, "_wandb": {"runtime": 5}}