{"MAE": 0.16447397849512327, "MRAE": 0.002840737948036612, "R^2-Score": 0.9999389371846161, "MEAPE-mu": 0.003408526104438173, "MEAPE-std": 0.002072530947613186, "RMSE": 0.2677747944133672, "JSD": 0.0013901231660428575, "_runtime": 3345, "_timestamp": 1647519867, "_step": 0, "_wandb": {"runtime": 3346}}