{"MAE": 18.784388131132022, "RMSE": 27.32234630928484, "MRAE": 0.30056260731347584, "JSD": 0.11657793037795706, "R^2-Score": 0.17348706866684072, "MEAPE-mu": 3.9205373020264687, "MEAPE-std": 3.195648121567175, "_runtime": 2, "_timestamp": 1645190243, "_step": 0, "_wandb": {"runtime": 4}}