{"MAE": 27.198659506726006, "MRAE": 0.6141180391860283, "R^2-Score": 0.03593004427733193, "MEAPE-mu": 0.30196849590405006, "MEAPE-std": 0.22773879528794938, "RMSE": 33.61030178556171, "JSD": Infinity, "_runtime": 3, "_timestamp": 1650538900, "_step": 0, "_wandb": {"runtime": 4}}