{"MAE": 10.787736058367248, "MRAE": 0.19492749200189696, "R^2-Score": 0.6968302127479324, "MEAPE-mu": 2.4804313087067844, "MEAPE-std": 0.18759068384397626, "RMSE": 18.820709720392582, "JSD": 0.09354857370337272, "_runtime": 3368, "_timestamp": 1649051140, "_step": 0, "_wandb": {"runtime": 3369}}