{"ARI": 0.0, "NMI": 0.0, "JSD": 0.17878432623971877, "Precision": 0.0, "Recall": 0.0, "F1-Score": 0.0, "Accuracy": 0.0, "MEAPE-mu": 165.43645220886523, "MEAPE-std": 6.539907928575005, "_runtime": 3, "_timestamp": 1645621654, "_step": 0, "_wandb": {"runtime": 4}}