{"ARI": 0.7251246499803132, "NMI": 0.6102143484413545, "JSD": 0.10993852310704219, "Precision": 0.9164851329795725, "Recall": 0.917243893547211, "F1-Score": 0.9165145767081617, "ROC AUC": 0.9794697862547067, "Accuracy": 0.917243893547211, "MEAPE-mu": 1.8875975301311507, "MEAPE-std": 0.42479183256097686, "_runtime": 564, "_timestamp": 1646922695, "_step": 0, "_wandb": {"runtime": 564}}