{"ARI": 0.0, "NMI": 0.0, "JSD": 0.1787843262397188, "Precision": 0.0, "Recall": 0.0, "F1-Score": 0.0, "Accuracy": 0.0, "MEAPE-mu": 165.44729681186186, "MEAPE-std": 5.933526394832296, "_runtime": 2, "_timestamp": 1645617946, "_step": 0, "_wandb": {"runtime": 3}}