{"MAE": 26.803364900549198, "MRAE": 0.5949766245684336, "R^2-Score": 0.054889474008103734, "MEAPE-mu": 0.2717148128363464, "MEAPE-std": 0.21137484687969424, "RMSE": 33.26457513348831, "JSD": 0.17281624711724133, "_runtime": 7259, "_timestamp": 1646513731, "_step": 0, "_wandb": {"runtime": 7259}}