{"ARI": 0.105070919177325, "NMI": 0.07643444046631165, "JSD": 0.20369046994389425, "Precision": 0.5716141581260863, "Recall": 0.6564899045928556, "F1-Score": 0.5976466954358388, "ROC AUC": 0.7126125132045842, "Accuracy": 0.6564899045928556, "MEAPE-mu": 18.603759409498306, "MEAPE-std": 0.3500645317849419, "_runtime": 9, "_timestamp": 1646846134, "_step": 0, "_wandb": {"runtime": 10}}