{"ARI": 0.25811783555978096, "NMI": 0.1463370981543163, "JSD": 0.1810651725256166, "Precision": 0.7340662469528951, "Recall": 0.7559241706161137, "F1-Score": 0.7232740067305901, "ROC AUC": 0.8194384092915055, "Accuracy": 0.7559241706161137, "MEAPE-mu": 13.528176919191798, "MEAPE-std": 0.7276067533895957, "_runtime": 40, "_timestamp": 1645779926, "_step": 0, "_wandb": {"runtime": 40}}