{"MAE": 29.229062136290555, "MRAE": 0.7057564843817575, "R^2-Score": 0.03624138634615348, "MEAPE-mu": 4.025798329571217, "MEAPE-std": 0.39435037227482017, "RMSE": 35.0306299782274, "JSD": Infinity, "_runtime": 2, "_timestamp": 1645986463, "_step": 0, "_wandb": {"runtime": 4}}