{"ARI": 0.34352624358522527, "NMI": 0.2413624257470084, "JSD": 0.17431682867722106, "Precision": 0.7478424792860859, "Recall": 0.7534058131794985, "F1-Score": 0.7450243599551686, "ROC AUC": 0.8694710624185483, "Accuracy": 0.7534058131794985, "MEAPE-mu": 6.103414014949891, "MEAPE-std": 0.30644220070092515, "_runtime": 975, "_timestamp": 1652634219, "_step": 0, "_wandb": {"runtime": 975}}