{"ARI": 0.5981903065310649, "NMI": 0.46798465965519936, "JSD": 0.12394936937315645, "Precision": 0.8781353958324979, "Recall": 0.8740430185927817, "F1-Score": 0.8626421911315689, "ROC AUC": 0.9483604460810849, "Accuracy": 0.8740430185927817, "MEAPE-mu": 9.095313912852474, "MEAPE-std": 0.5171144113561302, "_runtime": 1108, "_timestamp": 1646935914, "_step": 0, "_wandb": {"runtime": 1108}}