{"ARI": 0.23308986979993648, "NMI": 0.12535166426113584, "JSD": 0.1909981613160259, "Precision": 0.6551282051282051, "Recall": 0.7333333333333333, "F1-Score": 0.6805931656995486, "ROC AUC": 0.8450253048079136, "MEAPE-mu": 17.753370109460022, "MEAPE-std": 9.313796136949756, "_runtime": 3, "_timestamp": 1645443963, "_step": 0, "_wandb": {"runtime": 4}}