{"ARI": 0.027549284778183643, "NMI": 0.03177681255416144, "JSD": 0.19714528063027323, "Precision": 0.5800889877641825, "Recall": 0.6774193548387096, "F1-Score": 0.5921146953405018, "ROC AUC": 0.6560291858678954, "Accuracy": 0.6774193548387096, "MEAPE-mu": 25.949255618470506, "MEAPE-std": 8.290679440034811, "_runtime": 3, "_timestamp": 1645462222, "_step": 0, "_wandb": {"runtime": 4}}