{"ARI": 0.03199362002945953, "NMI": 0.0811647248072785, "JSD": 0.23338321472455983, "Precision": 0.5105938306890919, "Recall": 0.43181717328599956, "F1-Score": 0.4399741429097701, "ROC AUC": 0.5704560174451556, "Accuracy": 0.43181717328599956, "MEAPE-mu": 19.61769251192946, "MEAPE-std": 0.5236929700813802, "_runtime": 6, "_timestamp": 1646916200, "_step": 0, "_wandb": {"runtime": 6}}