{"MAE": 29.729674717906683, "RMSE": 35.76276747208992, "MRAE": 0.6652436655377852, "JSD": Infinity, "R^2-Score": 0.2800581323385839, "MEAPE-mu": 3.56798992394149, "MEAPE-std": 0.5908834767480992, "_runtime": 4, "_timestamp": 1645532143, "_step": 0, "_wandb": {"runtime": 5}}