{"MAE": 25.46216791160535, "MRAE": 0.43337105508625107, "R^2-Score": 0.2709053697409617, "MEAPE-mu": 5.574205132360326, "MEAPE-std": 4.645447390995361, "RMSE": 30.928157264345238, "JSD": 0.13691131250914987, "_runtime": 2, "_timestamp": 1646481509, "_step": 0, "_wandb": {"runtime": 3}}