{"ARI": 0.026666676437846037, "NMI": 0.004858995716521299, "JSD": Infinity, "Precision": 0.6613142296996557, "Recall": 0.7393533123028391, "F1-Score": 0.6647348353559629, "ROC AUC": 0.5908071199207531, "Accuracy": 0.7393533123028391, "MEAPE-mu": 81.43822362431821, "MEAPE-std": 4.496894722837371, "_runtime": 571, "_timestamp": 1653848897, "_step": 0, "_wandb": {"runtime": 572}}