{"ARI": 0.11289577752594579, "NMI": 0.046144742931057206, "JSD": 0.20035293932324813, "Precision": 0.655641096145689, "Recall": 0.7052497265767408, "F1-Score": 0.6474785057828761, "ROC AUC": 0.7019357955634887, "Accuracy": 0.7052497265767408, "MEAPE-mu": 20.197547984258293, "MEAPE-std": 0.7147685714321157, "_runtime": 238, "_timestamp": 1645496018, "_step": 0, "_wandb": {"runtime": 239}}