{"MAE": 22.259661300106615, "MRAE": 0.39627122705851664, "R^2-Score": 0.36218991335080797, "MEAPE-mu": 0.38212857700552916, "MEAPE-std": 0.2669615686700653, "RMSE": 28.590485641478143, "JSD": Infinity, "_runtime": 4, "_timestamp": 1646321456, "_step": 0, "_wandb": {"runtime": 4}}