{"MAE": 20.96936304712145, "MRAE": 0.3781561950130594, "R^2-Score": 0.43669284564322286, "MEAPE-mu": 0.6130950390266595, "MEAPE-std": 0.3647199409810097, "RMSE": 26.999266690149078, "JSD": Infinity, "_runtime": 3, "_timestamp": 1646317283, "_step": 0, "_wandb": {"runtime": 4}}