{"ARI": 0.9976632994548391, "NMI": 0.9938757465365627, "JSD": 0.010050964503239772, "Precision": 0.9993344652425413, "Recall": 0.9993343687597072, "F1-Score": 0.9993344045368786, "ROC AUC": 0.9993506896090187, "Accuracy": 0.9993343687597072, "MEAPE-mu": 0.01735661559910656, "MEAPE-std": 0.014602278868566545, "_runtime": 101, "_timestamp": 1648769612, "_step": 0, "_wandb": {"runtime": 102}}