{"MAE": 19.491475898471997, "MRAE": 0.34906428613303914, "R^2-Score": 0.5053128140125985, "MEAPE-mu": 0.48074582271760996, "MEAPE-std": 0.31008769276544684, "RMSE": 25.326115664697788, "JSD": Infinity, "_runtime": 4, "_timestamp": 1646485442, "_step": 0, "_wandb": {"runtime": 4}}