{"ARI": -0.002273786858186554, "NMI": 0.0001420456296603793, "JSD": Infinity, "Precision": 0.5699688844079053, "Recall": 0.6909218648065439, "F1-Score": 0.5811817176687585, "ROC AUC": 0.48124339238286795, "Accuracy": 0.6909218648065439, "MEAPE-mu": 141.0333946474663, "MEAPE-std": 4.163943125455024, "_runtime": 87, "_timestamp": 1653692925, "_step": 0, "_wandb": {"runtime": 87}}