{"ARI": 0.03455723288128684, "NMI": 0.020388484307272643, "JSD": 0.20353701083427161, "Precision": 0.5609002946787534, "Recall": 0.6188151763922787, "F1-Score": 0.5272150721624147, "ROC AUC": 0.6067867414083431, "Accuracy": 0.6188151763922787, "MEAPE-mu": 30.26883025419283, "MEAPE-std": 0.325792707996986, "_runtime": 3, "_timestamp": 1645606220, "_step": 0, "_wandb": {"runtime": 3}}