{"MAE": 25.923466060738708, "RMSE": 32.26277872627997, "MRAE": 0.4531452135740787, "JSD": 0.14034132670201097, "R^2-Score": 0.3693630597771198, "MEAPE-mu": 5.8781265726315555, "MEAPE-std": 4.831959021626001, "_runtime": 5, "_timestamp": 1645433130, "_step": 0, "_wandb": {"runtime": 6}}