{"ARI": 0.167192429022082, "NMI": 0.07311194374402666, "JSD": 0.20865345985600794, "Precision": 0.6253333333333334, "Recall": 0.7, "F1-Score": 0.6560386473429952, "ROC AUC": 0.7418219461697722, "Accuracy": 0.7, "MEAPE-mu": 13.686250650482414, "MEAPE-std": 7.943834368368964, "_runtime": 6, "_timestamp": 1646936527, "_step": 0, "_wandb": {"runtime": 7}}