{"MAE": 20.33177775083813, "RMSE": 25.42937058874487, "MRAE": 0.5024338131797691, "JSD": 0.1201884487683839, "R^2-Score": 0.5909743909461889, "MEAPE-mu": 3.957784778421128, "MEAPE-std": 3.0184874069473735, "_runtime": 2, "_timestamp": 1645108289, "_step": 0, "_wandb": {"runtime": 3}}