{"ARI": 0.12667946257197696, "NMI": 0.09403196636212509, "JSD": 0.18857555439576681, "Precision": 0.674074074074074, "Recall": 0.7333333333333333, "F1-Score": 0.6766666666666666, "ROC AUC": 0.7174430641821946, "Accuracy": 0.7333333333333333, "MEAPE-mu": 21.54160336563648, "MEAPE-std": 8.519985957267062, "_runtime": 2, "_timestamp": 1645453945, "_step": 0, "_wandb": {"runtime": 3}}