{"ARI": 0.0, "NMI": 0.0, "JSD": 0.18390779094047427, "Precision": 0.5625, "Recall": 0.75, "F1-Score": 0.6428571428571429, "ROC AUC": 0.945578231292517, "Accuracy": 0.75, "MEAPE-mu": 32.66525326993492, "MEAPE-std": 6.737786142989574, "_runtime": 2, "_timestamp": 1645450837, "_step": 0, "_wandb": {"runtime": 3}}