{"MAE": 1.0653069911978248, "MRAE": 0.01835486114653633, "R^2-Score": 0.998353882047302, "MEAPE-mu": 0.017884230364915932, "MEAPE-std": 0.013633189270149027, "RMSE": 1.4456757495026098, "JSD": Infinity, "_runtime": 848, "_timestamp": 1646698352, "_step": 0, "_wandb": {"runtime": 849}}