{"MAE": 24.056757640597432, "MRAE": 0.48393572395576917, "R^2-Score": 0.13158872678002254, "MEAPE-mu": 2.597278111721758, "MEAPE-std": 0.28807764290787374, "RMSE": 32.48853482523302, "JSD": 0.1632813612434244, "_runtime": 10443, "_timestamp": 1649136823, "_step": 0, "_wandb": {"runtime": 10442}}