{"ARI": 0.0, "NMI": 0.0, "JSD": 0.1780789571710467, "Precision": 0.38320687357176164, "Recall": 0.6190370534723763, "F1-Score": 0.4733762859224146, "ROC AUC": 0.6145791418157387, "Accuracy": 0.6190370534723763, "MEAPE-mu": 39.2668359053275, "MEAPE-std": 0.21088408456854946, "_runtime": 2276, "_timestamp": 1647888106, "_step": 0, "_wandb": {"runtime": 2277}}