{"ARI": 0.0, "NMI": 7.024775910151136e-16, "JSD": 0.18130219460421393, "Precision": 0.4588969823100936, "Recall": 0.6774193548387096, "F1-Score": 0.5471464019851118, "ROC AUC": 0.7560647095806936, "Accuracy": 0.6774193548387096, "MEAPE-mu": 34.918506303950146, "MEAPE-std": 6.776724053856973, "_runtime": 9, "_timestamp": 1653932932, "_step": 0, "_wandb": {"runtime": 9}}