{"MAE": 20.811062312525586, "RMSE": 24.33217146057939, "MRAE": 0.31187512526878364, "JSD": 0.10417969867651221, "R^2-Score": 0.5388967154712108, "MEAPE-mu": 5.773321225401364, "MEAPE-std": 3.8682201667734515, "_runtime": 1, "_timestamp": 1645108348, "_step": 0, "_wandb": {"runtime": 3}}