{"ARI": -0.016626860187396657, "NMI": 0.04313771635369463, "JSD": 0.40420959845334664, "Precision": 0.4786290322580645, "Recall": 0.3870967741935484, "F1-Score": 0.42122306638435675, "Accuracy": 0.3870967741935484, "MEAPE-mu": 46.79087246555055, "MEAPE-std": 9.160182915836932, "_runtime": 3, "_timestamp": 1645622271, "_step": 0, "_wandb": {"runtime": 4}}