{"MAE": 21.67657674079475, "RMSE": 26.944484486775984, "MRAE": 0.3530394128569795, "JSD": 0.10797650279981334, "R^2-Score": -0.362478816821455, "MEAPE-mu": 16.55504675216608, "MEAPE-std": 0.4039021974961588, "_runtime": 101, "_timestamp": 1645531547, "_step": 0, "_wandb": {"runtime": 101}}