{"ARI": 0.16506687327308814, "NMI": 0.05992899886373029, "JSD": 0.1993184752653375, "Precision": 0.6426315713068709, "Recall": 0.6749908858913598, "F1-Score": 0.6487267822587663, "ROC AUC": 0.7000053139950069, "Accuracy": 0.6749908858913598, "MEAPE-mu": 13.714124004037608, "MEAPE-std": 0.7739344790115396, "_runtime": 3, "_timestamp": 1645774909, "_step": 0, "_wandb": {"runtime": 4}}