{"ARI": 0.10704553154584376, "NMI": 0.03719904036591199, "JSD": 0.20317555308435295, "Precision": 0.6468800499418882, "Recall": 0.6979584396646008, "F1-Score": 0.6389412598844585, "ROC AUC": 0.6657798456216062, "Accuracy": 0.6979584396646008, "MEAPE-mu": 20.512549455655094, "MEAPE-std": 0.6623780129444102, "_runtime": 137, "_timestamp": 1645471761, "_step": 0, "_wandb": {"runtime": 138}}