{"MAE": 0.07487907699134677, "MRAE": 0.000821443150544973, "R^2-Score": 0.9987685395382492, "MEAPE-mu": 0.04267426105832702, "MEAPE-std": 0.012341834953800609, "RMSE": 1.2051568067174732, "JSD": 0.005194993993281377, "_runtime": 47, "_timestamp": 1649098661, "_step": 0, "_wandb": {"runtime": 47}}