{"ARI": 0.029496704410589433, "NMI": 0.021606477941550333, "JSD": 0.17907641442719013, "Precision": 0.6596144715038241, "Recall": 0.7022052123200292, "F1-Score": 0.591888162854985, "ROC AUC": 0.6988200692070634, "Accuracy": 0.7022052123200292, "MEAPE-mu": 33.04091140742391, "MEAPE-std": 0.5038648337535049, "_runtime": 6, "_timestamp": 1646919778, "_step": 0, "_wandb": {"runtime": 5}}