{"MAE": 29.601296173246972, "MRAE": 0.7017651832988386, "R^2-Score": 0.27476025550936745, "MEAPE-mu": 10.691445877671843, "MEAPE-std": 0.6064863371108212, "RMSE": 35.89411103075632, "JSD": 0.16581252163887517, "_runtime": 9, "_timestamp": 1645989320, "_step": 0, "_wandb": {"runtime": 9}}