{"MAE": 10.804522353509524, "MRAE": 0.2316945546968463, "R^2-Score": 0.7711371719132446, "MEAPE-mu": 0.1302127143168814, "MEAPE-std": 0.09495040385663173, "RMSE": 16.39452571462884, "JSD": Infinity, "_runtime": 12974, "_timestamp": 1650377244, "_step": 0, "_wandb": {"runtime": 12974}}