{"MAE": 29.633333333333333, "MRAE": 0.6164545572155808, "R^2-Score": 0.08592032398447169, "MEAPE-mu": 13.269875180906777, "MEAPE-std": 7.124560730531234, "RMSE": 36.902312483998436, "JSD": 0.16212002662053848, "_runtime": 3, "_timestamp": 1646307713, "_step": 0, "_wandb": {"runtime": 4}}