{"MAE": 20.503248885437692, "MRAE": 0.32200174521417474, "R^2-Score": -0.14040867961270354, "MEAPE-mu": 5.81701899596223, "MEAPE-std": 4.89167636550225, "RMSE": 24.192860121927257, "JSD": 0.11404301069836299, "_runtime": 3, "_timestamp": 1646481528, "_step": 0, "_wandb": {"runtime": 3}}