{"MAE": 19.729652901175506, "MRAE": 0.3639776271063697, "R^2-Score": 0.49761097265123844, "MEAPE-mu": 0.39888169998872924, "MEAPE-std": 0.28306957047676107, "RMSE": 25.343238156197415, "JSD": Infinity, "_runtime": 4, "_timestamp": 1646483544, "_step": 0, "_wandb": {"runtime": 4}}