{"ARI": 0.859705185019666, "NMI": 0.7968395503495987, "JSD": 0.08123742626344078, "Precision": 0.9604062948502678, "Recall": 0.9606342263531985, "F1-Score": 0.9602430557943971, "ROC AUC": 0.9703935798317364, "Accuracy": 0.9606342263531985, "MEAPE-mu": 1.8887795043329931, "MEAPE-std": 0.3282407008774168, "_runtime": 2539, "_timestamp": 1647052723, "_step": 0, "_wandb": {"runtime": 2540}}