{"MAE": 23.089033853025125, "MRAE": 0.47317882270929834, "R^2-Score": 0.2697323484828782, "MEAPE-mu": 0.2593100786674134, "MEAPE-std": 0.17427288845759897, "RMSE": 29.493764697602227, "JSD": Infinity, "_runtime": 5, "_timestamp": 1646987682, "_step": 0, "_wandb": {"runtime": 5}}