{"ARI": 0.06553333529132788, "NMI": 0.03809814532806117, "JSD": 0.18850079805901637, "Precision": 0.6400929112122803, "Recall": 0.7122381477398015, "F1-Score": 0.6301330414621645, "ROC AUC": 0.7339223262287875, "Accuracy": 0.7122381477398015, "MEAPE-mu": 27.601184458317313, "MEAPE-std": 1.59505840448022, "_runtime": 6, "_timestamp": 1654269311, "_step": 0, "_wandb": {"runtime": 7}}