{"MAE": 16.905006048111584, "MRAE": 0.3071880490026673, "R^2-Score": 0.5748984644064219, "MEAPE-mu": 0.31734112757408384, "MEAPE-std": 0.2445790309338304, "RMSE": 22.855108471656926, "JSD": Infinity, "_runtime": 300, "_timestamp": 1646353055, "_step": 0, "_wandb": {"runtime": 300}}