{"ARI": 0.13889988383282498, "NMI": 0.06332881876864782, "JSD": 0.19799209408778495, "Precision": 0.7126692172702638, "Recall": 0.7177508269018743, "F1-Score": 0.6656009865703062, "ROC AUC": 0.718721273191578, "Accuracy": 0.7177508269018743, "MEAPE-mu": 19.021636057718318, "MEAPE-std": 1.6637108802403004, "_runtime": 5, "_timestamp": 1654269834, "_step": 0, "_wandb": {"runtime": 6}}