{"ARI": -0.007033248081841432, "NMI": 0.04606989490095256, "JSD": 0.20744922029991533, "Precision": 0.6092592592592593, "Recall": 0.6666666666666666, "F1-Score": 0.6060185185185186, "ROC AUC": 0.5285541752933056, "Accuracy": 0.6666666666666666, "MEAPE-mu": 22.889793326557093, "MEAPE-std": 8.598254052561595, "_runtime": 5, "_timestamp": 1646934170, "_step": 0, "_wandb": {"runtime": 5}}