{"MAE": 22.93548387096774, "MRAE": 0.4135541481248558, "R^2-Score": 0.11988556863916466, "MEAPE-mu": 5.53614908616367, "MEAPE-std": 4.225583048568143, "RMSE": 30.529784505225123, "JSD": 0.14201138607545272, "_runtime": 6, "_timestamp": 1646306274, "_step": 0, "_wandb": {"runtime": 4}}