{"MAE": 24.692006746689376, "MRAE": 0.38260543778521966, "R^2-Score": 0.3007649063962532, "MEAPE-mu": 7.959825052464492, "MEAPE-std": 4.500975030493516, "RMSE": 30.28821668030712, "JSD": 0.13017709760918747, "_runtime": 3, "_timestamp": 1646306950, "_step": 0, "_wandb": {"runtime": 4}}