{"ARI": 0.13075133793340266, "NMI": 0.040871909823883376, "JSD": 0.21326258110340185, "Precision": 0.6355676829767238, "Recall": 0.6868798235942668, "F1-Score": 0.6442720630869198, "ROC AUC": 0.7020664285991, "Accuracy": 0.6868798235942668, "MEAPE-mu": 12.688005471455902, "MEAPE-std": 2.163145785336099, "_runtime": 2, "_timestamp": 1654268811, "_step": 0, "_wandb": {"runtime": 4}}