{"MAE": 29.72899909998177, "RMSE": 35.76230595070097, "MRAE": 0.665240417777911, "JSD": Infinity, "R^2-Score": 0.28007671403403056, "MEAPE-mu": 3.7284552853957744, "MEAPE-std": 0.6366328307705389, "_runtime": 2, "_timestamp": 1645391549, "_step": 0, "_wandb": {"runtime": 3}}