{"MAE": 21.535192270160923, "RMSE": 27.790330283177678, "MRAE": 0.3661543382362079, "JSD": 0.12420317142363255, "R^2-Score": 0.3883646084966481, "MEAPE-mu": 0.6265502449383119, "MEAPE-std": 0.3802555983739977, "_runtime": 268, "_timestamp": 1645239649, "_step": 0, "_wandb": {"runtime": 270}}