{"ARI": 0.013243692260003553, "NMI": 0.005383980349090095, "JSD": 0.1866955031327792, "Precision": 0.6984581824417714, "Recall": 0.7513310984026819, "F1-Score": 0.652704036460482, "ROC AUC": 0.6760514442083704, "Accuracy": 0.7513310984026819, "MEAPE-mu": 32.07483130252173, "MEAPE-std": 0.5167169078324224, "_runtime": 4, "_timestamp": 1645773798, "_step": 0, "_wandb": {"runtime": 4}}