{"MAE": 0.0036800121061494138, "MRAE": 3.503001498578958e-05, "R^2-Score": 0.9999949542177546, "MEAPE-mu": 0.0012438354331737785, "MEAPE-std": 0.0006474912569469853, "RMSE": 0.07725301753902447, "JSD": 0.0003157718599691934, "_runtime": 4969, "_timestamp": 1648367364, "_step": 0, "_wandb": {"runtime": 4968}}