{"ARI": 0.0, "NMI": 0.0, "JSD": Infinity, "Precision": 0.5243757431629014, "Recall": 0.7241379310344828, "F1-Score": 0.6082758620689656, "ROC AUC": 0.08035714285714285, "Accuracy": 0.7241379310344828, "MEAPE-mu": 202.93473688872263, "MEAPE-std": 310.6928938789598, "_runtime": 2, "_timestamp": 1653670842, "_step": 0, "_wandb": {"runtime": 3}}