{"ARI": 0.14791939441958254, "NMI": 0.07583570897984011, "JSD": 0.19509128153693783, "Precision": 0.716045045016349, "Recall": 0.7203791469194313, "F1-Score": 0.668969958953266, "ROC AUC": 0.7359978667448182, "Accuracy": 0.7203791469194313, "MEAPE-mu": 18.9947960451723, "MEAPE-std": 0.6495313288487209, "_runtime": 226, "_timestamp": 1645522212, "_step": 0, "_wandb": {"runtime": 226}}