{"MAE": 32.867801020898, "RMSE": 39.50701181834734, "MRAE": 0.9513989009597962, "JSD": Infinity, "R^2-Score": 0.00927748330147804, "MEAPE-mu": 8.760830914615111, "MEAPE-std": 0.3956574889632307, "_runtime": 4, "_timestamp": 1645194067, "_step": 0, "_wandb": {"runtime": 4}}