{"MAE": 22.467942409331148, "RMSE": 27.780781629698417, "MRAE": 0.36574515922027484, "JSD": 0.12272278170248192, "R^2-Score": 0.2736593863013096, "MEAPE-mu": 2.5789609487649328, "MEAPE-std": 0.39438966196335234, "_runtime": 93, "_timestamp": 1645531013, "_step": 0, "_wandb": {"runtime": 94}}