{"ARI": 0.04949439945615167, "NMI": 0.03356768765192593, "JSD": 0.20889636769680603, "Precision": 0.5865276074047189, "Recall": 0.6224539605058798, "F1-Score": 0.5460798094047384, "ROC AUC": 0.6329191512715711, "Accuracy": 0.6224539605058798, "MEAPE-mu": 27.44294811367116, "MEAPE-std": 0.3072776604881041, "_runtime": 554, "_timestamp": 1645723546, "_step": 0, "_wandb": {"runtime": 556}}