{"MAE": 20.945855037535328, "RMSE": 27.020842948795927, "MRAE": 0.3518797546085759, "JSD": 0.11888151406602337, "R^2-Score": 0.41701937231850283, "MEAPE-mu": 0.4266392859984557, "MEAPE-std": 0.32285979543650634, "_runtime": 72, "_timestamp": 1645444703, "_step": 0, "_wandb": {"runtime": 73}}