{"ARI": 0.4373080145210835, "NMI": 0.3174402871330953, "JSD": 0.15588211533133023, "Precision": 0.7795698924731184, "Recall": 0.7741935483870968, "F1-Score": 0.756989247311828, "ROC AUC": 0.7059365478551048, "Accuracy": 0.7741935483870968, "MEAPE-mu": 14.562098693583959, "MEAPE-std": 7.029648664187388, "_runtime": 7, "_timestamp": 1645466171, "_step": 0, "_wandb": {"runtime": 7}}