{"ARI": -0.04686715752302519, "NMI": 0.04696634592192461, "JSD": 0.19000967166834243, "Precision": 0.7949612172527429, "Recall": 0.35191690084303495, "F1-Score": 0.24095677752286673, "ROC AUC": 0.7742113650555452, "Accuracy": 0.35191690084303495, "MEAPE-mu": 81.00862725493214, "MEAPE-std": 0.7017369712703165, "_runtime": 5, "_timestamp": 1646914163, "_step": 0, "_wandb": {"runtime": 5}}