{"ARI": -0.02586469496829221, "NMI": 0.11553024712374904, "JSD": 0.4762826729067922, "Precision": 0.5645161290322581, "Recall": 0.16129032258064516, "F1-Score": 0.25089605734767023, "Accuracy": 0.16129032258064516, "MEAPE-mu": 37.500844389414716, "MEAPE-std": 12.259941032446669, "_runtime": 4, "_timestamp": 1645616916, "_step": 0, "_wandb": {"runtime": 4}}