{"MAE": 22.780000000000005, "MRAE": 0.3522762197427476, "R^2-Score": -0.5494181754414831, "MEAPE-mu": 5.37835461657193, "MEAPE-std": 4.839805419786732, "RMSE": 28.199491721187695, "JSD": 0.132992815305857, "_runtime": 2, "_timestamp": 1646480151, "_step": 0, "_wandb": {"runtime": 4}}