{"MAE": 29.215495739776674, "MRAE": 0.7080060780419408, "R^2-Score": 0.025031013527612944, "MEAPE-mu": 1.8647535536399504, "MEAPE-std": 0.3453057528219625, "RMSE": 37.80102616465302, "JSD": Infinity, "_runtime": 2, "_timestamp": 1645989328, "_step": 0, "_wandb": {"runtime": 3}}