{"ARI": 0.749851545249905, "NMI": 0.6395219249987799, "JSD": 0.09753957050730583, "Precision": 0.9168756795846432, "Recall": 0.9171510982915465, "F1-Score": 0.9162198052634567, "ROC AUC": 0.984576780071188, "Accuracy": 0.9171510982915465, "MEAPE-mu": 2.535791358130285, "MEAPE-std": 0.16600024200733776, "_runtime": 413, "_timestamp": 1647988733, "_step": 0, "_wandb": {"runtime": 413}}