{"MAE": 27.651515420457063, "MRAE": 0.6056654479768004, "R^2-Score": -0.0034637303697746535, "MEAPE-mu": 0.2564110790764984, "MEAPE-std": 0.19260307751024439, "RMSE": 34.405918339348354, "JSD": 0.17773136368397552, "_runtime": 3, "_timestamp": 1645989062, "_step": 0, "_wandb": {"runtime": 4}}