{"MAE": 21.913262546094938, "MRAE": 0.3781643047899369, "R^2-Score": 0.3720949708884286, "MEAPE-mu": 0.8548116485139172, "MEAPE-std": 0.44792074481489885, "RMSE": 28.110155531611305, "JSD": Infinity, "_runtime": 3, "_timestamp": 1646321861, "_step": 0, "_wandb": {"runtime": 4}}