{"MAE": 26.96584609694285, "MRAE": 0.5702117322616687, "R^2-Score": 0.03610193405383744, "MEAPE-mu": 5.6003630503527475, "MEAPE-std": 0.3581135084281492, "RMSE": 33.79293523949648, "JSD": Infinity, "_runtime": 5443, "_timestamp": 1646539432, "_step": 0, "_wandb": {"runtime": 5444}}