{"ARI": -0.050458290898990836, "NMI": 0.055285238253009565, "JSD": 0.4051406279558393, "Precision": 0.49677419354838703, "Recall": 0.45161290322580644, "F1-Score": 0.47311827956989244, "Accuracy": 0.45161290322580644, "MEAPE-mu": 51.75620588229656, "MEAPE-std": 7.6672053856743245, "_runtime": 3, "_timestamp": 1645622249, "_step": 0, "_wandb": {"runtime": 4}}