{"ARI": 0.6924230826895968, "NMI": 0.5920483166744738, "JSD": 0.11122716987839841, "Precision": 0.8994523645113754, "Recall": 0.8980696694031507, "F1-Score": 0.8984941137773462, "ROC AUC": 0.9778964569573934, "Accuracy": 0.8980696694031507, "MEAPE-mu": 1.8392694459568917, "MEAPE-std": 0.2270808730440264, "_runtime": 3318, "_timestamp": 1647996422, "_step": 0, "_wandb": {"runtime": 3318}}