{"ARI": 0.04778328243616166, "NMI": 0.07740104806246491, "JSD": 0.17535490221739553, "Precision": 0.6599284608420724, "Recall": 0.6481473263811848, "F1-Score": 0.534505989011575, "ROC AUC": 0.6787240046035661, "Accuracy": 0.6481473263811848, "MEAPE-mu": 35.741242617999276, "MEAPE-std": 0.2252034912988948, "_runtime": 3, "_timestamp": 1645789125, "_step": 0, "_wandb": {"runtime": 3}}