{"ARI": -0.0013021557173900815, "NMI": 0.018583584709241034, "JSD": 0.22056552497577764, "Precision": 0.5568413108102034, "Recall": 0.6579187169673775, "F1-Score": 0.5900412424460802, "ROC AUC": 0.567948166239759, "Accuracy": 0.6579187169673775, "MEAPE-mu": 21.823086455347706, "MEAPE-std": 0.7524063990312319, "_runtime": 4, "_timestamp": 1645774356, "_step": 0, "_wandb": {"runtime": 5}}