{"ARI": 0.04528136151255901, "NMI": 0.024921472475716803, "JSD": 0.22270356623029572, "Precision": 0.5625685912192269, "Recall": 0.6047925449301087, "F1-Score": 0.5462301767763456, "ROC AUC": 0.6013958660719846, "Accuracy": 0.6047925449301087, "MEAPE-mu": 21.539217618057677, "MEAPE-std": 0.38883224159238733, "_runtime": 3, "_timestamp": 1645985111, "_step": 0, "_wandb": {"runtime": 5}}