{"ARI": 0.07295749170937595, "NMI": 0.09619543871003941, "JSD": 0.4772687621605536, "Precision": 0.3547619047619047, "Recall": 0.1, "F1-Score": 0.12033333333333333, "Accuracy": 0.1, "MEAPE-mu": 28.245195641694753, "MEAPE-std": 13.582598585380852, "_runtime": 3, "_timestamp": 1645621869, "_step": 0, "_wandb": {"runtime": 4}}