{"ARI": -0.018779342723004695, "NMI": 0.0065047487522709585, "JSD": Infinity, "Precision": 0.5456989247311828, "Recall": 0.45161290322580644, "F1-Score": 0.4765126416739319, "ROC AUC": 0.4696969696969698, "Accuracy": 0.45161290322580644, "MEAPE-mu": 119.69313139710232, "MEAPE-std": 56.067087953583446, "_runtime": 4, "_timestamp": 1653671942, "_step": 0, "_wandb": {"runtime": 5}}