{"MAE": 20.86677777503943, "MRAE": 0.384592582251268, "R^2-Score": 0.4362783055463555, "MEAPE-mu": 0.643702956227959, "MEAPE-std": 0.32659672416521557, "RMSE": 27.06870223643505, "JSD": Infinity, "_runtime": 3, "_timestamp": 1646317302, "_step": 0, "_wandb": {"runtime": 4}}