{"ARI": 0.13628785201983515, "NMI": 0.1439809365232821, "JSD": 0.17794247809025543, "Precision": 0.6386877839567632, "Recall": 0.6887508320390504, "F1-Score": 0.6170663765018733, "ROC AUC": 0.6597068813342876, "Accuracy": 0.6887508320390504, "MEAPE-mu": 26.604348850106685, "MEAPE-std": 0.2415931616283492, "_runtime": 218, "_timestamp": 1645946317, "_step": 0, "_wandb": {"runtime": 219}}