{"MAE": 24.049497138413567, "RMSE": 29.62349446569925, "MRAE": 0.4181323186481502, "JSD": 0.1423920443854094, "R^2-Score": 0.08223499735627171, "MEAPE-mu": 4.747676866533418, "MEAPE-std": 3.5318991783966, "_runtime": 1, "_timestamp": 1645188817, "_step": 0, "_wandb": {"runtime": 3}}