{"ARI": 0.0, "NMI": 0.0, "JSD": Infinity, "Precision": 0.5625, "Recall": 0.75, "F1-Score": 0.6428571428571429, "ROC AUC": 0.5238095238095238, "Accuracy": 0.75, "MEAPE-mu": 136.61818181818182, "MEAPE-std": 111.28545777839828, "_runtime": 2, "_timestamp": 1653671562, "_step": 0, "_wandb": {"runtime": 3}}