{"MAE": 0.08873751941424451, "MRAE": 0.0009083023878344853, "R^2-Score": 0.9984177222324258, "MEAPE-mu": 0.039499630114119874, "MEAPE-std": 0.012926810496475325, "RMSE": 1.3558307057283965, "JSD": 0.0057257261527445405, "_runtime": 49, "_timestamp": 1649098768, "_step": 0, "_wandb": {"runtime": 49}}