{"MAE": 27.394623188995283, "MRAE": 0.6162502076623106, "R^2-Score": 0.036681777237621005, "MEAPE-mu": 0.32091509284444497, "MEAPE-std": 0.2495774651775721, "RMSE": 33.80187250899339, "JSD": Infinity, "_runtime": 3, "_timestamp": 1650538869, "_step": 0, "_wandb": {"runtime": 4}}