{"ARI": 0.13427314713701866, "NMI": 0.22890651656484987, "JSD": 0.22576223617188054, "Precision": 0.6017858880911615, "Recall": 0.5842467273130686, "F1-Score": 0.5788848401134984, "ROC AUC": 0.6150235467149164, "Accuracy": 0.5842467273130686, "MEAPE-mu": 0.84544531955578, "MEAPE-std": 0.4146715715358729, "_runtime": 247, "_timestamp": 1647634146, "_step": 0, "_wandb": {"runtime": 246}}