{"ARI": 0.1372079089275015, "NMI": 0.18714928071303408, "JSD": 0.423013169129733, "Precision": 0.2625, "Recall": 0.1, "F1-Score": 0.14482758620689656, "Accuracy": 0.1, "MEAPE-mu": 24.75015746242184, "MEAPE-std": 12.74646488121615, "_runtime": 3, "_timestamp": 1645621858, "_step": 0, "_wandb": {"runtime": 4}}