{"ARI": 0.2927071358784889, "NMI": 0.17504950979706058, "JSD": 0.1765990490903722, "Precision": 0.7802277153958453, "Recall": 0.7706725468577729, "F1-Score": 0.736560102884037, "ROC AUC": 0.8019001182694399, "Accuracy": 0.7706725468577729, "MEAPE-mu": 9.421184843234704, "MEAPE-std": 1.57516888946794, "_runtime": 4, "_timestamp": 1654101432, "_step": 0, "_wandb": {"runtime": 5}}