{"MAE": 22.213242959801608, "MRAE": 0.36439321471827096, "R^2-Score": 0.29014986112098295, "MEAPE-mu": 5.194000697091086, "MEAPE-std": 4.414373376469716, "RMSE": 28.015789740555917, "JSD": 0.12808171779830432, "_runtime": 3, "_timestamp": 1646297298, "_step": 0, "_wandb": {"runtime": 4}}