{"MAE": 26.589692523405496, "RMSE": 31.92346588577409, "MRAE": 0.4766127390914651, "JSD": 0.1360093895502437, "R^2-Score": 0.2838517018775423, "MEAPE-mu": 5.352878851277854, "MEAPE-std": 3.66785654340627, "_runtime": 2, "_timestamp": 1645117937, "_step": 0, "_wandb": {"runtime": 3}}