{"MAE": 26.301907471801844, "MRAE": 0.5981545688839016, "R^2-Score": 0.08594905114964713, "MEAPE-mu": 0.53714351924074, "MEAPE-std": 0.29772390459353604, "RMSE": 32.710383580936266, "JSD": 0.17116952820692194, "_runtime": 4806, "_timestamp": 1651350829, "_step": 0, "_wandb": {"runtime": 4805}}