{"MAE": 23.323283852163154, "RMSE": 27.341128030617398, "MRAE": 0.37185752940811584, "JSD": 0.1167259177621899, "R^2-Score": 0.372846577358686, "MEAPE-mu": 4.744059777224667, "MEAPE-std": 3.659202696643863, "_runtime": 3, "_timestamp": 1645390895, "_step": 0, "_wandb": {"runtime": 4}}