{"ARI": 0.0, "NMI": 0.0, "JSD": 0.1787843262397188, "Precision": 0.49, "Recall": 0.7, "F1-Score": 0.5764705882352941, "ROC AUC": 0.6776972624798712, "Accuracy": 0.7, "MEAPE-mu": 33.92036548760785, "MEAPE-std": 6.308775524168209, "_runtime": 13, "_timestamp": 1645465174, "_step": 0, "_wandb": {"runtime": 13}}