{"ARI": 0.17373905865065473, "NMI": 0.124446844511486, "JSD": 0.19636463221449604, "Precision": 0.6753000604761691, "Recall": 0.6831595296205902, "F1-Score": 0.6415422771645317, "ROC AUC": 0.7225649404111222, "Accuracy": 0.6831595296205902, "MEAPE-mu": 12.044011548450175, "MEAPE-std": 0.3764312276185965, "_runtime": 59, "_timestamp": 1647232172, "_step": 0, "_wandb": {"runtime": 59}}