{"ARI": 0.0824395471995701, "NMI": 0.058228252523856834, "JSD": 0.19931508284985816, "Precision": 0.5684252394211858, "Recall": 0.6508986021743954, "F1-Score": 0.5775978027788341, "ROC AUC": 0.7062069003206841, "Accuracy": 0.6508986021743954, "MEAPE-mu": 24.809942299650302, "MEAPE-std": 0.31634835983760784, "_runtime": 3, "_timestamp": 1645787636, "_step": 0, "_wandb": {"runtime": 3}}