{"MAE": 26.970881581326733, "MRAE": 0.56965412077844, "R^2-Score": 0.03499054941767865, "MEAPE-mu": 5.305372571996522, "MEAPE-std": 0.308048405957364, "RMSE": 33.71331853377266, "JSD": Infinity, "_runtime": 5419, "_timestamp": 1646533982, "_step": 0, "_wandb": {"runtime": 5419}}