{"MAE": 17.415772677634603, "MRAE": 0.2692132059472716, "R^2-Score": 0.1043502111629151, "MEAPE-mu": 8.382818197502939, "MEAPE-std": 4.47927965331576, "RMSE": 21.44006369994551, "JSD": 0.09678255866663217, "_runtime": 5, "_timestamp": 1646306247, "_step": 0, "_wandb": {"runtime": 4}}