{"MAE": 11.875390009528234, "MRAE": 0.16424040298681525, "R^2-Score": 0.7401892636712368, "MEAPE-mu": 0.24473059545003997, "MEAPE-std": 0.19477148778151127, "RMSE": 18.145495605874817, "JSD": 0.07633882392909262, "_runtime": 1374, "_timestamp": 1646769215, "_step": 0, "_wandb": {"runtime": 1375}}