{"MAE": 23.290122433409852, "MRAE": 0.28941819532275026, "R^2-Score": 0.09221636182745374, "MEAPE-mu": 4.635223693585482, "MEAPE-std": 3.6837279642700453, "RMSE": 28.554865463576657, "JSD": 0.1133518626078647, "_runtime": 13, "_timestamp": 1646310502, "_step": 0, "_wandb": {"runtime": 13}}