{"ARI": 0.048986039997453774, "NMI": 0.032935861506537566, "JSD": 0.20220791197937, "Precision": 0.5963762202622266, "Recall": 0.6269358775238518, "F1-Score": 0.5394605452609049, "ROC AUC": 0.6419653112517327, "Accuracy": 0.6269358775238518, "MEAPE-mu": 30.06595697124552, "MEAPE-std": 0.2939522054146154, "_runtime": 2753, "_timestamp": 1645948816, "_step": 0, "_wandb": {"runtime": 2755}}