{"ARI": 0.06422588149632857, "NMI": 0.10297513443862692, "JSD": 0.20337600092592062, "Precision": 0.6272386358833928, "Recall": 0.6211670734413135, "F1-Score": 0.5782245271483496, "ROC AUC": 0.6042648092840878, "Accuracy": 0.6211670734413135, "MEAPE-mu": 24.008805434432603, "MEAPE-std": 0.35041206045098117, "_runtime": 131, "_timestamp": 1647664400, "_step": 0, "_wandb": {"runtime": 132}}