{"MAE": 27.526381183315163, "MRAE": 0.6223904392065162, "R^2-Score": 0.031678896354920494, "MEAPE-mu": 0.30390498395075516, "MEAPE-std": 0.22348754545669652, "RMSE": 33.937723893722996, "JSD": Infinity, "_runtime": 3, "_timestamp": 1650538847, "_step": 0, "_wandb": {"runtime": 3}}