{"MAE": 21.63277900426229, "RMSE": 27.626038614611637, "MRAE": 0.3807375947214356, "JSD": Infinity, "R^2-Score": 0.40267897301994593, "MEAPE-mu": 0.42937700912677856, "MEAPE-std": 0.3224549489030529, "_runtime": 84, "_timestamp": 1645351503, "_step": 0, "_wandb": {"runtime": 85}}