{"ARI": 0.6745352617689488, "NMI": 0.5347722810821881, "JSD": 0.11611521299791594, "Precision": 0.8982270691290924, "Recall": 0.8996692392502756, "F1-Score": 0.8977523067222087, "ROC AUC": 0.9553699984421316, "Accuracy": 0.8996692392502756, "MEAPE-mu": 2.146982821474464, "MEAPE-std": 1.1520370530559398, "_runtime": 6, "_timestamp": 1654102532, "_step": 0, "_wandb": {"runtime": 7}}