{"ARI": 0.0, "NMI": 0.0, "JSD": 0.17878432623971877, "Precision": 0.49, "Recall": 0.7, "F1-Score": 0.5764705882352941, "ROC AUC": 0.5009805613066483, "Accuracy": 0.7, "MEAPE-mu": 33.87159283336012, "MEAPE-std": 6.963805967426532, "_runtime": 5, "_timestamp": 1646932648, "_step": 0, "_wandb": {"runtime": 5}}