{"ARI": 0.0, "NMI": 0.0, "JSD": 0.1780825084701762, "Precision": 0.3832618155944979, "Recall": 0.6190814288883958, "F1-Score": 0.4734311798729381, "ROC AUC": 0.5783306260926903, "Accuracy": 0.6190814288883958, "MEAPE-mu": 39.25555333440331, "MEAPE-std": 0.22255193059503015, "_runtime": 1491, "_timestamp": 1646036836, "_step": 0, "_wandb": {"runtime": 1491}}