{"ARI": 0.08066411455329245, "NMI": 0.02604849212888485, "JSD": 0.21221180472638287, "Precision": 0.6281924459789736, "Recall": 0.5442945679912504, "F1-Score": 0.5779954228513655, "ROC AUC": 0.6390667365259589, "Accuracy": 0.5442945679912504, "MEAPE-mu": 2.6744185956088806, "MEAPE-std": 0.8449045144512397, "_runtime": 5, "_timestamp": 1645475082, "_step": 0, "_wandb": {"runtime": 5}}