{"ARI": 0.18902292720074385, "NMI": 0.09496768807064483, "JSD": 0.20546099617832883, "Precision": 0.7277041181115208, "Recall": 0.7450695036884629, "F1-Score": 0.7247812470239967, "ROC AUC": 0.7759681167294222, "Accuracy": 0.7450695036884629, "MEAPE-mu": 14.234317893234309, "MEAPE-std": 0.3469376015129966, "_runtime": 9, "_timestamp": 1646850045, "_step": 0, "_wandb": {"runtime": 10}}