{"MAE": 22.031023612629852, "MRAE": 0.3889111498915926, "R^2-Score": 0.38392617490811976, "MEAPE-mu": 0.8171204862965449, "MEAPE-std": 0.37904757059662275, "RMSE": 28.27756366043556, "JSD": Infinity, "_runtime": 3, "_timestamp": 1646320694, "_step": 0, "_wandb": {"runtime": 4}}