{"ARI": 0.19133995773114335, "NMI": 0.09635691284274214, "JSD": 0.20534407836257357, "Precision": 0.7285865463562953, "Recall": 0.7456844640706544, "F1-Score": 0.7261767366335976, "ROC AUC": 0.7734880825929544, "Accuracy": 0.7456844640706544, "MEAPE-mu": 13.861599337113448, "MEAPE-std": 0.4058172292594967, "_runtime": 10, "_timestamp": 1646849979, "_step": 0, "_wandb": {"runtime": 10}}