{"ARI": 0.040813985686377695, "NMI": 0.02283255682842683, "JSD": 0.2220555171278426, "Precision": 0.5582015507082334, "Recall": 0.6041712891058354, "F1-Score": 0.5435700696281619, "ROC AUC": 0.5959915447887821, "Accuracy": 0.6041712891058354, "MEAPE-mu": 22.2056047360795, "MEAPE-std": 0.34396269320713413, "_runtime": 5, "_timestamp": 1645720968, "_step": 0, "_wandb": {"runtime": 6}}