{"MAE": 23.04189924503444, "MRAE": 0.49916697764285484, "R^2-Score": 0.05722617416859144, "MEAPE-mu": 7.750840512512877, "MEAPE-std": 5.578166304559601, "RMSE": 29.20598534019827, "JSD": 0.14545344866006746, "_runtime": 15, "_timestamp": 1646310427, "_step": 0, "_wandb": {"runtime": 13}}