{"ARI": 0.033744418981638755, "NMI": 0.026096449032269, "JSD": 0.1789769873188652, "Precision": 0.6654479538169097, "Recall": 0.7038454528886459, "F1-Score": 0.5958869064967334, "ROC AUC": 0.7022898683636868, "Accuracy": 0.7038454528886459, "MEAPE-mu": 32.75964466262532, "MEAPE-std": 0.5433278416231795, "_runtime": 6, "_timestamp": 1646919790, "_step": 0, "_wandb": {"runtime": 5}}