{"MAE": 25.404502868652344, "RMSE": 31.93659394401382, "MRAE": 0.3833514906766196, "JSD": 0.13548782461576014, "R^2-Score": 0.22258484469610484, "MEAPE-mu": 6.278262137385284, "MEAPE-std": 5.111848089491303, "_runtime": 2, "_timestamp": 1645190327, "_step": 0, "_wandb": {"runtime": 3}}