{"ARI": 0.12034088780670538, "NMI": 0.09420969037852893, "JSD": 0.20205751293012997, "Precision": 0.6498759305210917, "Recall": 0.7096774193548387, "F1-Score": 0.6668074547278391, "ROC AUC": 0.7056294433428446, "Accuracy": 0.7096774193548387, "MEAPE-mu": 15.707348285657199, "MEAPE-std": 8.455307638771355, "_runtime": 5, "_timestamp": 1645460861, "_step": 0, "_wandb": {"runtime": 5}}