{"ARI": -0.039172716697289986, "NMI": 0.03647343611074813, "JSD": 0.2131200434978488, "Precision": 0.37352134137497495, "Recall": 0.5795873086310184, "F1-Score": 0.4542781748175473, "ROC AUC": 0.5105166010893921, "Accuracy": 0.5795873086310184, "MEAPE-mu": 34.47529676045794, "MEAPE-std": 0.2775343666436547, "_runtime": 6, "_timestamp": 1646916585, "_step": 0, "_wandb": {"runtime": 5}}