{"ARI": 0.606542366120649, "NMI": 0.48647362958470874, "JSD": 0.12766707853964032, "Precision": 0.8821453183990251, "Recall": 0.8796937659496901, "F1-Score": 0.873572937216232, "ROC AUC": 0.9542731643455834, "Accuracy": 0.8796937659496901, "MEAPE-mu": 7.286398796911141, "MEAPE-std": 0.495229608015791, "_runtime": 20, "_timestamp": 1646865979, "_step": 0, "_wandb": {"runtime": 21}}