{"MAE": 23.770653368487068, "RMSE": 29.400042904663643, "MRAE": 0.4029429735387189, "JSD": 0.1406957189658205, "R^2-Score": 0.09602827709130501, "MEAPE-mu": 5.633485672479871, "MEAPE-std": 4.649828137941667, "_runtime": 2, "_timestamp": 1645185930, "_step": 0, "_wandb": {"runtime": 3}}