{"ARI": 0.535497472650136, "NMI": 0.3868177092663428, "JSD": 0.13993779120346334, "Precision": 0.845718043921915, "Recall": 0.850555859303809, "F1-Score": 0.8443845939051342, "ROC AUC": 0.9174216722175965, "Accuracy": 0.850555859303809, "MEAPE-mu": 6.183839814689935, "MEAPE-std": 0.6380779259014656, "_runtime": 278, "_timestamp": 1647580527, "_step": 0, "_wandb": {"runtime": 278}}