{"MAE": 20.287980741160396, "RMSE": 24.676451941298193, "MRAE": 0.4062501089640284, "JSD": 0.12483970540047205, "R^2-Score": 0.5781124570309921, "MEAPE-mu": 5.026603405628518, "MEAPE-std": 3.670095855787922, "_runtime": 2, "_timestamp": 1645103202, "_step": 4}