{"ARI": 0.2433241619949543, "NMI": 0.22656686657738498, "JSD": 0.17091507466352474, "Precision": 0.6554062145975237, "Recall": 0.7297537164410917, "F1-Score": 0.675968961523154, "ROC AUC": 0.7014491014261559, "Accuracy": 0.7297537164410917, "MEAPE-mu": 17.42767927495981, "MEAPE-std": 0.2690282777687104, "_runtime": 118, "_timestamp": 1648219854, "_step": 0, "_wandb": {"runtime": 118}}