{"ARI": 0.04858413212511408, "NMI": 0.01686302017819539, "JSD": 0.20860037122199337, "Precision": 0.6556363290515553, "Recall": 0.7022280208751506, "F1-Score": 0.6281190415487231, "ROC AUC": 0.6449678334131488, "Accuracy": 0.7022280208751506, "MEAPE-mu": 29.317106315621363, "MEAPE-std": 0.35256868978493777, "_runtime": 3, "_timestamp": 1645605940, "_step": 0, "_wandb": {"runtime": 4}}