{"MAE": 31.711577546039496, "MRAE": 0.672089625555503, "R^2-Score": 0.02138181279772322, "MEAPE-mu": 1.7134651995312888, "MEAPE-std": 0.3252502783631172, "RMSE": 38.255658753570366, "JSD": 0.1945851735174239, "_runtime": 3, "_timestamp": 1645989681, "_step": 0, "_wandb": {"runtime": 4}}