{"ARI": 0.35242213888847973, "NMI": 0.2238746540704735, "JSD": 0.16749875939212377, "Precision": 0.7707367476940195, "Recall": 0.7829019321910318, "F1-Score": 0.7652660421923151, "ROC AUC": 0.7775859091303292, "Accuracy": 0.7829019321910318, "MEAPE-mu": 12.504402375144148, "MEAPE-std": 0.603605424609009, "_runtime": 22, "_timestamp": 1646029282, "_step": 0, "_wandb": {"runtime": 23}}