{"MAE": 25.620080012546772, "MRAE": 0.45414197051211413, "R^2-Score": -0.05948735533419258, "MEAPE-mu": 4.349099848925414, "MEAPE-std": 0.249105133778183, "RMSE": 32.26169720907725, "JSD": 0.16443925994284747, "_runtime": 2870, "_timestamp": 1649113820, "_step": 0, "_wandb": {"runtime": 2871}}