{"MAE": 22.362714234221983, "MRAE": 0.3833622025206845, "R^2-Score": 0.36127544686410484, "MEAPE-mu": 0.4528491288152026, "MEAPE-std": 0.30558458409753786, "RMSE": 28.555173199989905, "JSD": Infinity, "_runtime": 4, "_timestamp": 1646321486, "_step": 0, "_wandb": {"runtime": 4}}