{"ARI": 0.10705567964056831, "NMI": 0.04674129205770247, "JSD": 0.19670625306051298, "Precision": 0.6351653926417508, "Recall": 0.7133406835722161, "F1-Score": 0.651152639113401, "ROC AUC": 0.7099349835298483, "Accuracy": 0.7133406835722161, "MEAPE-mu": 21.573223142145395, "MEAPE-std": 1.7763842855101264, "_runtime": 3, "_timestamp": 1654268777, "_step": 0, "_wandb": {"runtime": 4}}