{"MAE": 13.171257089175452, "MRAE": 0.19039094234448137, "R^2-Score": 0.7253601205098292, "MEAPE-mu": 0.32809117373897334, "MEAPE-std": 0.2266529767565195, "RMSE": 18.552298178819928, "JSD": Infinity, "_runtime": 1209, "_timestamp": 1646539041, "_step": 0, "_wandb": {"runtime": 1209}}