{"ARI": 0.22662093009839346, "NMI": 0.26008262575190966, "JSD": 0.1872704606247318, "Precision": 0.7550920119419147, "Recall": 0.696072775682272, "F1-Score": 0.6458147673096567, "ROC AUC": 0.6799916278411903, "Accuracy": 0.696072775682272, "MEAPE-mu": 25.33172642429994, "MEAPE-std": 0.2826406174167582, "_runtime": 1498, "_timestamp": 1648231549, "_step": 0, "_wandb": {"runtime": 1498}}