{"ARI": -0.00463723232762745, "NMI": 0.000604855088181503, "JSD": Infinity, "Precision": 0.5595948933669085, "Recall": 0.6895167360867165, "F1-Score": 0.5794451157475474, "ROC AUC": 0.47733770373048906, "Accuracy": 0.6895167360867165, "MEAPE-mu": 140.1620343725499, "MEAPE-std": 3.5464354742562985, "_runtime": 84, "_timestamp": 1653692734, "_step": 0, "_wandb": {"runtime": 85}}