{"ARI": 0.61705708325292, "NMI": 0.4954212607825644, "JSD": 0.12571835715551663, "Precision": 0.8851595236915129, "Recall": 0.8827925628873496, "F1-Score": 0.8768997612671839, "ROC AUC": 0.9545980790637449, "Accuracy": 0.8827925628873496, "MEAPE-mu": 7.103413908969003, "MEAPE-std": 0.5498024534894043, "_runtime": 21, "_timestamp": 1646866062, "_step": 0, "_wandb": {"runtime": 21}}