{"MAE": 22.033323465701848, "RMSE": 28.041745068730904, "MRAE": 0.4329276330360759, "JSD": 0.12479317064801604, "R^2-Score": 0.5671832947327746, "MEAPE-mu": 5.132028610197954, "MEAPE-std": 4.04952003158411, "_runtime": 2, "_timestamp": 1645185997, "_step": 0, "_wandb": {"runtime": 3}}