{"ARI": 0.16585338649861975, "NMI": 0.1955251972331976, "JSD": 0.16200029282289047, "Precision": 0.7163515016685206, "Recall": 0.7419354838709677, "F1-Score": 0.6693906810035842, "ROC AUC": 0.7264592933947772, "Accuracy": 0.7419354838709677, "MEAPE-mu": 25.957847034232092, "MEAPE-std": 6.817709834888396, "_runtime": 1, "_timestamp": 1645453531, "_step": 0, "_wandb": {"runtime": 3}}