{"ARI": 0.13725490196078433, "NMI": 0.1439034471387111, "JSD": 0.1755894545174028, "Precision": 0.8333333333333333, "Recall": 0.7857142857142857, "F1-Score": 0.7187500000000001, "ROC AUC": 0.802721088435374, "Accuracy": 0.7857142857142857, "MEAPE-mu": 28.567172943566806, "MEAPE-std": 7.005570587953917, "_runtime": 5, "_timestamp": 1645514201, "_step": 0, "_wandb": {"runtime": 6}}