{"MAE": 28.011754654683923, "MRAE": 0.6936058423180141, "R^2-Score": 0.00938247458270336, "MEAPE-mu": 11.244566570267061, "MEAPE-std": 0.35521449966441704, "RMSE": 34.00275030724663, "JSD": 0.17318189729720226, "_runtime": 12, "_timestamp": 1645991701, "_step": 0, "_wandb": {"runtime": 12}}