{"MAE": 26.670729832722007, "MRAE": 0.4266927015195465, "R^2-Score": 0.3348671499013265, "MEAPE-mu": 6.639878730354755, "MEAPE-std": 5.158368914601249, "RMSE": 36.05436613149814, "JSD": 0.14370987569349464, "_runtime": 3, "_timestamp": 1646297843, "_step": 0, "_wandb": {"runtime": 4}}