{"ARI": 0.7643159229943698, "NMI": 0.6434818613294143, "JSD": 0.099369024830772, "Precision": 0.9277981424990012, "Recall": 0.9281808239154211, "F1-Score": 0.9279215901837103, "ROC AUC": 0.9850742328206649, "Accuracy": 0.9281808239154211, "MEAPE-mu": 0.920252351466463, "MEAPE-std": 0.3805350242881045, "_runtime": 389, "_timestamp": 1653420154, "_step": 0, "_wandb": {"runtime": 391}}