{"ARI": 0.00841413592351142, "NMI": 0.0004215012404527407, "JSD": Infinity, "Precision": 0.6340130817147931, "Recall": 0.6233484519818576, "F1-Score": 0.6284406693545328, "ROC AUC": 0.5143743370805943, "Accuracy": 0.6233484519818576, "MEAPE-mu": 8.100925908623172, "MEAPE-std": 2.923731712648213, "_runtime": 17, "_timestamp": 1653731010, "_step": 0, "_wandb": {"runtime": 19}}