{"ARI": 0.0948725495298833, "NMI": 0.03344318774494862, "JSD": 0.20301103384515928, "Precision": 0.6350939102828707, "Recall": 0.6963179001093693, "F1-Score": 0.6361625613474472, "ROC AUC": 0.6703028230913375, "Accuracy": 0.6963179001093693, "MEAPE-mu": 21.12031422384466, "MEAPE-std": 0.7021440710606178, "_runtime": 138, "_timestamp": 1645471906, "_step": 0, "_wandb": {"runtime": 139}}