{"MAE": 17.175195882749133, "MRAE": 0.30894720984067986, "R^2-Score": 0.572834197240716, "MEAPE-mu": 0.33538189388773504, "MEAPE-std": 0.2117240694439708, "RMSE": 23.42438649236959, "JSD": 0.10808857434443774, "_runtime": 262, "_timestamp": 1646354747, "_step": 0, "_wandb": {"runtime": 263}}