{"ARI": 0.351961130092022, "NMI": 0.22172715372146848, "JSD": 0.16788842255461217, "Precision": 0.7699994524386017, "Recall": 0.7813012575177692, "F1-Score": 0.7650223647930743, "ROC AUC": 0.7725216828057555, "Accuracy": 0.7813012575177692, "MEAPE-mu": 12.114455535529073, "MEAPE-std": 0.7298304611616672, "_runtime": 22, "_timestamp": 1646029195, "_step": 0, "_wandb": {"runtime": 23}}