{"ARI": 0.17898776849972825, "NMI": 0.12480443880841229, "JSD": 0.19534116060717063, "Precision": 0.6088257391896579, "Recall": 0.6518304859108054, "F1-Score": 0.5684261182494967, "ROC AUC": 0.6439650082813523, "Accuracy": 0.6518304859108054, "MEAPE-mu": 26.396818439539846, "MEAPE-std": 0.29726730651654054, "_runtime": 5777, "_timestamp": 1649383460, "_step": 0, "_wandb": {"runtime": 5776}}