{"ARI": 0.1469459143427537, "NMI": 0.10652650705254109, "JSD": 0.1841649726874579, "Precision": 0.5398401756499854, "Recall": 0.6320834257821167, "F1-Score": 0.5395152580958616, "ROC AUC": 0.7723249400891542, "Accuracy": 0.6320834257821167, "MEAPE-mu": 30.281286546815167, "MEAPE-std": 0.3143127554273556, "_runtime": 5, "_timestamp": 1646930731, "_step": 0, "_wandb": {"runtime": 5}}