{"ARI": 0.9995270971350012, "NMI": 0.9986634395992292, "JSD": 0.004599196853616003, "Precision": 0.9998669405376845, "Recall": 0.9998668737519414, "F1-Score": 0.9998668832944714, "ROC AUC": 0.9999790342651913, "Accuracy": 0.9998668737519414, "MEAPE-mu": 0.016232541737053935, "MEAPE-std": 0.009069405470034623, "_runtime": 2253, "_timestamp": 1649275919, "_step": 0, "_wandb": {"runtime": 2253}}