{"MAE": 23.316508800507396, "RMSE": 28.421289054559303, "MRAE": 0.3816457154194268, "JSD": 0.12666942096884043, "R^2-Score": 0.48311123118870036, "MEAPE-mu": 5.073333877235324, "MEAPE-std": 3.722358802729831, "_runtime": 1, "_timestamp": 1645118165, "_step": 0, "_wandb": {"runtime": 3}}