{"ARI": 0.15127328012162675, "NMI": 0.08427840816150067, "JSD": 0.1965946104657471, "Precision": 0.7409372236958444, "Recall": 0.7586206896551724, "F1-Score": 0.7166010805042353, "ROC AUC": 0.6607142857142857, "Accuracy": 0.7586206896551724, "MEAPE-mu": 21.508241170150903, "MEAPE-std": 8.958647463670287, "_runtime": 5, "_timestamp": 1645514165, "_step": 0, "_wandb": {"runtime": 6}}