{"ARI": 0.030102260052367935, "NMI": 0.038867088180905535, "JSD": 0.23015377128933764, "Precision": 0.512242418978717, "Recall": 0.5960062125582427, "F1-Score": 0.5470241013296991, "ROC AUC": 0.6303910280578978, "Accuracy": 0.5960062125582427, "MEAPE-mu": 12.770421300739965, "MEAPE-std": 0.38655775223075145, "_runtime": 170, "_timestamp": 1648219564, "_step": 0, "_wandb": {"runtime": 169}}