{"MAE": 18.317674725409503, "RMSE": 22.27499170297796, "MRAE": 0.2812169470863246, "JSD": 0.10116214615141124, "R^2-Score": 0.0332344036791592, "MEAPE-mu": 7.172874791683582, "MEAPE-std": 4.6507312024554395, "_runtime": 2, "_timestamp": 1645188798, "_step": 0, "_wandb": {"runtime": 3}}