{"ARI": -0.040386803185438, "NMI": 0.027484918779312785, "JSD": 0.20944826763924562, "Precision": 0.45161290322580644, "Recall": 0.6451612903225806, "F1-Score": 0.5313092979127134, "ROC AUC": 0.4284253034772936, "Accuracy": 0.6451612903225806, "MEAPE-mu": 32.05935084482817, "MEAPE-std": 8.34382991588408, "_runtime": 6, "_timestamp": 1646943047, "_step": 0, "_wandb": {"runtime": 6}}