{"MAE": 26.19364994964939, "MRAE": 0.4594047620661071, "R^2-Score": -0.12549239965148118, "MEAPE-mu": 6.960876531761908, "MEAPE-std": 5.012197090483475, "RMSE": 32.805134653373415, "JSD": 0.15431268751377653, "_runtime": 3, "_timestamp": 1646480247, "_step": 0, "_wandb": {"runtime": 4}}