{"ARI": 0.0, "NMI": 3.810607762955642e-15, "JSD": 0.17799935330773808, "Precision": 0.481817170515503, "Recall": 0.6941305140357273, "F1-Score": 0.5688076172687863, "ROC AUC": 0.6869571416313365, "Accuracy": 0.6941305140357273, "MEAPE-mu": 34.879500644714646, "MEAPE-std": 0.4846384668797846, "_runtime": 5, "_timestamp": 1646917415, "_step": 0, "_wandb": {"runtime": 5}}