{"ARI": 0.1390216020775296, "NMI": 0.07107726004726565, "JSD": 0.19811952575857839, "Precision": 0.6485593563585403, "Recall": 0.7199558985667034, "F1-Score": 0.6716560076893356, "ROC AUC": 0.7161697956368466, "Accuracy": 0.7199558985667034, "MEAPE-mu": 16.46745837824996, "MEAPE-std": 1.8492591772027267, "_runtime": 4, "_timestamp": 1654269788, "_step": 0, "_wandb": {"runtime": 4}}