{"MAE": 22.762790745597833, "RMSE": 28.202114099095294, "MRAE": 0.38407110328738703, "JSD": 0.12276528049139566, "R^2-Score": 0.39376760439234615, "MEAPE-mu": 6.497412240192711, "MEAPE-std": 5.258460769778252, "_runtime": 2, "_timestamp": 1645188852, "_step": 0, "_wandb": {"runtime": 3}}