{"ARI": 0.0, "NMI": 7.024775910151136e-16, "JSD": 0.1813021946042139, "Precision": 0.4588969823100936, "Recall": 0.6774193548387096, "F1-Score": 0.5471464019851118, "ROC AUC": 0.7072786187551386, "Accuracy": 0.6774193548387096, "MEAPE-mu": 36.237188907312266, "MEAPE-std": 5.8228439172685755, "_runtime": 16, "_timestamp": 1646936191, "_step": 0, "_wandb": {"runtime": 16}}