{"ARI": -0.0376375624379323, "NMI": 0.04536095476391479, "JSD": 0.24156268692861735, "Precision": 0.4335100847621885, "Recall": 0.5061016197026847, "F1-Score": 0.4551969890190351, "ROC AUC": 0.6027144973022152, "Accuracy": 0.5061016197026847, "MEAPE-mu": 20.521106387029807, "MEAPE-std": 0.35549995117679867, "_runtime": 8, "_timestamp": 1646930128, "_step": 0, "_wandb": {"runtime": 9}}