{"MAE": 28.296538381602883, "RMSE": 37.24692884343817, "MRAE": 0.47911749582677987, "JSD": Infinity, "R^2-Score": 0.2565807936530099, "MEAPE-mu": 4.982703658798438, "MEAPE-std": 0.5208460936501798, "_runtime": 6, "_timestamp": 1645517947, "_step": 0, "_wandb": {"runtime": 5}}