{"ARI": 0.04246294754211699, "NMI": 0.0248448296609273, "JSD": 0.22116528632869534, "Precision": 0.562283602676438, "Recall": 0.6063456844907921, "F1-Score": 0.5454620382250885, "ROC AUC": 0.6008199634933622, "Accuracy": 0.6063456844907921, "MEAPE-mu": 22.361951904288834, "MEAPE-std": 0.40038687708841453, "_runtime": 3, "_timestamp": 1645985140, "_step": 0, "_wandb": {"runtime": 5}}