{"ARI": -0.02771801037843311, "NMI": 0.013695415319760882, "JSD": Infinity, "Precision": 0.6443438914027149, "Recall": 0.5333333333333333, "F1-Score": 0.5502262443438913, "ROC AUC": 0.5793650793650794, "Accuracy": 0.5333333333333333, "MEAPE-mu": Infinity, "MEAPE-std": NaN, "_runtime": 4, "_timestamp": 1653672029, "_step": 0, "_wandb": {"runtime": 5}}