{"ARI": 0.001769017550501082, "NMI": 0.00048456985851420603, "JSD": 0.21068938901053957, "Precision": 0.4639568656081875, "Recall": 0.5997781229199024, "F1-Score": 0.49349252478721267, "ROC AUC": 0.5542675909576127, "Accuracy": 0.5997781229199024, "MEAPE-mu": 31.34894502684602, "MEAPE-std": 0.270750607017599, "_runtime": 4, "_timestamp": 1645737662, "_step": 0, "_wandb": {"runtime": 5}}