{"ARI": 0.028640317328201503, "NMI": 0.024713702844435123, "JSD": 0.17834997457399346, "Precision": 0.6740957657736625, "Recall": 0.7028800583302953, "F1-Score": 0.5923821631368826, "ROC AUC": 0.7010333275256574, "Accuracy": 0.7028800583302953, "MEAPE-mu": 33.13297096352539, "MEAPE-std": 0.5166261308390842, "_runtime": 5, "_timestamp": 1646919853, "_step": 0, "_wandb": {"runtime": 5}}