{"ARI": -0.046833514165832535, "NMI": 0.04692790685864965, "JSD": 0.19000869115120955, "Precision": 0.7949561947065966, "Recall": 0.3518667201926937, "F1-Score": 0.2408640091720704, "ROC AUC": 0.7669045464186915, "Accuracy": 0.3518667201926937, "MEAPE-mu": 81.06494022890266, "MEAPE-std": 0.6818047503072482, "_runtime": 5, "_timestamp": 1646914127, "_step": 0, "_wandb": {"runtime": 5}}