{"MAE": 25.02575809211598, "MRAE": 0.4414359752554045, "R^2-Score": 0.22610518767079746, "MEAPE-mu": 6.007150324585407, "MEAPE-std": 5.502716877953351, "RMSE": 31.86420319624908, "JSD": 0.14152404844209454, "_runtime": 3, "_timestamp": 1646480923, "_step": 0, "_wandb": {"runtime": 4}}