{"MAE": 0.002812241557222056, "MRAE": 2.539158859679372e-05, "R^2-Score": 0.9999966198262555, "MEAPE-mu": 0.0007720909295543063, "MEAPE-std": 0.0005297051118947566, "RMSE": 0.06308315957275283, "JSD": 0.00024963726222873274, "_runtime": 4973, "_timestamp": 1648377184, "_step": 0, "_wandb": {"runtime": 4973}}