{"MAE": 25.643812544929784, "MRAE": 0.5200424236155137, "R^2-Score": 0.47065856979118703, "MEAPE-mu": 5.076318464987435, "MEAPE-std": 4.128187702937164, "RMSE": 30.70426168724352, "JSD": 0.14115877997049772, "_runtime": 3, "_timestamp": 1646315999, "_step": 0, "_wandb": {"runtime": 4}}