{"ARI": -5.7361304682405555e-05, "NMI": 5.854334307497643e-05, "JSD": Infinity, "Precision": 0.4900667472407983, "Recall": 0.7000050183168566, "F1-Score": 0.5765184794851901, "ROC AUC": 0.515748241616759, "Accuracy": 0.7000050183168566, "MEAPE-mu": 149.87506112757492, "MEAPE-std": 3.851592520397466, "_runtime": 5, "_timestamp": 1653982387, "_step": 0, "_wandb": {"runtime": 5}}