{"ARI": 0.0, "NMI": 1.6358757808590291e-15, "JSD": Infinity, "Precision": 0.4900983590101402, "Recall": 0.7000702529104778, "F1-Score": 0.5765624781341878, "ROC AUC": 0.5280361688481928, "Accuracy": 0.7000702529104778, "MEAPE-mu": 149.25685808184645, "MEAPE-std": 3.9805500091192423, "_runtime": 5, "_timestamp": 1653982331, "_step": 0, "_wandb": {"runtime": 5}}