{"ARI": 0.040124792539804145, "NMI": 0.025683576431312596, "JSD": 0.22230799712988888, "Precision": 0.5602781068489388, "Recall": 0.6037275349456401, "F1-Score": 0.5422321376838076, "ROC AUC": 0.5984209547289548, "Accuracy": 0.6037275349456401, "MEAPE-mu": 22.689574622864594, "MEAPE-std": 0.39075827824908177, "_runtime": 5, "_timestamp": 1645720981, "_step": 0, "_wandb": {"runtime": 6}}