{"MAE": 0.004285664606209335, "MRAE": 4.0225405963340705e-05, "R^2-Score": 0.9999860634836523, "MEAPE-mu": 0.0009691551186334275, "MEAPE-std": 0.0008565499588140439, "RMSE": 0.12837088282829845, "JSD": 0.0005347382095522631, "_runtime": 5048, "_timestamp": 1648357477, "_step": 0, "_wandb": {"runtime": 5047}}