{"ARI": 0.009518013983703074, "NMI": 0.003060021704821492, "JSD": 0.23800811107845607, "Precision": 0.4945657705680642, "Recall": 0.5683159529620591, "F1-Score": 0.5119939977886929, "ROC AUC": 0.5403616379920487, "Accuracy": 0.5683159529620591, "MEAPE-mu": 16.584511038274837, "MEAPE-std": 0.4593626519701991, "_runtime": 4, "_timestamp": 1645987148, "_step": 0, "_wandb": {"runtime": 5}}