{"ARI": 0.07206304123854872, "NMI": 0.028577043474798357, "JSD": 0.21975000611219414, "Precision": 0.5331541218637993, "Recall": 0.6451612903225806, "F1-Score": 0.5773460410557185, "ROC AUC": 0.5126344086021505, "Accuracy": 0.6451612903225806, "MEAPE-mu": 18.274218072990813, "MEAPE-std": 9.01360017842883, "_runtime": 19, "_timestamp": 1645475125, "_step": 0, "_wandb": {"runtime": 19}}