{"MAE": 19.570575646897442, "MRAE": 0.36677044097533495, "R^2-Score": 0.5356318874407351, "MEAPE-mu": 3.135738605519717, "MEAPE-std": 0.39010033486583306, "RMSE": 24.498212738551373, "JSD": 0.1124957744861925, "_runtime": 10, "_timestamp": 1646487112, "_step": 0, "_wandb": {"runtime": 10}}