{"MAE": 20.425113972948978, "RMSE": 27.56662043973097, "MRAE": 0.36272332410881203, "JSD": 0.12442657620349735, "R^2-Score": 0.3885789595699516, "MEAPE-mu": 5.021017307266846, "MEAPE-std": 4.188558847104914, "_runtime": 5, "_timestamp": 1645433119, "_step": 0, "_wandb": {"runtime": 5}}