{"ARI": 0.31627087635545004, "NMI": 0.1934951225092192, "JSD": 0.18390388482146747, "Precision": 0.7882105371168525, "Recall": 0.7961661983139301, "F1-Score": 0.785846997588302, "ROC AUC": 0.8805661350135019, "Accuracy": 0.7961661983139301, "MEAPE-mu": 10.218099471789639, "MEAPE-std": 0.34185536657351634, "_runtime": 5, "_timestamp": 1645796652, "_step": 0, "_wandb": {"runtime": 6}}