{"ARI": 0.13749910540644084, "NMI": 0.05961456012859757, "JSD": 0.20793640158501053, "Precision": 0.6709053339975279, "Recall": 0.7023153252480706, "F1-Score": 0.6675182473383817, "ROC AUC": 0.7158489723802742, "Accuracy": 0.7023153252480706, "MEAPE-mu": 11.644123709658825, "MEAPE-std": 1.9589065541082755, "_runtime": 3, "_timestamp": 1654268764, "_step": 0, "_wandb": {"runtime": 4}}