{"ARI": 0.07869401423189619, "NMI": 0.10305887554617958, "JSD": 0.170420714093647, "Precision": 0.7, "Recall": 0.7096774193548387, "F1-Score": 0.6143263757115749, "ROC AUC": 0.6556259600614439, "Accuracy": 0.7096774193548387, "MEAPE-mu": 30.678580570462405, "MEAPE-std": 6.630403370000451, "_runtime": 5, "_timestamp": 1646942209, "_step": 0, "_wandb": {"runtime": 5}}