{"ARI": -0.010098455424601357, "NMI": 0.0012743815878700935, "JSD": Infinity, "Precision": 0.563621792642536, "Recall": 0.5668406262545163, "F1-Score": 0.5652028884552065, "ROC AUC": 0.4629416346634574, "Accuracy": 0.5668406262545163, "MEAPE-mu": 4.099885993973129, "MEAPE-std": 2.1093470553029134, "_runtime": 65, "_timestamp": 1653686868, "_step": 0, "_wandb": {"runtime": 66}}