{"MAE": 30.523333333333333, "MRAE": 0.4083480778391941, "R^2-Score": 0.08025747107746495, "MEAPE-mu": 12.351438765176095, "MEAPE-std": 6.257271842394157, "RMSE": 40.732980085756886, "JSD": 0.15402966862914977, "_runtime": 8, "_timestamp": 1646306328, "_step": 0, "_wandb": {"runtime": 4}}