{"ARI": 0.12272751347328263, "NMI": 0.06002535920996305, "JSD": 0.19380340147527617, "Precision": 0.6792365119421865, "Recall": 0.7158220925993438, "F1-Score": 0.6554700219018904, "ROC AUC": 0.7060854433304069, "Accuracy": 0.7158220925993438, "MEAPE-mu": 21.598427954969182, "MEAPE-std": 0.6706393430634032, "_runtime": 242, "_timestamp": 1645497011, "_step": 0, "_wandb": {"runtime": 243}}