{"MAE": 25.500035210512756, "MRAE": 0.5237463780513363, "R^2-Score": 0.16636662654665013, "MEAPE-mu": 11.084072190029612, "MEAPE-std": 7.103581330497155, "RMSE": 30.23576151508579, "JSD": 0.14521704879676925, "_runtime": 3, "_timestamp": 1646304241, "_step": 0, "_wandb": {"runtime": 4}}