{"ARI": 0.04680453792990011, "NMI": 0.10737414353486924, "JSD": 0.2134188040722899, "Precision": 0.5954368047656194, "Recall": 0.5921011759485245, "F1-Score": 0.5713564285979793, "ROC AUC": 0.5812579375168937, "Accuracy": 0.5921011759485245, "MEAPE-mu": 17.450301695651387, "MEAPE-std": 0.3635649233201615, "_runtime": 248, "_timestamp": 1647634401, "_step": 0, "_wandb": {"runtime": 248}}