{"MAE": 23.879702864621756, "RMSE": 29.888262433487625, "MRAE": 0.4668892027369226, "JSD": 0.13465841040381596, "R^2-Score": 0.2883796809507093, "MEAPE-mu": 5.673888470947098, "MEAPE-std": 0.45195367187391977, "_runtime": 8, "_timestamp": 1645221230, "_step": 0, "_wandb": {"runtime": 8}}