{"MAE": 21.049692659726816, "MRAE": 0.3952878383929786, "R^2-Score": 0.4348644691677952, "MEAPE-mu": 0.46974396661161777, "MEAPE-std": 0.32325938659841347, "RMSE": 26.960555454179307, "JSD": Infinity, "_runtime": 3, "_timestamp": 1646317592, "_step": 0, "_wandb": {"runtime": 4}}