{"ARI": -0.08764387740951324, "NMI": 0.09137645098245958, "JSD": 0.6059644591636427, "Precision": 0.5580645161290323, "Recall": 0.16129032258064516, "F1-Score": 0.22994210090984285, "Accuracy": 0.16129032258064516, "MEAPE-mu": 66.43124073006985, "MEAPE-std": 9.589761549121858, "_runtime": 3, "_timestamp": 1645623613, "_step": 0, "_wandb": {"runtime": 4}}