{"MAE": 22.051639810295097, "MRAE": 0.490477465720941, "R^2-Score": 0.328588550152237, "MEAPE-mu": 0.2630768637883541, "MEAPE-std": 0.2005228216739414, "RMSE": 28.22957210178046, "JSD": Infinity, "_runtime": 2, "_timestamp": 1656326935, "_step": 0, "_wandb": {"runtime": 3}}