{"ARI": 0.20569519268672687, "NMI": 0.17360572242452238, "JSD": 0.19162473327880306, "Precision": 0.6630824372759857, "Recall": 0.7096774193548387, "F1-Score": 0.6483870967741936, "ROC AUC": 0.6560090922280795, "Accuracy": 0.7096774193548387, "MEAPE-mu": 24.057494771881267, "MEAPE-std": 8.862380921876968, "_runtime": 3, "_timestamp": 1645462201, "_step": 0, "_wandb": {"runtime": 4}}