{"MAE": 29.95058264806773, "RMSE": 35.907519468373636, "MRAE": 0.4781907823988235, "JSD": Infinity, "R^2-Score": 0.25017467863690457, "MEAPE-mu": 8.90454311610285, "MEAPE-std": 0.4813047144059425, "_runtime": 5, "_timestamp": 1645517983, "_step": 0, "_wandb": {"runtime": 6}}