{"ARI": 0.7300446756473116, "NMI": 0.6253251089352346, "JSD": 0.10307646442685704, "Precision": 0.911391736175079, "Recall": 0.911027290880852, "F1-Score": 0.911097725712916, "ROC AUC": 0.9817167715883809, "Accuracy": 0.911027290880852, "MEAPE-mu": 0.8576695822249747, "MEAPE-std": 0.2029706747464923, "_runtime": 792, "_timestamp": 1654110867, "_step": 0, "_wandb": {"runtime": 793}}