{"MAE": 0.08013756378966053, "MRAE": 0.0008591432120276339, "R^2-Score": 0.9984083657706982, "MEAPE-mu": 0.03711706031701882, "MEAPE-std": 0.013491053247993651, "RMSE": 1.3716850432948042, "JSD": 0.006173847337090448, "_runtime": 49, "_timestamp": 1649098878, "_step": 0, "_wandb": {"runtime": 48}}