{"ARI": 0.0, "NMI": 0.0, "JSD": 0.17878432623971877, "Precision": 0.49, "Recall": 0.7, "F1-Score": 0.5764705882352941, "ROC AUC": 0.8223429951690822, "Accuracy": 0.7, "MEAPE-mu": 33.75286958395598, "MEAPE-std": 6.5277605743240885, "_runtime": 3, "_timestamp": 1645458970, "_step": 0, "_wandb": {"runtime": 3}}