{"MAE": 22.50153741207179, "MRAE": 0.4759255593371569, "R^2-Score": 0.30606579520682964, "MEAPE-mu": 0.1730869104069203, "MEAPE-std": 0.14611002400020176, "RMSE": 28.82088578397582, "JSD": Infinity, "_runtime": 4, "_timestamp": 1646985600, "_step": 0, "_wandb": {"runtime": 5}}