{"ARI": 0.049079754601226995, "NMI": 0.22756339333617417, "JSD": 0.2722567970656806, "Precision": 0.8166666666666667, "Recall": 0.16666666666666666, "F1-Score": 0.25984848484848483, "Accuracy": 0.16666666666666666, "MEAPE-mu": 113.30718494356057, "MEAPE-std": 25.257989445955797, "_runtime": 3, "_timestamp": 1645623513, "_step": 0, "_wandb": {"runtime": 4}}