{"MAE": 20.883447236738316, "MRAE": 0.3837463655572554, "R^2-Score": 0.4425838000707917, "MEAPE-mu": 0.43737553684729163, "MEAPE-std": 0.31629964667536037, "RMSE": 26.86871126300263, "JSD": Infinity, "_runtime": 3, "_timestamp": 1646317345, "_step": 0, "_wandb": {"runtime": 4}}