{"ARI": 0.3359147574147755, "NMI": 0.19834765398465642, "JSD": 0.1762115845198158, "Precision": 0.8121403156388729, "Recall": 0.8223230132123841, "F1-Score": 0.8068130897367363, "ROC AUC": 0.8535403221248001, "Accuracy": 0.8223230132123841, "MEAPE-mu": 12.694164798599017, "MEAPE-std": 0.716562603004482, "_runtime": 30, "_timestamp": 1645782173, "_step": 0, "_wandb": {"runtime": 30}}