{"MAE": 25.0031306973283, "RMSE": 31.81347149586585, "MRAE": 0.465217033315597, "JSD": Infinity, "R^2-Score": 0.22719721929632097, "MEAPE-mu": 0.5578350692616535, "MEAPE-std": 0.38649391642504405, "_runtime": 4, "_timestamp": 1645429817, "_step": 0, "_wandb": {"runtime": 5}}