{"MAE": 24.96660383067948, "RMSE": 31.765230992447346, "MRAE": 0.4617852178460218, "JSD": Infinity, "R^2-Score": 0.23879951484855333, "MEAPE-mu": 0.4289114734802782, "MEAPE-std": 0.33634667480786345, "_runtime": 4, "_timestamp": 1645429829, "_step": 0, "_wandb": {"runtime": 5}}