{"ARI": 0.7217191957627977, "NMI": 0.6212121514558855, "JSD": 0.10568116711186909, "Precision": 0.909276378580275, "Recall": 0.9088528954958953, "F1-Score": 0.9089775140847197, "ROC AUC": 0.9802568940452129, "Accuracy": 0.9088528954958953, "MEAPE-mu": 0.7984458967520008, "MEAPE-std": 0.22505142867011052, "_runtime": 2874, "_timestamp": 1647136896, "_step": 0, "_wandb": {"runtime": 2875}}