{"ARI": -0.014143720243895649, "NMI": 0.11226704689503705, "JSD": 0.2254739283549662, "Precision": 0.45161290322580644, "Recall": 0.5806451612903226, "F1-Score": 0.5080645161290323, "ROC AUC": 0.5460445468509983, "Accuracy": 0.5806451612903226, "MEAPE-mu": 22.878271354483967, "MEAPE-std": 9.9216708862784, "_runtime": 1, "_timestamp": 1645452633, "_step": 0, "_wandb": {"runtime": 3}}