{"MAE": 19.008376206456624, "MRAE": 0.3336214436009902, "R^2-Score": 0.47902628599150787, "MEAPE-mu": 2.737542030671542, "MEAPE-std": 0.21301303827691592, "RMSE": 25.163746720126646, "JSD": Infinity, "_runtime": 6, "_timestamp": 1647416375, "_step": 0, "_wandb": {"runtime": 6}}