{"ARI": 0.12146560872024542, "NMI": 0.03356585016755301, "JSD": 0.20613530955880438, "Precision": 0.6274646799424355, "Recall": 0.6757200145825738, "F1-Score": 0.6373065100734138, "ROC AUC": 0.6687822246935962, "Accuracy": 0.6757200145825738, "MEAPE-mu": 16.969927341572614, "MEAPE-std": 0.7727579975762112, "_runtime": 3, "_timestamp": 1645474807, "_step": 0, "_wandb": {"runtime": 4}}