{"ARI": 0.1517738157084833, "NMI": 0.07531573120570537, "JSD": 0.19285427229792293, "Precision": 0.6942246624982644, "Recall": 0.7220196864746627, "F1-Score": 0.6690648454827772, "ROC AUC": 0.738547761645765, "Accuracy": 0.7220196864746627, "MEAPE-mu": 20.12351892256058, "MEAPE-std": 0.724149761424114, "_runtime": 50, "_timestamp": 1645558472, "_step": 0, "_wandb": {"runtime": 51}}