{"ARI": 0.265213601527626, "NMI": 0.1820626783559755, "JSD": 0.17441198019727516, "Precision": 0.7112242661044378, "Recall": 0.7695700110253583, "F1-Score": 0.7311985123387478, "ROC AUC": 0.8130228175957739, "Accuracy": 0.7695700110253583, "MEAPE-mu": 13.554419851858121, "MEAPE-std": 1.67174732261883, "_runtime": 4, "_timestamp": 1654101453, "_step": 0, "_wandb": {"runtime": 5}}