{"ARI": 0.13725490196078433, "NMI": 0.1439034471387111, "JSD": 0.17558945451740282, "Precision": 0.8333333333333333, "Recall": 0.7857142857142857, "F1-Score": 0.7187500000000001, "ROC AUC": 0.6938775510204082, "Accuracy": 0.7857142857142857, "MEAPE-mu": 28.0926996441736, "MEAPE-std": 7.126338155036066, "_runtime": 2, "_timestamp": 1645450828, "_step": 0, "_wandb": {"runtime": 3}}