{"ARI": -0.07617879151214343, "NMI": 0.049149825440437805, "JSD": 0.2269106178099123, "Precision": 0.44382647385984425, "Recall": 0.6129032258064516, "F1-Score": 0.5148387096774193, "ROC AUC": 0.427073732718894, "Accuracy": 0.6129032258064516, "MEAPE-mu": 26.377617145206, "MEAPE-std": 9.68424493785785, "_runtime": 15, "_timestamp": 1646936236, "_step": 0, "_wandb": {"runtime": 15}}