{"MAE": 30.480649646461526, "MRAE": 0.5545525092447618, "R^2-Score": 0.1541443425803205, "MEAPE-mu": 6.853921245258341, "MEAPE-std": 4.125126135874556, "RMSE": 36.841984204650764, "JSD": 0.15861147111822657, "_runtime": 3, "_timestamp": 1646297776, "_step": 0, "_wandb": {"runtime": 4}}