{"MAE": 26.835665132946424, "MRAE": 0.5882051193638774, "R^2-Score": 0.05978132069096409, "MEAPE-mu": 0.2550695198029472, "MEAPE-std": 0.20504939303152586, "RMSE": 33.186117713859126, "JSD": Infinity, "_runtime": 2, "_timestamp": 1645985543, "_step": 0, "_wandb": {"runtime": 4}}