{"MAE": 27.20711320157363, "RMSE": 33.58388362986046, "MRAE": 0.6207302250215245, "JSD": Infinity, "R^2-Score": 0.037154469039835214, "MEAPE-mu": 0.4298836085920821, "MEAPE-std": 0.2622220242981308, "_runtime": 4, "_timestamp": 1645193583, "_step": 0, "_wandb": {"runtime": 5}}