{"ARI": 0.0, "NMI": 0.0, "JSD": 0.18390779094047424, "Precision": 0.5625, "Recall": 0.75, "F1-Score": 0.6428571428571429, "ROC AUC": 0.6870748299319729, "Accuracy": 0.75, "MEAPE-mu": 32.78276168586848, "MEAPE-std": 8.111591950109215, "_runtime": 6, "_timestamp": 1646933433, "_step": 0, "_wandb": {"runtime": 5}}