{"MAE": 28.93842826121055, "MRAE": 0.6945060447179423, "R^2-Score": 0.3307294592923953, "MEAPE-mu": 6.699565926136932, "MEAPE-std": 4.905422122355767, "RMSE": 38.667405332595145, "JSD": 0.16356961837810338, "_runtime": 3, "_timestamp": 1646307078, "_step": 0, "_wandb": {"runtime": 4}}