{"ARI": -0.024066155641379584, "NMI": 0.022449352113063512, "JSD": 0.17685551143774797, "Precision": 0.7040959246144888, "Recall": 0.2697581539826936, "F1-Score": 0.12180329794671844, "ROC AUC": 0.6874705771628622, "Accuracy": 0.2697581539826936, "MEAPE-mu": 79.92847201943259, "MEAPE-std": 0.6102294016305055, "_runtime": 5, "_timestamp": 1646916982, "_step": 0, "_wandb": {"runtime": 5}}