{"ARI": 0.9981920437940908, "NMI": 0.9942148909571475, "JSD": 0.00715547344037187, "Precision": 0.9994532491928905, "Recall": 0.9994531534815895, "F1-Score": 0.9994531533111274, "ROC AUC": 0.9999946291316418, "Accuracy": 0.9994531534815895, "MEAPE-mu": 0.027397106400054723, "MEAPE-std": 0.022392874079920917, "_runtime": 98, "_timestamp": 1646792997, "_step": 0, "_wandb": {"runtime": 99}}