{"MAE": 0.3784452084258341, "MRAE": 0.005296535588145664, "R^2-Score": 0.9976176484857596, "MEAPE-mu": 0.07031832962961455, "MEAPE-std": 0.026864427256894374, "RMSE": 1.7418999010759064, "JSD": 0.007381528115426687, "_runtime": 2220, "_timestamp": 1646778101, "_step": 0, "_wandb": {"runtime": 2220}}