{"ARI": 0.7410824869435387, "NMI": 0.6246876936337957, "JSD": 0.09986801462389912, "Precision": 0.9125459341753589, "Recall": 0.9130685600177502, "F1-Score": 0.9122650575338523, "ROC AUC": 0.9841960298603633, "Accuracy": 0.9130685600177502, "MEAPE-mu": 2.377690703878204, "MEAPE-std": 0.19490492375022653, "_runtime": 7780, "_timestamp": 1649012908, "_step": 0, "_wandb": {"runtime": 7780}}