{"ARI": 0.14855675634634377, "NMI": 0.07089199009493516, "JSD": 0.20406290043611977, "Precision": 0.60498681148556, "Recall": 0.6448191701797205, "F1-Score": 0.5970910045121861, "ROC AUC": 0.7194083757455134, "Accuracy": 0.6448191701797205, "MEAPE-mu": 21.619142862983317, "MEAPE-std": 0.3190269968865785, "_runtime": 5, "_timestamp": 1646929599, "_step": 0, "_wandb": {"runtime": 6}}