{"ARI": 0.7343985688707088, "NMI": 0.6316976979796465, "JSD": 0.10233875491831788, "Precision": 0.9134909981003888, "Recall": 0.9122254271133792, "F1-Score": 0.9126222670663179, "ROC AUC": 0.9829229129063634, "Accuracy": 0.9122254271133792, "MEAPE-mu": 1.7259273417735432, "MEAPE-std": 0.22228629345799364, "_runtime": 10214, "_timestamp": 1655311685, "_step": 0, "_wandb": {"runtime": 10213}}