{"MAE": 0.42287382828735637, "MRAE": 0.0064719767841609896, "R^2-Score": 0.9978586474713874, "MEAPE-mu": 0.02645635628826961, "MEAPE-std": 0.01928689823813226, "RMSE": 1.6519265959663672, "JSD": 0.007755885163522099, "_runtime": 2224, "_timestamp": 1646775874, "_step": 0, "_wandb": {"runtime": 2225}}