{"MAE": 22.69073543392145, "MRAE": 0.40906891740202184, "R^2-Score": 0.35571024467861556, "MEAPE-mu": 0.35267077369050864, "MEAPE-std": 0.28975991447251254, "RMSE": 29.056529664205172, "JSD": Infinity, "_runtime": 3, "_timestamp": 1646320725, "_step": 0, "_wandb": {"runtime": 4}}