{"ARI": 0.0008761428490941275, "NMI": 0.00020087882741250912, "JSD": 0.18958608268686974, "Precision": 0.6165318170073956, "Recall": 0.6997541024740302, "F1-Score": 0.5778756800289142, "ROC AUC": 0.7855741513315979, "Accuracy": 0.6997541024740302, "MEAPE-mu": 37.26950217093043, "MEAPE-std": 0.2700872497445201, "_runtime": 5, "_timestamp": 1645772239, "_step": 0, "_wandb": {"runtime": 5}}