{"ARI": 0.7051354982057703, "NMI": 0.6024095984649269, "JSD": 0.1083636381609989, "Precision": 0.9032557562304953, "Recall": 0.9024628355890837, "F1-Score": 0.902733766404237, "ROC AUC": 0.9760933281768208, "Accuracy": 0.9024628355890837, "MEAPE-mu": 1.2819426134186787, "MEAPE-std": 0.21342276145890882, "_runtime": 156, "_timestamp": 1646842101, "_step": 0, "_wandb": {"runtime": 156}}