{"ARI": 0.0, "NMI": 7.024775910151136e-16, "JSD": 0.1813021946042139, "Precision": 0.4588969823100936, "Recall": 0.6774193548387096, "F1-Score": 0.5471464019851118, "ROC AUC": 0.5077235575760506, "Accuracy": 0.6774193548387096, "MEAPE-mu": 34.51764643646334, "MEAPE-std": 6.561192222065275, "_runtime": 10, "_timestamp": 1653932917, "_step": 0, "_wandb": {"runtime": 10}}