{"ARI": 0.0, "NMI": 6.72167951363937e-16, "JSD": 0.1763480429671087, "Precision": 0.0, "Recall": 0.0, "F1-Score": 0.0, "Accuracy": 0.0, "MEAPE-mu": 164.68454198205265, "MEAPE-std": 5.9134161305166995, "_runtime": 3, "_timestamp": 1645617938, "_step": 0, "_wandb": {"runtime": 3}}