{"MAE": 24.86790341269471, "RMSE": 31.39817274971032, "MRAE": 0.44629429760898043, "JSD": Infinity, "R^2-Score": 0.23351116413582007, "MEAPE-mu": 0.4212073115178107, "MEAPE-std": 0.2988222668779469, "_runtime": 4, "_timestamp": 1645387961, "_step": 0, "_wandb": {"runtime": 4}}