{"ARI": 0.0, "NMI": 0.0, "JSD": 0.17798584841629284, "Precision": 0.4816415651700762, "Recall": 0.6940040094769455, "F1-Score": 0.5686427688194101, "ROC AUC": 0.6245010672497817, "Accuracy": 0.6940040094769455, "MEAPE-mu": 34.91237484927126, "MEAPE-std": 0.5285871491542838, "_runtime": 3, "_timestamp": 1645474806, "_step": 0, "_wandb": {"runtime": 4}}