{"ARI": 0.12665066026410565, "NMI": 0.20001914225159023, "JSD": 0.4857840716114262, "Precision": 0.6461538461538462, "Recall": 0.4, "F1-Score": 0.49411764705882355, "Accuracy": 0.4, "MEAPE-mu": 43.58166758891546, "MEAPE-std": 12.107086774832295, "_runtime": 3, "_timestamp": 1645623646, "_step": 0, "_wandb": {"runtime": 4}}