{"ARI": 0.0, "NMI": 6.72167951363937e-16, "JSD": 0.17634804296710868, "Precision": 0.4588969823100936, "Recall": 0.6774193548387096, "F1-Score": 0.5471464019851118, "ROC AUC": 0.6486943164362519, "Accuracy": 0.6774193548387096, "MEAPE-mu": 35.312637110291845, "MEAPE-std": 5.96942561361782, "_runtime": 2, "_timestamp": 1653942616, "_step": 0, "_wandb": {"runtime": 4}}