{"MAE": 22.541942955406913, "RMSE": 28.02144507250081, "MRAE": 0.3887305167860932, "JSD": 0.1353699177811639, "R^2-Score": 0.17881695566281586, "MEAPE-mu": 5.622601435952219, "MEAPE-std": 4.475668470543179, "_runtime": 2, "_timestamp": 1645189253, "_step": 0, "_wandb": {"runtime": 3}}