{"MAE": 22.617092414758243, "MRAE": 0.41854474437284805, "R^2-Score": 0.30705347004129746, "MEAPE-mu": 4.233666096601473, "MEAPE-std": 0.5029861303594997, "RMSE": 27.808134235815377, "JSD": 0.1286977038665934, "_runtime": 9, "_timestamp": 1645989240, "_step": 0, "_wandb": {"runtime": 10}}