{"ARI": 0.7764666816165515, "NMI": 0.6430817890633396, "JSD": 0.0930415506956528, "Precision": 0.9290136789758928, "Recall": 0.9300036456434561, "F1-Score": 0.9291136733915787, "ROC AUC": 0.9848944440463611, "Accuracy": 0.9300036456434561, "MEAPE-mu": 1.606882331357331, "MEAPE-std": 0.40836492253265433, "_runtime": 607, "_timestamp": 1647227816, "_step": 0, "_wandb": {"runtime": 608}}