{"MAE": 27.419111260945684, "RMSE": 33.70158915057619, "MRAE": 0.6133028557702863, "JSD": Infinity, "R^2-Score": 0.03533087334493368, "MEAPE-mu": 0.30296179831282716, "MEAPE-std": 0.20935651007262923, "_runtime": 5, "_timestamp": 1645193515, "_step": 0, "_wandb": {"runtime": 5}}