{"MAE": 27.266384909974338, "RMSE": 35.949622954359164, "MRAE": 0.5749288447984093, "JSD": 0.1604482000708896, "R^2-Score": 0.2529324205418386, "MEAPE-mu": 6.117927396524281, "MEAPE-std": 4.162453779819674, "_runtime": 4, "_timestamp": 1645483306, "_step": 0, "_wandb": {"runtime": 5}}