{"MAE": 12.024753919066713, "MRAE": 0.23261998522482133, "R^2-Score": 0.7245354813481986, "MEAPE-mu": 2.2344351227648627, "MEAPE-std": 0.28697400629140424, "RMSE": 18.703489646925725, "JSD": 0.0872595770594943, "_runtime": 109, "_timestamp": 1646358465, "_step": 0, "_wandb": {"runtime": 109}}