{"MAE": 26.387925987320056, "RMSE": 34.669485384412944, "MRAE": 0.5655248790271827, "JSD": Infinity, "R^2-Score": 0.23363181259431698, "MEAPE-mu": 0.42473752642687407, "MEAPE-std": 0.3187192612114337, "_runtime": 5, "_timestamp": 1645517921, "_step": 0, "_wandb": {"runtime": 6}}