{"MAE": 26.192741532282312, "RMSE": 32.686250502495895, "MRAE": 0.6033369317351591, "JSD": 0.14173068222448576, "R^2-Score": 0.15104127604394968, "MEAPE-mu": 5.845278134201281, "MEAPE-std": 4.145433147452227, "_runtime": 2, "_timestamp": 1645118729, "_step": 0, "_wandb": {"runtime": 3}}