{"ARI": 0.0914774607811287, "NMI": 0.03264233974951136, "JSD": 0.20295989165639114, "Precision": 0.652140409329835, "Recall": 0.6961356179365658, "F1-Score": 0.6326277877482211, "ROC AUC": 0.6607461658031736, "Accuracy": 0.6961356179365658, "MEAPE-mu": 21.979560075643104, "MEAPE-std": 0.6023305030709811, "_runtime": 137, "_timestamp": 1645472050, "_step": 0, "_wandb": {"runtime": 138}}