{"MAE": 20.000853156402155, "RMSE": 26.62993247696323, "MRAE": 0.28409148233497233, "JSD": 0.11252863974413022, "R^2-Score": 0.2148478940963574, "MEAPE-mu": 4.678683039660115, "MEAPE-std": 3.369933584072011, "_runtime": 2, "_timestamp": 1645185939, "_step": 0, "_wandb": {"runtime": 3}}