{"ARI": 0.13782912634324446, "NMI": 0.05980585114400722, "JSD": 0.20037691945001748, "Precision": 0.6869967246312267, "Recall": 0.7144432194046306, "F1-Score": 0.6661852471391393, "ROC AUC": 0.7147844663317426, "Accuracy": 0.7144432194046306, "MEAPE-mu": 17.238469446459405, "MEAPE-std": 1.9400593891238247, "_runtime": 4, "_timestamp": 1654269778, "_step": 0, "_wandb": {"runtime": 5}}