{"ARI": 0.35493460908196567, "NMI": 0.22330508015675465, "JSD": 0.16264288199198457, "Precision": 0.7628385585608297, "Recall": 0.7938257993384785, "F1-Score": 0.7603552014632583, "ROC AUC": 0.8022364235641979, "Accuracy": 0.7938257993384785, "MEAPE-mu": 10.991665887057769, "MEAPE-std": 1.4115373518085994, "_runtime": 5, "_timestamp": 1654262082, "_step": 0, "_wandb": {"runtime": 6}}