{"ARI": -0.01791044776119403, "NMI": 0.1961851189702242, "JSD": 0.35169023274319183, "Precision": 0.4419354838709677, "Recall": 0.16129032258064516, "F1-Score": 0.22994210090984285, "Accuracy": 0.16129032258064516, "MEAPE-mu": 249.5873265266546, "MEAPE-std": 62.62810647236732, "_runtime": 3, "_timestamp": 1645609606, "_step": 0, "_wandb": {"runtime": 4}}