{"MAE": 19.68122392374435, "MRAE": 0.45278785614399114, "R^2-Score": 0.48617984441472095, "MEAPE-mu": 5.44154282374507, "MEAPE-std": 0.2501547297981169, "RMSE": 24.550276576999646, "JSD": 0.1296381303235706, "_runtime": 25, "_timestamp": 1647528043, "_step": 0, "_wandb": {"runtime": 26}}