{"MAE": 0.1628618199516245, "MRAE": 0.0027769675492660545, "R^2-Score": 0.9999405857935187, "MEAPE-mu": 0.0037377234378180063, "MEAPE-std": 0.002664843702918399, "RMSE": 0.2644742030474974, "JSD": 0.0013656702450341519, "_runtime": 3203, "_timestamp": 1647512134, "_step": 0, "_wandb": {"runtime": 3203}}