{"ARI": 0.2070760331034593, "NMI": 0.1332219663415209, "JSD": 0.19022466932444004, "Precision": 0.6703488446153216, "Recall": 0.6919902374084757, "F1-Score": 0.6675827918281427, "ROC AUC": 0.7940689287164185, "Accuracy": 0.6919902374084757, "MEAPE-mu": 11.866756923968039, "MEAPE-std": 0.3386281937374231, "_runtime": 9, "_timestamp": 1645807603, "_step": 0, "_wandb": {"runtime": 10}}