{"ARI": 0.0, "NMI": 0.0, "JSD": 0.17878432623971877, "Precision": 0.49, "Recall": 0.7, "F1-Score": 0.5764705882352941, "ROC AUC": 0.6254830917874395, "Accuracy": 0.7, "MEAPE-mu": 33.9193469304898, "MEAPE-std": 6.977105584842246, "_runtime": 5, "_timestamp": 1646942174, "_step": 0, "_wandb": {"runtime": 5}}