{"ARI": 0.04552425373869742, "NMI": 0.012903484191707533, "JSD": 0.21489820977136745, "Precision": 0.642127362322449, "Recall": 0.6954536330790847, "F1-Score": 0.6285791380852803, "ROC AUC": 0.6863416901673605, "Accuracy": 0.6954536330790847, "MEAPE-mu": 27.329557200821426, "MEAPE-std": 0.3794041903859516, "_runtime": 7, "_timestamp": 1646929012, "_step": 0, "_wandb": {"runtime": 8}}