{"ARI": 0.05737832326853721, "NMI": 0.01901759362811808, "JSD": 0.2131181215551323, "Precision": 0.6549548874496569, "Recall": 0.7009735046166198, "F1-Score": 0.6371801467086503, "ROC AUC": 0.7056282830869827, "Accuracy": 0.7009735046166198, "MEAPE-mu": 26.92808637908864, "MEAPE-std": 0.36930132402693294, "_runtime": 8, "_timestamp": 1646929119, "_step": 0, "_wandb": {"runtime": 8}}