{"MAE": 19.388845506954876, "RMSE": 24.07095618806428, "MRAE": 0.4578250255869889, "JSD": 0.1257731255554757, "R^2-Score": -0.2650048807395451, "MEAPE-mu": 17.283861927327855, "MEAPE-std": 0.24613536186146148, "_runtime": 4, "_timestamp": 1645194056, "_step": 0, "_wandb": {"runtime": 3}}