{"MAE": 32.8677739992286, "MRAE": 0.9513984081059544, "R^2-Score": 0.009281114841847349, "MEAPE-mu": 8.760090311313961, "MEAPE-std": 0.41700762151247833, "RMSE": 39.50693941086828, "JSD": Infinity, "_runtime": 3, "_timestamp": 1645989347, "_step": 0, "_wandb": {"runtime": 4}}