{"MAE": 26.323748135612536, "MRAE": 0.46148891971086425, "R^2-Score": 0.2939007327171036, "MEAPE-mu": 6.683891068408823, "MEAPE-std": 5.18935371335955, "RMSE": 32.00958584176837, "JSD": 0.14948295207769327, "_runtime": 3, "_timestamp": 1646308502, "_step": 0, "_wandb": {"runtime": 4}}