{"ARI": 0.01504930642073582, "NMI": 0.016033608064240857, "JSD": 0.2317385284574939, "Precision": 0.5658466601203769, "Recall": 0.5917623473665027, "F1-Score": 0.5761762498825841, "ROC AUC": 0.549197865741117, "Accuracy": 0.5917623473665027, "MEAPE-mu": 8.233427092743224, "MEAPE-std": 0.8541862784758273, "_runtime": 4, "_timestamp": 1645774822, "_step": 0, "_wandb": {"runtime": 5}}