{"ARI": 0.0, "NMI": 0.0, "JSD": 0.17878432623971874, "Precision": 0.49, "Recall": 0.7, "F1-Score": 0.5764705882352941, "ROC AUC": 0.7028065332413159, "Accuracy": 0.7, "MEAPE-mu": 33.93456480759118, "MEAPE-std": 7.13682055537065, "_runtime": 14, "_timestamp": 1646936322, "_step": 0, "_wandb": {"runtime": 15}}