{"MAE": 23.90653078900018, "RMSE": 29.826233138603378, "MRAE": 0.4618549136019075, "JSD": 0.13256489005135755, "R^2-Score": 0.31448487838238093, "MEAPE-mu": 4.703837900893661, "MEAPE-std": 0.47642250525653107, "_runtime": 49, "_timestamp": 1645389921, "_step": 0, "_wandb": {"runtime": 50}}