{"ARI": -0.0006829940479116795, "NMI": 0.0011393649722530404, "JSD": 0.18149776037422213, "Precision": 0.5506624567146658, "Recall": 0.6917608457892818, "F1-Score": 0.5704700450019077, "ROC AUC": 0.5615202430834243, "Accuracy": 0.6917608457892818, "MEAPE-mu": 34.19994819454322, "MEAPE-std": 0.5603932994796065, "_runtime": 2, "_timestamp": 1645786380, "_step": 0, "_wandb": {"runtime": 4}}