{"ARI": -0.012958063267654047, "NMI": 0.0011411242671835605, "JSD": Infinity, "Precision": 0.5645123745553088, "Recall": 0.6219891609795263, "F1-Score": 0.5840778129275042, "ROC AUC": 0.4750178410113833, "Accuracy": 0.6219891609795263, "MEAPE-mu": 67.05882841692646, "MEAPE-std": 3.0206425851548744, "_runtime": 28, "_timestamp": 1653922347, "_step": 0, "_wandb": {"runtime": 28}}