{"MAE": 24.500250006669198, "RMSE": 31.004321211976933, "MRAE": 0.4585687047385887, "JSD": Infinity, "R^2-Score": 0.22767856263900865, "MEAPE-mu": 0.4076039921869472, "MEAPE-std": 0.3335373875547248, "_runtime": 2, "_timestamp": 1645201760, "_step": 0, "_wandb": {"runtime": 3}}