{"MAE": 22.06772010730477, "RMSE": 28.197860486567002, "MRAE": 0.36982735984850035, "JSD": 0.1234868776421043, "R^2-Score": 0.3939504618361611, "MEAPE-mu": 6.254939016329421, "MEAPE-std": 5.291833394920761, "_runtime": 2, "_timestamp": 1645189321, "_step": 0, "_wandb": {"runtime": 3}}