{"MAE": 27.27531155455676, "RMSE": 33.64835737260653, "MRAE": 0.6067417617559699, "JSD": Infinity, "R^2-Score": 0.038362093628432126, "MEAPE-mu": 0.4563018465602163, "MEAPE-std": 0.2746953460826132, "_runtime": 5, "_timestamp": 1645193503, "_step": 0, "_wandb": {"runtime": 5}}