{"ARI": -0.045001565752390074, "NMI": 0.094600211752776, "JSD": 0.4612614057324132, "Precision": 0.6774193548387096, "Recall": 0.06451612903225806, "F1-Score": 0.11781206171107993, "Accuracy": 0.06451612903225806, "MEAPE-mu": 34.28936063358509, "MEAPE-std": 12.134124848162914, "_runtime": 3, "_timestamp": 1645622259, "_step": 0, "_wandb": {"runtime": 4}}