{"ARI": -0.0619505913970761, "NMI": 0.07901503238812788, "JSD": 0.18613258671794852, "Precision": 0.7229566404741761, "Recall": 0.3748621830209482, "F1-Score": 0.3403294248900822, "ROC AUC": 0.757619162778834, "Accuracy": 0.3748621830209482, "MEAPE-mu": 70.87786977624901, "MEAPE-std": 3.0178415210040255, "_runtime": 5, "_timestamp": 1654163273, "_step": 0, "_wandb": {"runtime": 5}}