{"ARI": -0.0009135399905907522, "NMI": 0.00040713410400508224, "JSD": Infinity, "Precision": 0.5245368575746011, "Recall": 0.6990666399036531, "F1-Score": 0.5763538065335049, "ROC AUC": 0.4800472990824851, "Accuracy": 0.6990666399036531, "MEAPE-mu": 149.34833843708367, "MEAPE-std": 4.193522317148204, "_runtime": 8, "_timestamp": 1653918254, "_step": 0, "_wandb": {"runtime": 10}}