{"MAE": 27.14187385849815, "MRAE": 0.5948690070792559, "R^2-Score": 0.05100503528198119, "MEAPE-mu": 0.4126994266473254, "MEAPE-std": 0.25503570690323313, "RMSE": 33.64900561520197, "JSD": Infinity, "_runtime": 2, "_timestamp": 1645985561, "_step": 0, "_wandb": {"runtime": 4}}