{"ARI": 0.32630909625239, "NMI": 0.1980024612636927, "JSD": 0.17165218664973583, "Precision": 0.7587811854554944, "Recall": 0.7723710588664116, "F1-Score": 0.7545268852207421, "ROC AUC": 0.7740673497327115, "Accuracy": 0.7723710588664116, "MEAPE-mu": 12.489055063407706, "MEAPE-std": 0.6268754121757733, "_runtime": 23, "_timestamp": 1646029225, "_step": 0, "_wandb": {"runtime": 23}}