{"ARI": 0.9227732229288981, "NMI": 0.878522674527003, "JSD": 0.05751583473846312, "Precision": 0.9772959754930103, "Recall": 0.9772797869980031, "F1-Score": 0.9772709304324698, "ROC AUC": 0.9860686942202141, "Accuracy": 0.9772797869980031, "MEAPE-mu": 0.15998917341129165, "MEAPE-std": 0.11688393080491673, "_runtime": 603, "_timestamp": 1649614764, "_step": 0, "_wandb": {"runtime": 604}}