{"ARI": 0.0, "NMI": 6.72167951363937e-16, "JSD": 0.17634804296710868, "Precision": 0.4588969823100936, "Recall": 0.6774193548387096, "F1-Score": 0.5471464019851118, "ROC AUC": 0.43776881720430105, "Accuracy": 0.6774193548387096, "MEAPE-mu": 35.695831132460796, "MEAPE-std": 7.279258615619841, "_runtime": 2, "_timestamp": 1653930825, "_step": 0, "_wandb": {"runtime": 3}}