{"ARI": 0.1778472053447953, "NMI": 0.125427664680453, "JSD": 0.19535532198451275, "Precision": 0.6716147708345787, "Recall": 0.6847126691812736, "F1-Score": 0.64274294704591, "ROC AUC": 0.7257837809885058, "Accuracy": 0.6847126691812736, "MEAPE-mu": 12.248597266792192, "MEAPE-std": 0.3172143927275568, "_runtime": 60, "_timestamp": 1647232437, "_step": 0, "_wandb": {"runtime": 61}}