{"ARI": -0.00024359328826342228, "NMI": 0.0001688262124858492, "JSD": 0.17816907876578228, "Precision": 0.4816028552823061, "Recall": 0.693821760524877, "F1-Score": 0.5685546081512226, "ROC AUC": 0.645575390333202, "Accuracy": 0.693821760524877, "MEAPE-mu": 34.84985458447844, "MEAPE-std": 0.49626888590005763, "_runtime": 3, "_timestamp": 1645474786, "_step": 0, "_wandb": {"runtime": 4}}