{"ARI": 0.13059016567844114, "NMI": 0.04205041791826149, "JSD": 0.21182191940754377, "Precision": 0.6296788878458035, "Recall": 0.6683069072352834, "F1-Score": 0.6406107322183546, "ROC AUC": 0.7153679523245556, "Accuracy": 0.6683069072352834, "MEAPE-mu": 13.227105988914179, "MEAPE-std": 0.7542059438515021, "_runtime": 7, "_timestamp": 1646917147, "_step": 0, "_wandb": {"runtime": 5}}