{"ARI": 0.0, "NMI": 0.0, "JSD": 0.17878432623971877, "Precision": 0.49, "Recall": 0.7, "F1-Score": 0.5764705882352941, "ROC AUC": 0.44363354037267083, "Accuracy": 0.7, "MEAPE-mu": 33.708102342447425, "MEAPE-std": 7.214726776774103, "_runtime": 14, "_timestamp": 1646936278, "_step": 0, "_wandb": {"runtime": 14}}