{"ARI": 0.02468575746831881, "NMI": 0.023044335670761952, "JSD": 0.21538191796078585, "Precision": 0.5358487821259242, "Recall": 0.43323718659862437, "F1-Score": 0.46699601475708896, "ROC AUC": 0.6048006019085931, "Accuracy": 0.43323718659862437, "MEAPE-mu": 16.96551888477231, "MEAPE-std": 0.5462823909231436, "_runtime": 3, "_timestamp": 1645771741, "_step": 0, "_wandb": {"runtime": 4}}