{"ARI": 0.19888828037799527, "NMI": 0.1315687155264503, "JSD": 0.2064187768709241, "Precision": 0.5571162679149614, "Recall": 0.6224095850898602, "F1-Score": 0.5696457070425501, "ROC AUC": 0.6246789711766181, "Accuracy": 0.6224095850898602, "MEAPE-mu": 20.47962918923366, "MEAPE-std": 0.34570003960909285, "_runtime": 8, "_timestamp": 1646930202, "_step": 0, "_wandb": {"runtime": 8}}