{"ARI": 0.09306443839480488, "NMI": 0.06346221472815082, "JSD": 0.2169325920937287, "Precision": 0.5863093306675184, "Recall": 0.6196139338806301, "F1-Score": 0.5876319175842643, "ROC AUC": 0.583105113652633, "Accuracy": 0.6196139338806301, "MEAPE-mu": 15.63909239608165, "MEAPE-std": 0.40247010811254813, "_runtime": 12, "_timestamp": 1648107411, "_step": 0, "_wandb": {"runtime": 11}}