{"ARI": 0.4489040435061487, "NMI": 0.3412753215911557, "JSD": 0.15405198788133964, "Precision": 0.8024927416852748, "Recall": 0.8027069003771911, "F1-Score": 0.7962218571520041, "ROC AUC": 0.8716925341310796, "Accuracy": 0.8027069003771911, "MEAPE-mu": 3.9979395020088617, "MEAPE-std": 0.30622461064816286, "_runtime": 1403, "_timestamp": 1654203801, "_step": 0, "_wandb": {"runtime": 1404}}