{"ARI": 0.14733006868969145, "NMI": 0.07339621785848374, "JSD": 0.19215559840586371, "Precision": 0.6785999745263054, "Recall": 0.7215236012392928, "F1-Score": 0.6679603005265393, "ROC AUC": 0.7352252641784208, "Accuracy": 0.7215236012392928, "MEAPE-mu": 20.188375800741433, "MEAPE-std": 0.7018394173690654, "_runtime": 51, "_timestamp": 1645558302, "_step": 0, "_wandb": {"runtime": 52}}