{"ARI": 0.15000337235908065, "NMI": 0.053504395865256606, "JSD": 0.20985925949783793, "Precision": 0.6285387508565009, "Recall": 0.6831935836675174, "F1-Score": 0.6417330579595212, "ROC AUC": 0.6813519539972527, "Accuracy": 0.6831935836675174, "MEAPE-mu": 15.777964601478025, "MEAPE-std": 0.7399151129062159, "_runtime": 4, "_timestamp": 1645774856, "_step": 0, "_wandb": {"runtime": 5}}