{"MAE": 28.193548387096776, "RMSE": 35.58312394489022, "MRAE": 0.47689750625968513, "JSD": 0.1509439365763738, "R^2-Score": 0.3452815532726813, "MEAPE-mu": 6.730757936118477, "MEAPE-std": 4.673604970264913, "_runtime": 1, "_timestamp": 1645186164, "_step": 0, "_wandb": {"runtime": 3}}