{"ARI": 0.18682860272498414, "NMI": 0.1279206401118172, "JSD": 0.17866369496918497, "Precision": 0.7878411910669976, "Recall": 0.7096774193548387, "F1-Score": 0.6693548387096774, "ROC AUC": 0.5848473612656038, "Accuracy": 0.7096774193548387, "MEAPE-mu": 20.5931349026412, "MEAPE-std": 7.9589469854095025, "_runtime": 4, "_timestamp": 1646934109, "_step": 0, "_wandb": {"runtime": 5}}