{"MAE": 23.078285334727525, "RMSE": 29.722366780193564, "MRAE": 0.44596682704131213, "JSD": 0.13986963321823861, "R^2-Score": 0.3598943348568441, "MEAPE-mu": 7.848903570465169, "MEAPE-std": 5.66734928924286, "_runtime": 2, "_timestamp": 1645102587, "_step": 4, "_wandb": {"runtime": 3}}