{"MAE": 25.995490546516063, "MRAE": 0.5562991227947336, "R^2-Score": 0.24537507617529186, "MEAPE-mu": 9.585783155410015, "MEAPE-std": 0.36318138415577306, "RMSE": 33.2562871579186, "JSD": 0.15957899652972807, "_runtime": 22, "_timestamp": 1647011860, "_step": 0, "_wandb": {"runtime": 22}}