{"MAE": 29.44172349216716, "MRAE": 0.423535911300442, "R^2-Score": 0.1959555788333447, "MEAPE-mu": 8.506897937798012, "MEAPE-std": 6.04604678623882, "RMSE": 39.43272646434934, "JSD": 0.15972206171781994, "_runtime": 3, "_timestamp": 1646306982, "_step": 0, "_wandb": {"runtime": 4}}