{"ARI": -0.002137670731304725, "NMI": 6.377367765938991e-05, "JSD": Infinity, "Precision": 0.620771682650572, "Recall": 0.737776025236593, "F1-Score": 0.6466829045870794, "ROC AUC": 0.5355876578509943, "Accuracy": 0.737776025236593, "MEAPE-mu": 89.43732462972865, "MEAPE-std": 5.041493459695144, "_runtime": 823, "_timestamp": 1654013189, "_step": 0, "_wandb": {"runtime": 821}}