{"ARI": 0.08610849488305024, "NMI": 0.062407022881271465, "JSD": 0.19881021281105785, "Precision": 0.5714228724739739, "Recall": 0.6530729975593521, "F1-Score": 0.5809901430608867, "ROC AUC": 0.7057765904271214, "Accuracy": 0.6530729975593521, "MEAPE-mu": 24.445651006872303, "MEAPE-std": 0.34702692297495763, "_runtime": 3, "_timestamp": 1645787666, "_step": 0, "_wandb": {"runtime": 4}}