{"MAE": 8.400474585475607, "MRAE": 0.14810596275318477, "R^2-Score": 0.8410294647357515, "MEAPE-mu": 0.18015199284196112, "MEAPE-std": 0.1457249946775471, "RMSE": 14.162416999076958, "JSD": 0.06513447894376287, "_runtime": 1947, "_timestamp": 1646601636, "_step": 0, "_wandb": {"runtime": 1947}}