{"MAE": 20.66033878803735, "RMSE": 26.49702095416086, "MRAE": 0.3253259527625488, "JSD": 0.1244615627545104, "R^2-Score": 0.08215976575444273, "MEAPE-mu": 5.6913628330340895, "MEAPE-std": 4.5406850728376185, "_runtime": 5, "_timestamp": 1645433143, "_step": 0, "_wandb": {"runtime": 5}}