{"MAE": 22.546476129432754, "MRAE": 0.48545883784775506, "R^2-Score": 0.2924920907445203, "MEAPE-mu": 7.743973522248947, "MEAPE-std": 5.722852141944807, "RMSE": 29.252258967969304, "JSD": 0.13893398771277665, "_runtime": 4, "_timestamp": 1646309966, "_step": 0, "_wandb": {"runtime": 5}}