{"ARI": 0.01669449081803005, "NMI": 0.011380856661166906, "JSD": 0.24511154189282836, "Precision": 0.5612903225806452, "Recall": 0.5806451612903226, "F1-Score": 0.5698924731182795, "ROC AUC": 0.5694104560622913, "Accuracy": 0.5806451612903226, "MEAPE-mu": 13.248480791708849, "MEAPE-std": 10.842352158745646, "_runtime": 5, "_timestamp": 1646931889, "_step": 0, "_wandb": {"runtime": 5}}