{"MAE": 22.74616275871083, "MRAE": 0.46157382040629763, "R^2-Score": 0.2744836823464831, "MEAPE-mu": 0.34117192471108515, "MEAPE-std": 0.21971236045499343, "RMSE": 28.94967758964858, "JSD": Infinity, "_runtime": 5, "_timestamp": 1646987620, "_step": 0, "_wandb": {"runtime": 5}}