{"ARI": 0.036060360109999176, "NMI": 0.0472926787849773, "JSD": 0.23132308667581034, "Precision": 0.528480549737211, "Recall": 0.547282005768804, "F1-Score": 0.524248880783789, "ROC AUC": 0.5786512726356438, "Accuracy": 0.547282005768804, "MEAPE-mu": 14.571837065373725, "MEAPE-std": 0.4200024727718303, "_runtime": 11, "_timestamp": 1648107391, "_step": 0, "_wandb": {"runtime": 10}}