{"ARI": -0.0478654084976671, "NMI": 0.04812015562566836, "JSD": 0.19003931307038557, "Precision": 0.7951068986765375, "Recall": 0.3534400562051488, "F1-Score": 0.24375219626980182, "ROC AUC": 0.7640247831742107, "Accuracy": 0.3534400562051488, "MEAPE-mu": 80.81092005700636, "MEAPE-std": 0.7230503939271106, "_runtime": 5, "_timestamp": 1646914225, "_step": 0, "_wandb": {"runtime": 6}}