{"ARI": 0.27919491994474666, "NMI": 0.16033127822683593, "JSD": 0.1813874775491956, "Precision": 0.7965505372725746, "Recall": 0.8081624605678234, "F1-Score": 0.7843817705009547, "ROC AUC": 0.8286695314993083, "Accuracy": 0.8081624605678234, "MEAPE-mu": 16.170775021195638, "MEAPE-std": 0.6945975912917354, "_runtime": 29, "_timestamp": 1646926591, "_step": 0, "_wandb": {"runtime": 29}}