{"ARI": -0.040386803185438, "NMI": 0.027484918779312785, "JSD": 0.17991615768914698, "Precision": 0.06881720430107527, "Recall": 0.25806451612903225, "F1-Score": 0.10865874363327675, "ROC AUC": 0.7297407747739034, "Accuracy": 0.25806451612903225, "MEAPE-mu": 93.90415529647973, "MEAPE-std": 19.27419599962306, "_runtime": 5, "_timestamp": 1646932915, "_step": 0, "_wandb": {"runtime": 5}}