{"MAE": 25.36175211650353, "RMSE": 32.17169974160834, "MRAE": 0.4709838970117933, "JSD": Infinity, "R^2-Score": 0.2207486323405352, "MEAPE-mu": 0.44354931880111637, "MEAPE-std": 0.3176961430695829, "_runtime": 2, "_timestamp": 1645201793, "_step": 0, "_wandb": {"runtime": 3}}