{"MAE": 21.04148529002834, "MRAE": 0.39489271980310736, "R^2-Score": 0.43983051455347555, "MEAPE-mu": 0.3315082739548864, "MEAPE-std": 0.27838157826071797, "RMSE": 27.142932636724634, "JSD": Infinity, "_runtime": 4, "_timestamp": 1646317612, "_step": 0, "_wandb": {"runtime": 5}}