{"MAE": 27.03732324925202, "MRAE": 0.495121116399317, "R^2-Score": 0.10780732927513814, "MEAPE-mu": 5.405727451863919, "MEAPE-std": 4.143078717867259, "RMSE": 32.921659380969274, "JSD": 0.1475605434912147, "_runtime": 3, "_timestamp": 1646307932, "_step": 0, "_wandb": {"runtime": 4}}