{"ARI": 0.0005307108222662556, "NMI": 7.358287709059286e-05, "JSD": Infinity, "Precision": 0.6468288414173707, "Recall": 0.7503943217665615, "F1-Score": 0.6444630785777036, "ROC AUC": 0.5202058374773959, "Accuracy": 0.7503943217665615, "MEAPE-mu": 99.54570769790126, "MEAPE-std": 4.910015414699489, "_runtime": 3, "_timestamp": 1653905434, "_step": 0, "_wandb": {"runtime": 4}}