{"ARI": 0.6139120030535191, "NMI": 0.45367390328367413, "JSD": 0.1308024741440014, "Precision": 0.8694846856867593, "Recall": 0.8725847612103537, "F1-Score": 0.8700771061130854, "ROC AUC": 0.9476056820104405, "Accuracy": 0.8725847612103537, "MEAPE-mu": 2.9941050932762105, "MEAPE-std": 0.5589413156685935, "_runtime": 3926, "_timestamp": 1647436547, "_step": 0, "_wandb": {"runtime": 3926}}