{"ARI": 0.08751988826339552, "NMI": 0.06120001800098408, "JSD": 0.19920321965959006, "Precision": 0.5704258083547412, "Recall": 0.6529398713112935, "F1-Score": 0.5813190416972845, "ROC AUC": 0.690751532191377, "Accuracy": 0.6529398713112935, "MEAPE-mu": 24.2565584422681, "MEAPE-std": 0.2935383091809575, "_runtime": 5, "_timestamp": 1646914582, "_step": 0, "_wandb": {"runtime": 6}}