{"ARI": 0.07527299823108012, "NMI": 0.045637939526673256, "JSD": 0.20973746142040695, "Precision": 0.6411886904616017, "Recall": 0.6934950385887542, "F1-Score": 0.6436588173171247, "ROC AUC": 0.6954766429338707, "Accuracy": 0.6934950385887542, "MEAPE-mu": 17.74153216518495, "MEAPE-std": 1.975204416511762, "_runtime": 4, "_timestamp": 1654269757, "_step": 0, "_wandb": {"runtime": 5}}