{"ARI": 0.7221409798605427, "NMI": 0.6195642435192505, "JSD": 0.10543022082406958, "Precision": 0.9091584439911433, "Recall": 0.9087641446638562, "F1-Score": 0.9088022921782943, "ROC AUC": 0.9806758029602227, "Accuracy": 0.9087641446638562, "MEAPE-mu": 0.762422276403521, "MEAPE-std": 0.21582872141283357, "_runtime": 789, "_timestamp": 1654108500, "_step": 0, "_wandb": {"runtime": 789}}