{"MAE": 21.55725955470613, "RMSE": 27.879945599414377, "MRAE": 0.3769593899194987, "JSD": 0.12445990153929534, "R^2-Score": 0.3903001825442801, "MEAPE-mu": 0.841265595858557, "MEAPE-std": 0.44388142551578874, "_runtime": 77, "_timestamp": 1645351139, "_step": 0, "_wandb": {"runtime": 78}}