{"MAE": 18.675578168824753, "RMSE": 23.116291167314415, "MRAE": 0.28654599482563686, "JSD": 0.10347788184299998, "R^2-Score": -0.0411718013696476, "MEAPE-mu": 7.740212836251092, "MEAPE-std": 5.106071632251313, "_runtime": 1, "_timestamp": 1645190289, "_step": 0, "_wandb": {"runtime": 3}}