{"ARI": 0.161232797777345, "NMI": 0.17061217227739692, "JSD": 0.19659668502642966, "Precision": 0.6582990782159577, "Recall": 0.659063678721988, "F1-Score": 0.6546962521079266, "ROC AUC": 0.7035636786788392, "Accuracy": 0.659063678721988, "MEAPE-mu": 7.626814744391094, "MEAPE-std": 0.41458778270672997, "_runtime": 11, "_timestamp": 1648107476, "_step": 0, "_wandb": {"runtime": 11}}