{"ARI": 0.13812051122131805, "NMI": 0.12976676189276634, "JSD": 0.20554332896762553, "Precision": 0.5812532712713343, "Recall": 0.6610605724428666, "F1-Score": 0.6178971041119589, "ROC AUC": 0.6961488424116324, "Accuracy": 0.6610605724428666, "MEAPE-mu": 6.675971702200915, "MEAPE-std": 0.3685374938431319, "_runtime": 156, "_timestamp": 1648219728, "_step": 0, "_wandb": {"runtime": 156}}