{"MAE": 28.296538350692146, "RMSE": 37.246928832442045, "MRAE": 0.47911749510389157, "JSD": Infinity, "R^2-Score": 0.2565807940919579, "MEAPE-mu": 4.8963946086921855, "MEAPE-std": 0.5512242561155519, "_runtime": 5, "_timestamp": 1645533559, "_step": 0, "_wandb": {"runtime": 5}}