{"MAE": 20.33698128469848, "MRAE": 0.3425400600066234, "R^2-Score": 0.22982559069245834, "MEAPE-mu": 2.2923830385172472, "MEAPE-std": 0.4469898925692413, "RMSE": 26.34464358150579, "JSD": 0.12446105885651716, "_runtime": 9, "_timestamp": 1645989209, "_step": 0, "_wandb": {"runtime": 9}}