{"MAE": 18.24670006686956, "RMSE": 23.47326036000517, "MRAE": 0.31493885099588437, "JSD": 0.11005087801383628, "R^2-Score": 0.5555560507547709, "MEAPE-mu": 4.565393864104156, "MEAPE-std": 3.5503126109714307, "_runtime": 2, "_timestamp": 1645105770, "_step": 4}