{"MAE": 20.453427457813305, "RMSE": 25.227155673186466, "MRAE": 0.34113653457470167, "JSD": Infinity, "R^2-Score": -0.1943361435899229, "MEAPE-mu": 13.56860221385642, "MEAPE-std": 0.48462875295830604, "_runtime": 4, "_timestamp": 1645533571, "_step": 0, "_wandb": {"runtime": 4}}