{"ARI": -0.04539435330170609, "NMI": 0.06825976571132308, "JSD": 0.1896993039966969, "Precision": 0.6996825850687687, "Recall": 0.3715545755237045, "F1-Score": 0.3377693278354827, "ROC AUC": 0.7457929504193763, "Accuracy": 0.3715545755237045, "MEAPE-mu": 70.85436769112175, "MEAPE-std": 2.9318975314727367, "_runtime": 3, "_timestamp": 1654102235, "_step": 0, "_wandb": {"runtime": 4}}