{"MAE": 20.23690883345304, "MRAE": 0.41641199281369984, "R^2-Score": 0.4168533210231723, "MEAPE-mu": 0.26251928725541923, "MEAPE-std": 0.17740680997334457, "RMSE": 26.12856144049526, "JSD": Infinity, "_runtime": 5, "_timestamp": 1647017085, "_step": 0, "_wandb": {"runtime": 5}}