{"MAE": 21.24530242194667, "MRAE": 0.35170812370648213, "R^2-Score": 0.014541154097272635, "MEAPE-mu": 4.9044153353790545, "MEAPE-std": 3.5553778575950696, "RMSE": 29.83406361504104, "JSD": 0.12693659231091167, "_runtime": 2, "_timestamp": 1646315691, "_step": 0, "_wandb": {"runtime": 4}}