{"MAE": 14.156587322498336, "MRAE": 0.28125854217716184, "R^2-Score": 0.26222801092036296, "MEAPE-mu": 4.981573902860469, "MEAPE-std": 0.1950021324874177, "RMSE": 18.38265865979722, "JSD": 0.10135559675241301, "_runtime": 5, "_timestamp": 1647416399, "_step": 0, "_wandb": {"runtime": 6}}