{"ARI": 0.13533805604339358, "NMI": 0.06518255441873026, "JSD": 0.19504396909233457, "Precision": 0.649822718365529, "Recall": 0.7221609702315325, "F1-Score": 0.6675500055566483, "ROC AUC": 0.734452729268595, "Accuracy": 0.7221609702315325, "MEAPE-mu": 19.157648727119327, "MEAPE-std": 1.7497302303650935, "_runtime": 4, "_timestamp": 1654277647, "_step": 0, "_wandb": {"runtime": 5}}