{"MAE": 23.147360013691525, "MRAE": 0.46672886560941185, "R^2-Score": 0.06996967556738698, "MEAPE-mu": 8.368837306863025, "MEAPE-std": 0.2845487116870488, "RMSE": 33.621412439978286, "JSD": Infinity, "_runtime": 1540, "_timestamp": 1649347854, "_step": 0, "_wandb": {"runtime": 1541}}