{"ARI": 0.9976898916360962, "NMI": 0.9938637260397272, "JSD": 0.009810020215087036, "Precision": 0.9993346815038846, "Recall": 0.9993343687597072, "F1-Score": 0.9993344228531793, "ROC AUC": 0.9994450557842224, "Accuracy": 0.9993343687597072, "MEAPE-mu": 0.032545759801050254, "MEAPE-std": 0.01918098232843685, "_runtime": 97, "_timestamp": 1648770397, "_step": 0, "_wandb": {"runtime": 97}}