{"MAE": 8.460827821952888, "MRAE": 0.1532227073262042, "R^2-Score": 0.8412922383773841, "MEAPE-mu": 0.28155469510735803, "MEAPE-std": 0.2102479471530878, "RMSE": 14.253045271309158, "JSD": 0.06608420265307184, "_runtime": 2063, "_timestamp": 1646608005, "_step": 0, "_wandb": {"runtime": 2064}}