{"MAE": 26.921079643441665, "MRAE": 0.5889138422301128, "R^2-Score": 0.05521372243702827, "MEAPE-mu": 0.3198039416901089, "MEAPE-std": 0.21431685551125274, "RMSE": 33.25246811373276, "JSD": Infinity, "_runtime": 2, "_timestamp": 1645985514, "_step": 0, "_wandb": {"runtime": 4}}