{"ARI": 0.0, "NMI": 0.0, "JSD": 0.17807895717104666, "Precision": 0.38320687357176164, "Recall": 0.6190370534723763, "F1-Score": 0.4733762859224146, "ROC AUC": 0.6990771724687272, "Accuracy": 0.6190370534723763, "MEAPE-mu": 39.20424092633355, "MEAPE-std": 0.22110768748829224, "_runtime": 5, "_timestamp": 1646931609, "_step": 0, "_wandb": {"runtime": 5}}