{"ARI": -0.0005083682423140169, "NMI": 0.00013946321008303486, "JSD": 0.1789720946792523, "Precision": 0.43615633196872194, "Recall": 0.618415797648103, "F1-Score": 0.47349759378329576, "ROC AUC": 0.6110652791539946, "Accuracy": 0.618415797648103, "MEAPE-mu": 39.12115805470323, "MEAPE-std": 0.21780705557425098, "_runtime": 5, "_timestamp": 1645737733, "_step": 0, "_wandb": {"runtime": 5}}