{"ARI": 0.03284188345179151, "NMI": 0.011266873081777408, "JSD": 0.2037169579490424, "Precision": 0.6499185941848732, "Recall": 0.7009584985195966, "F1-Score": 0.6129117992582502, "ROC AUC": 0.6520901448383678, "Accuracy": 0.7009584985195966, "MEAPE-mu": 32.068809560644134, "MEAPE-std": 0.30984345550846565, "_runtime": 3, "_timestamp": 1645605605, "_step": 0, "_wandb": {"runtime": 4}}