{"MAE": 20.262765952086845, "RMSE": 24.662293517924564, "MRAE": 0.4248311941553239, "JSD": 0.11409733549631415, "R^2-Score": 0.5637556180945242, "MEAPE-mu": 9.183055418803733, "MEAPE-std": 5.363449324323463, "_runtime": 3, "_timestamp": 1645390885, "_step": 0, "_wandb": {"runtime": 4}}