{"ARI": 0.33818789557368434, "NMI": 0.23279644011793876, "JSD": 0.1752781157769543, "Precision": 0.7435432085825375, "Recall": 0.7494564011537608, "F1-Score": 0.740869622921173, "ROC AUC": 0.8645750022351931, "Accuracy": 0.7494564011537608, "MEAPE-mu": 5.626207708635041, "MEAPE-std": 0.29581673684013254, "_runtime": 3895, "_timestamp": 1652553877, "_step": 0, "_wandb": {"runtime": 3896}}