{"MAE": 27.213988021440873, "RMSE": 33.684204698798226, "MRAE": 0.6090361258919206, "JSD": Infinity, "R^2-Score": 0.03090181239654921, "MEAPE-mu": 0.3340398135472252, "MEAPE-std": 0.22420070885788296, "_runtime": 4, "_timestamp": 1645193572, "_step": 0, "_wandb": {"runtime": 5}}