{"ARI": 0.042565957242006354, "NMI": 0.027216023569464457, "JSD": 0.19352184134888145, "Precision": 0.70927277222969, "Recall": 0.711561621838619, "F1-Score": 0.6156090989168455, "ROC AUC": 0.7907700734208872, "Accuracy": 0.711561621838619, "MEAPE-mu": 33.992326606554286, "MEAPE-std": 0.2716245858683883, "_runtime": 7, "_timestamp": 1646928998, "_step": 0, "_wandb": {"runtime": 8}}