{"MAE": 11.607804044856431, "MRAE": 0.19517271020717586, "R^2-Score": 0.800952174554626, "MEAPE-mu": 0.21522361079608351, "MEAPE-std": 0.16347207461835797, "RMSE": 15.7139903339283, "JSD": Infinity, "_runtime": 1031, "_timestamp": 1646541482, "_step": 0, "_wandb": {"runtime": 1032}}