{"MAE": 13.51497114646427, "MRAE": 0.20001996619671245, "R^2-Score": 0.7264497806476263, "MEAPE-mu": 0.3217960700164501, "MEAPE-std": 0.2431024813349624, "RMSE": 18.942942522494853, "JSD": Infinity, "_runtime": 1219, "_timestamp": 1646531962, "_step": 0, "_wandb": {"runtime": 1220}}