{"MAE": 28.054261253829306, "MRAE": 0.6848295532263042, "R^2-Score": 0.012327328582996677, "MEAPE-mu": 10.53225100220373, "MEAPE-std": 0.3662125908322345, "RMSE": 33.925229857124606, "JSD": 0.17242719453511443, "_runtime": 9, "_timestamp": 1645991770, "_step": 0, "_wandb": {"runtime": 10}}