{"MAE": 0.14572968734914082, "MRAE": 0.0025202709803072414, "R^2-Score": 0.9999426173020532, "MEAPE-mu": 0.003217031518147108, "MEAPE-std": 0.00209343269198419, "RMSE": 0.2586157157402979, "JSD": 0.0013366793076318214, "_runtime": 3317, "_timestamp": 1647523191, "_step": 0, "_wandb": {"runtime": 3318}}