{"ARI": -0.027943462721056037, "NMI": 0.058544062059443736, "JSD": 0.19075380881431112, "Precision": 0.6812350852021055, "Recall": 0.35399197958439665, "F1-Score": 0.31114830765060264, "ROC AUC": 0.7318044476683113, "Accuracy": 0.35399197958439665, "MEAPE-mu": 74.13410600228211, "MEAPE-std": 1.2294508003159579, "_runtime": 5, "_timestamp": 1646920142, "_step": 0, "_wandb": {"runtime": 6}}