{"ARI": 0.7259556970546847, "NMI": 0.6270484906213616, "JSD": 0.10415089772174722, "Precision": 0.9112316005732699, "Recall": 0.910006656312403, "F1-Score": 0.9103755498907145, "ROC AUC": 0.9823166765651608, "Accuracy": 0.910006656312403, "MEAPE-mu": 1.771280023564651, "MEAPE-std": 0.21521208109745035, "_runtime": 32296, "_timestamp": 1649112422, "_step": 0, "_wandb": {"runtime": 32295}}