{"MAE": 19.694091665261645, "MRAE": 0.41263225413862636, "R^2-Score": 0.4524249739626822, "MEAPE-mu": 0.20546062264703813, "MEAPE-std": 0.1399960903057998, "RMSE": 25.456630487040897, "JSD": Infinity, "_runtime": 6, "_timestamp": 1647019263, "_step": 0, "_wandb": {"runtime": 6}}