{"MAE": 29.50208956150453, "RMSE": 37.54622035827369, "MRAE": 0.597609588170156, "JSD": 0.1580325451225038, "R^2-Score": 0.2274498217891413, "MEAPE-mu": 12.174038102421733, "MEAPE-std": 5.578605930990362, "_runtime": 2, "_timestamp": 1645118208, "_step": 0, "_wandb": {"runtime": 3}}