{"MAE": 29.146908180986937, "RMSE": 36.44919660276304, "MRAE": 0.4718392313014571, "JSD": 0.15143400649649394, "R^2-Score": 0.34176299219546546, "MEAPE-mu": 5.733291765236936, "MEAPE-std": 4.510256936555111, "_runtime": 4, "_timestamp": 1645482758, "_step": 0, "_wandb": {"runtime": 5}}