{"ARI": 0.5772685863329571, "NMI": 0.43963709399376744, "JSD": 0.1287516190149231, "Precision": 0.8697186833749859, "Recall": 0.8663871673350346, "F1-Score": 0.854187358005898, "ROC AUC": 0.9479397291067567, "Accuracy": 0.8663871673350346, "MEAPE-mu": 8.704906877761609, "MEAPE-std": 0.5076894615259008, "_runtime": 1127, "_timestamp": 1646934799, "_step": 0, "_wandb": {"runtime": 1127}}