{"MAE": 30.036627640474318, "RMSE": 35.92723244661329, "MRAE": 0.471405109262311, "JSD": Infinity, "R^2-Score": 0.24935115488058812, "MEAPE-mu": 9.629354137491166, "MEAPE-std": 0.5077835789312606, "_runtime": 134, "_timestamp": 1645536827, "_step": 0, "_wandb": {"runtime": 134}}