{"MAE": 19.794996035164782, "MRAE": 0.32687387085618785, "R^2-Score": 0.40526812924024247, "MEAPE-mu": 6.4369931337284445, "MEAPE-std": 0.2303474909933053, "RMSE": 26.8861121416454, "JSD": Infinity, "_runtime": 5, "_timestamp": 1647000691, "_step": 0, "_wandb": {"runtime": 5}}