{"MAE": 22.01193093784178, "MRAE": 0.39806967526805664, "R^2-Score": 0.3806768734961187, "MEAPE-mu": 0.5011957825523791, "MEAPE-std": 0.29988179847274415, "RMSE": 28.29110419014341, "JSD": Infinity, "_runtime": 4, "_timestamp": 1646320715, "_step": 0, "_wandb": {"runtime": 4}}