{"ARI": 0.06191460047158039, "NMI": 0.08010252375411915, "JSD": 0.21740567029063235, "Precision": 0.5441440266358485, "Recall": 0.6286665187486132, "F1-Score": 0.5760446971255507, "ROC AUC": 0.6629303718899521, "Accuracy": 0.6286665187486132, "MEAPE-mu": 15.200725267927867, "MEAPE-std": 0.41087098570550135, "_runtime": 5, "_timestamp": 1646916510, "_step": 0, "_wandb": {"runtime": 5}}