{"ARI": 0.5236015891015307, "NMI": 0.3818709584278168, "JSD": 0.1419328748369683, "Precision": 0.8439693908624133, "Recall": 0.8481589500546847, "F1-Score": 0.8411921394463664, "ROC AUC": 0.9169388258129394, "Accuracy": 0.8481589500546847, "MEAPE-mu": 7.158778633914144, "MEAPE-std": 0.5333393027717068, "_runtime": 263, "_timestamp": 1647581904, "_step": 0, "_wandb": {"runtime": 262}}