{"MAE": 21.64169971710672, "MRAE": 0.4799509825091734, "R^2-Score": 0.3281141334003326, "MEAPE-mu": 0.22791626290248068, "MEAPE-std": 0.15056216254607308, "RMSE": 27.921964816926767, "JSD": Infinity, "_runtime": 2, "_timestamp": 1656326944, "_step": 0, "_wandb": {"runtime": 3}}