{"ARI": 0.012224181132155914, "NMI": 0.007845190362475446, "JSD": Infinity, "Precision": 0.6946590561616067, "Recall": 0.7030810919309515, "F1-Score": 0.5884946630100093, "ROC AUC": 0.4791564447698209, "Accuracy": 0.7030810919309515, "MEAPE-mu": 145.643985506792, "MEAPE-std": 3.649257311214437, "_runtime": 34, "_timestamp": 1653751459, "_step": 0, "_wandb": {"runtime": 35}}