{"MAE": 24.897353115141957, "RMSE": 31.58369329186899, "MRAE": 0.4615861310339844, "JSD": Infinity, "R^2-Score": 0.22277728921827955, "MEAPE-mu": 0.6082430606222604, "MEAPE-std": 0.39403503183448674, "_runtime": 2, "_timestamp": 1645387561, "_step": 0, "_wandb": {"runtime": 3}}