{"ARI": -0.04349632913145865, "NMI": 0.12241917532459602, "JSD": 0.5483385492560511, "Precision": 0.5419354838709678, "Recall": 0.12903225806451613, "F1-Score": 0.20843672456575682, "Accuracy": 0.12903225806451613, "MEAPE-mu": 48.207999759437506, "MEAPE-std": 11.927933792173926, "_runtime": 3, "_timestamp": 1645609333, "_step": 0, "_wandb": {"runtime": 4}}