{"MAE": 18.830188884790367, "MRAE": 0.28977746464376375, "R^2-Score": 0.14000797003381515, "MEAPE-mu": 9.933598686915433, "MEAPE-std": 5.455566847562349, "RMSE": 23.16282666058061, "JSD": 0.09880640006586298, "_runtime": 4, "_timestamp": 1646309095, "_step": 0, "_wandb": {"runtime": 5}}