{"MAE": 23.725248783489562, "RMSE": 30.418890665397377, "MRAE": 0.43632374624693776, "JSD": Infinity, "R^2-Score": 0.27201302928349824, "MEAPE-mu": 0.9584363316487639, "MEAPE-std": 0.49065715049913067, "_runtime": 67, "_timestamp": 1645202278, "_step": 0, "_wandb": {"runtime": 69}}