{"ARI": 0.019845970749234765, "NMI": 0.0021426508763019415, "JSD": Infinity, "Precision": 0.6443839754160415, "Recall": 0.6320977917981072, "F1-Score": 0.6378925809022706, "ROC AUC": 0.5365408634603824, "Accuracy": 0.6320977917981072, "MEAPE-mu": 10.071948489479587, "MEAPE-std": 3.345802044294461, "_runtime": 17, "_timestamp": 1653730986, "_step": 0, "_wandb": {"runtime": 18}}