{"ARI": 0.0879496423011874, "NMI": 0.021897065713681132, "JSD": 0.21277176552719396, "Precision": 0.6111721542968992, "Recall": 0.661928193912885, "F1-Score": 0.6239645193817682, "ROC AUC": 0.645743820936729, "Accuracy": 0.661928193912885, "MEAPE-mu": 16.28548524953236, "MEAPE-std": 0.7995630777685586, "_runtime": 3, "_timestamp": 1645474748, "_step": 0, "_wandb": {"runtime": 4}}