{"ARI": 0.0, "NMI": 6.72167951363937e-16, "JSD": 0.1763480429671087, "Precision": 0.4588969823100936, "Recall": 0.6774193548387096, "F1-Score": 0.5471464019851118, "ROC AUC": 0.6307603686635945, "Accuracy": 0.6774193548387096, "MEAPE-mu": 35.202002521026465, "MEAPE-std": 6.52992832417724, "_runtime": 2, "_timestamp": 1645453524, "_step": 0, "_wandb": {"runtime": 3}}