{"MAE": 21.284176091359317, "MRAE": 0.33304148342138534, "R^2-Score": -0.2277405325934072, "MEAPE-mu": 5.884973690945018, "MEAPE-std": 3.9827511066845176, "RMSE": 25.102111501927663, "JSD": 0.11696154121329341, "_runtime": 3, "_timestamp": 1646315740, "_step": 0, "_wandb": {"runtime": 4}}