{"ARI": 0.07489360708066078, "NMI": 0.11729611590652798, "JSD": 0.1817137841589472, "Precision": 0.7554683522390981, "Recall": 0.32855558020856446, "F1-Score": 0.20264294694217336, "ROC AUC": 0.7361043236430247, "Accuracy": 0.32855558020856446, "MEAPE-mu": 74.50102165359924, "MEAPE-std": 0.5377694274136339, "_runtime": 3, "_timestamp": 1645788526, "_step": 0, "_wandb": {"runtime": 4}}