{"ARI": 0.0, "NMI": 0.0, "JSD": 0.17807895717104663, "Precision": 0.38320687357176164, "Recall": 0.6190370534723763, "F1-Score": 0.4733762859224146, "ROC AUC": 0.5759633381543341, "Accuracy": 0.6190370534723763, "MEAPE-mu": 39.25673555184159, "MEAPE-std": 0.18561259223090756, "_runtime": 1767, "_timestamp": 1646039904, "_step": 0, "_wandb": {"runtime": 1768}}