{"MAE": 27.766407694251924, "RMSE": 32.80778801253362, "MRAE": 0.6587612070308512, "JSD": 0.16321433058134385, "R^2-Score": 0.3032705837501434, "MEAPE-mu": 8.792711881642612, "MEAPE-std": 7.545179244112056, "_runtime": 2, "_timestamp": 1645118737, "_step": 0, "_wandb": {"runtime": 3}}