{"MAE": 31.08900859701109, "MRAE": 0.6225254812064065, "R^2-Score": 0.0661487361917813, "MEAPE-mu": 2.9689440389234103, "MEAPE-std": 0.3493659707285657, "RMSE": 37.08012021070172, "JSD": Infinity, "_runtime": 2, "_timestamp": 1645986509, "_step": 0, "_wandb": {"runtime": 4}}