{"MAE": 23.704156112670898, "RMSE": 31.161199119245193, "MRAE": 0.5853625770660602, "JSD": 0.14949891288131223, "R^2-Score": 0.26409916770228214, "MEAPE-mu": 6.097113786059504, "MEAPE-std": 4.479562611414165, "_runtime": 3, "_timestamp": 1645176225, "_step": 0, "_wandb": {"runtime": 4}}