{"MAE": 25.51244689052209, "MRAE": 0.4713456577725902, "R^2-Score": 0.001972363964635182, "MEAPE-mu": 4.008383877443219, "MEAPE-std": 0.2736772223239655, "RMSE": 31.311985381011933, "JSD": 0.15956182874405728, "_runtime": 2538, "_timestamp": 1652017461, "_step": 0, "_wandb": {"runtime": 2538}}