{"MAE": 8.59012398634674, "MRAE": 0.14822910283142265, "R^2-Score": 0.8427828337818193, "MEAPE-mu": 0.1876545578094944, "MEAPE-std": 0.14049886090392008, "RMSE": 14.272521044248222, "JSD": 0.06608718828088025, "_runtime": 2116, "_timestamp": 1646603758, "_step": 0, "_wandb": {"runtime": 2117}}