{"ARI": 0.2539881138567407, "NMI": 0.22296663938515168, "JSD": 0.15796009717244522, "Precision": 0.7875, "Recall": 0.7, "F1-Score": 0.6948148148148149, "ROC AUC": 0.6697665056360708, "Accuracy": 0.7, "MEAPE-mu": 17.771491742430218, "MEAPE-std": 7.194369380425125, "_runtime": 153, "_timestamp": 1645494196, "_step": 0, "_wandb": {"runtime": 153}}