{"ARI": 0.009073421319901739, "NMI": 0.004806228157810719, "JSD": Infinity, "Precision": 0.6732809907265962, "Recall": 0.7017262143717382, "F1-Score": 0.5859628348459106, "ROC AUC": 0.4795019740151022, "Accuracy": 0.7017262143717382, "MEAPE-mu": 145.82285380809714, "MEAPE-std": 3.9208610956123953, "_runtime": 34, "_timestamp": 1653751499, "_step": 0, "_wandb": {"runtime": 35}}