{"ARI": 0.9059665151615881, "NMI": 0.8192480144376013, "JSD": 0.059174052593439774, "Precision": 0.970938691387934, "Recall": 0.9710171345242435, "F1-Score": 0.97097128846416, "ROC AUC": 0.9675947309885278, "Accuracy": 0.9710171345242435, "MEAPE-mu": 0.24853702761523805, "MEAPE-std": 0.18177656837025766, "_runtime": 228, "_timestamp": 1646083279, "_step": 0, "_wandb": {"runtime": 229}}