{"ARI": 0.6320826353999073, "NMI": 0.5002636065370069, "JSD": 0.12127544440489338, "Precision": 0.8880168434107389, "Recall": 0.8857299070530344, "F1-Score": 0.87890446913815, "ROC AUC": 0.9595721269887695, "Accuracy": 0.8857299070530344, "MEAPE-mu": 6.717287776953834, "MEAPE-std": 0.4730279293180665, "_runtime": 20, "_timestamp": 1646865868, "_step": 0, "_wandb": {"runtime": 20}}