{"MAE": 17.695920027095582, "RMSE": 24.331429721116802, "MRAE": 0.3696941762220458, "JSD": 0.11958603312808168, "R^2-Score": 0.35281525786503454, "MEAPE-mu": 7.408334764407851, "MEAPE-std": 5.328226914305478, "_runtime": 2, "_timestamp": 1645118175, "_step": 0, "_wandb": {"runtime": 3}}