{"ARI": 0.14670705466578016, "NMI": 0.07044768521950705, "JSD": 0.1934035299935685, "Precision": 0.653185761831652, "Recall": 0.7254685777287762, "F1-Score": 0.6715331939552743, "ROC AUC": 0.7303437525236534, "Accuracy": 0.7254685777287762, "MEAPE-mu": 18.834561343409426, "MEAPE-std": 1.7362825241771211, "_runtime": 4, "_timestamp": 1654277713, "_step": 0, "_wandb": {"runtime": 5}}