{"MAE": 22.605293356255455, "MRAE": 0.3880893112545227, "R^2-Score": 0.49303338111210604, "MEAPE-mu": 4.738621474467342, "MEAPE-std": 3.3890059409859368, "RMSE": 25.670885351909902, "JSD": 0.12235272599228895, "_runtime": 3, "_timestamp": 1646297328, "_step": 0, "_wandb": {"runtime": 4}}