{"MAE": 26.789554360005578, "RMSE": 33.26381249613842, "MRAE": 0.45878770924475987, "JSD": 0.1459222453874676, "R^2-Score": 0.12624924679416683, "MEAPE-mu": 7.200561961473524, "MEAPE-std": 4.127718371598208, "_runtime": 2, "_timestamp": 1645106312, "_step": 0, "_wandb": {"runtime": 3}}