{"MAE": 20.102180898868664, "MRAE": 0.34494372614806745, "R^2-Score": 0.44884689643848286, "MEAPE-mu": 1.833759250251204, "MEAPE-std": 0.23302418367899064, "RMSE": 25.77839878412116, "JSD": Infinity, "_runtime": 5, "_timestamp": 1647416977, "_step": 0, "_wandb": {"runtime": 6}}