{"ARI": 0.12557406052117986, "NMI": 0.09486436450714712, "JSD": 0.23990094558931022, "Precision": 0.5249185315599684, "Recall": 0.5557133348125138, "F1-Score": 0.5238605227703171, "ROC AUC": 0.6219967064210649, "Accuracy": 0.5557133348125138, "MEAPE-mu": 7.115666287865901, "MEAPE-std": 0.5226106715009391, "_runtime": 1712, "_timestamp": 1649290579, "_step": 0, "_wandb": {"runtime": 1712}}