{"ARI": 0.03871309849454741, "NMI": 0.057058363325680046, "JSD": 0.17729604235229485, "Precision": 0.6432747273492673, "Recall": 0.6426003993787441, "F1-Score": 0.5256223159414811, "ROC AUC": 0.6429320333429995, "Accuracy": 0.6426003993787441, "MEAPE-mu": 35.99317512834562, "MEAPE-std": 0.2274141617481419, "_runtime": 199, "_timestamp": 1645946091, "_step": 0, "_wandb": {"runtime": 200}}