{"MAE": 23.972773653012013, "MRAE": 0.562735942420233, "R^2-Score": 0.0943060561740956, "MEAPE-mu": 16.652359863188746, "MEAPE-std": 7.750324976669482, "RMSE": 31.379351014501808, "JSD": 0.14794888996955752, "_runtime": 3, "_timestamp": 1646307636, "_step": 0, "_wandb": {"runtime": 4}}