{"MAE": 10.90815952962059, "MRAE": 0.17808157342111286, "R^2-Score": 0.6887037686795008, "MEAPE-mu": 0.683784596636037, "MEAPE-std": 0.1818928513070282, "RMSE": 19.034018681792684, "JSD": 0.09143494527537764, "_runtime": 11, "_timestamp": 1646998215, "_step": 0, "_wandb": {"runtime": 10}}