{"ARI": 0.23003148087701222, "NMI": 0.2630651673603841, "JSD": 0.19222066940840915, "Precision": 0.680881458531685, "Recall": 0.6970046594186821, "F1-Score": 0.6252042073321016, "ROC AUC": 0.6758346306533982, "Accuracy": 0.6970046594186821, "MEAPE-mu": 29.09700741529626, "MEAPE-std": 0.31665666004362586, "_runtime": 2210, "_timestamp": 1649112897, "_step": 0, "_wandb": {"runtime": 2209}}