{"MAE": 13.970711794953363, "MRAE": 0.2066374491950693, "R^2-Score": 0.7085897022362138, "MEAPE-mu": 0.34915418676511045, "MEAPE-std": 0.26718608328678567, "RMSE": 19.606305798279593, "JSD": Infinity, "_runtime": 204, "_timestamp": 1646554558, "_step": 0, "_wandb": {"runtime": 206}}