{"ARI": 0.6988230100101691, "NMI": 0.5807155447334462, "JSD": 0.10966403916627789, "Precision": 0.89760811896247, "Recall": 0.8983359218992678, "F1-Score": 0.8974660614551495, "ROC AUC": 0.9692137350888629, "Accuracy": 0.8983359218992678, "MEAPE-mu": 2.362558983421387, "MEAPE-std": 0.2027753704763411, "_runtime": 19, "_timestamp": 1648727004, "_step": 0, "_wandb": {"runtime": 14}}