{"ARI": 0.0, "NMI": 0.0, "JSD": 0.17878432623971877, "Precision": 0.49, "Recall": 0.7, "F1-Score": 0.5764705882352941, "ROC AUC": 0.758712905452036, "Accuracy": 0.7, "MEAPE-mu": 34.32055321384042, "MEAPE-std": 6.47505674191082, "_runtime": 4, "_timestamp": 1645459587, "_step": 0, "_wandb": {"runtime": 4}}