{"ARI": 0.7840875983835807, "NMI": 0.6640155952646993, "JSD": 0.09308322798467904, "Precision": 0.9342444195474089, "Recall": 0.9338478500551268, "F1-Score": 0.9340065215264383, "ROC AUC": 0.9807125339457422, "Accuracy": 0.9338478500551268, "MEAPE-mu": 1.0684828196646063, "MEAPE-std": 0.819091742283299, "_runtime": 119, "_timestamp": 1654113745, "_step": 0, "_wandb": {"runtime": 120}}