{"MAE": 19.69872052977466, "MRAE": 0.30764397595030435, "R^2-Score": -0.16644623595038133, "MEAPE-mu": 5.029862910434625, "MEAPE-std": 3.6724781566088303, "RMSE": 24.467484418704775, "JSD": 0.1168398751460336, "_runtime": 2, "_timestamp": 1646480942, "_step": 0, "_wandb": {"runtime": 4}}