{"ARI": 0.4900540832271333, "NMI": 0.3498688734565735, "JSD": 0.14764762994277583, "Precision": 0.8313684628144022, "Recall": 0.8361283266496536, "F1-Score": 0.826303324404599, "ROC AUC": 0.8448439676270071, "Accuracy": 0.8361283266496536, "MEAPE-mu": 8.842801874345833, "MEAPE-std": 0.5303536492824793, "_runtime": 3777, "_timestamp": 1647407949, "_step": 0, "_wandb": {"runtime": 3777}}