{"ARI": 0.09238776837996096, "NMI": 0.11016439952260915, "JSD": 0.17214572985488602, "Precision": 0.7402298850574713, "Recall": 0.7333333333333333, "F1-Score": 0.6463333333333333, "ROC AUC": 0.5317977915804003, "Accuracy": 0.7333333333333333, "MEAPE-mu": 30.55936082991901, "MEAPE-std": 7.145999234283506, "_runtime": 2, "_timestamp": 1645453548, "_step": 0, "_wandb": {"runtime": 3}}