{"ARI": 0.1799114830736994, "NMI": 0.08705311562138919, "JSD": 0.20879828034481449, "Precision": 0.7205776459272387, "Recall": 0.7384453254378481, "F1-Score": 0.7208463926784774, "ROC AUC": 0.6714558016002803, "Accuracy": 0.7384453254378481, "MEAPE-mu": 12.532862093486486, "MEAPE-std": 0.43197866574058336, "_runtime": 5, "_timestamp": 1645796688, "_step": 0, "_wandb": {"runtime": 6}}