{"MAE": 16.77722742357692, "RMSE": 20.790507031266312, "MRAE": 0.2293318552171169, "JSD": 0.0951431523041011, "R^2-Score": 0.04632120455948385, "MEAPE-mu": 3.625722900816671, "MEAPE-std": 3.070117689267711, "_runtime": 3, "_timestamp": 1645483340, "_step": 0, "_wandb": {"runtime": 4}}