{"MAE": 21.662943416189286, "MRAE": 0.40654207894850747, "R^2-Score": 0.429975583936399, "MEAPE-mu": 1.5414993451661931, "MEAPE-std": 0.4346734784582795, "RMSE": 27.044686833680185, "JSD": 0.12407528796593835, "_runtime": 8, "_timestamp": 1646320181, "_step": 0, "_wandb": {"runtime": 9}}