{"ARI": 0.0519761141927655, "NMI": 0.03746918792595572, "JSD": 0.20084348478960298, "Precision": 0.6029004857687824, "Recall": 0.6300865320612381, "F1-Score": 0.5445216224809543, "ROC AUC": 0.6457444459799354, "Accuracy": 0.6300865320612381, "MEAPE-mu": 30.000579471194087, "MEAPE-std": 0.3303103120325061, "_runtime": 1646, "_timestamp": 1646085584, "_step": 0, "_wandb": {"runtime": 1647}}