{"MAE": 20.45232286407757, "MRAE": 0.33985669042156313, "R^2-Score": -0.5823653593104923, "MEAPE-mu": 9.03361978057916, "MEAPE-std": 0.258540510804387, "RMSE": 26.92158500223577, "JSD": 0.14978759491787075, "_runtime": 1549, "_timestamp": 1649350939, "_step": 0, "_wandb": {"runtime": 1550}}