{"ARI": 0.028978512230286572, "NMI": 0.014325055964804434, "JSD": 0.1961263725038685, "Precision": 0.5267216878037816, "Recall": 0.6250277346350122, "F1-Score": 0.5186439162257126, "ROC AUC": 0.6258375532947255, "Accuracy": 0.6250277346350122, "MEAPE-mu": 32.63562709087556, "MEAPE-std": 0.27119782178827023, "_runtime": 40, "_timestamp": 1645626625, "_step": 0, "_wandb": {"runtime": 41}}