{"ARI": 0.1660772405931581, "NMI": 0.07940217269514409, "JSD": 0.19314328493782323, "Precision": 0.6936492143316245, "Recall": 0.7233460907599781, "F1-Score": 0.6739546576829244, "ROC AUC": 0.7400548202420613, "Accuracy": 0.7233460907599781, "MEAPE-mu": 18.933116535048217, "MEAPE-std": 0.6593932087836655, "_runtime": 49, "_timestamp": 1645558359, "_step": 0, "_wandb": {"runtime": 49}}