{"ARI": 0.09656698242123953, "NMI": 0.0691203398806155, "JSD": 0.21968306830096537, "Precision": 0.6113003406131035, "Recall": 0.6451612903225806, "F1-Score": 0.6266862170087976, "ROC AUC": 0.6246409053537747, "Accuracy": 0.6451612903225806, "MEAPE-mu": 9.893919091274928, "MEAPE-std": 7.7743629020835, "_runtime": 160, "_timestamp": 1645488107, "_step": 0, "_wandb": {"runtime": 160}}