{"MAE": 21.409683199646878, "RMSE": 27.665617669221437, "MRAE": 0.3633511691473939, "JSD": Infinity, "R^2-Score": 0.40234454717758117, "MEAPE-mu": 0.555447453665199, "MEAPE-std": 0.37137375405922, "_runtime": 156, "_timestamp": 1645213561, "_step": 0, "_wandb": {"runtime": 157}}