{"ARI": 0.11238544131677888, "NMI": 0.03291182290872909, "JSD": 0.2133850203979056, "Precision": 0.6228725002560968, "Recall": 0.6639329323856388, "F1-Score": 0.6343927264771636, "ROC AUC": 0.7039542967906797, "Accuracy": 0.6639329323856388, "MEAPE-mu": 14.057603877392715, "MEAPE-std": 0.7243291089606237, "_runtime": 5, "_timestamp": 1646917159, "_step": 0, "_wandb": {"runtime": 6}}