{"MAE": 21.790368116931344, "RMSE": 27.45063052052067, "MRAE": 0.3454266683893994, "JSD": 0.12592449326540806, "R^2-Score": 0.27956109192543466, "MEAPE-mu": 4.7564033743717715, "MEAPE-std": 3.2258812968650896, "_runtime": 1, "_timestamp": 1645107631, "_step": 0, "_wandb": {"runtime": 3}}