{"ARI": 0.9095260312634057, "NMI": 0.8259192760235681, "JSD": 0.05896178867956221, "Precision": 0.9722463803131213, "Recall": 0.9722931097338681, "F1-Score": 0.9722385379863511, "ROC AUC": 0.9678517986597023, "Accuracy": 0.9722931097338681, "MEAPE-mu": 0.5990476875943319, "MEAPE-std": 0.2264799832510579, "_runtime": 231, "_timestamp": 1646082805, "_step": 0, "_wandb": {"runtime": 231}}