{"ARI": 0.0, "NMI": 0.0, "JSD": 0.1780825084701762, "Precision": 0.3832618155944979, "Recall": 0.6190814288883958, "F1-Score": 0.4734311798729381, "ROC AUC": 0.6488456018582346, "Accuracy": 0.6190814288883958, "MEAPE-mu": 39.233937562846, "MEAPE-std": 0.21281197186140766, "_runtime": 5, "_timestamp": 1646929941, "_step": 0, "_wandb": {"runtime": 5}}