{"MAE": 27.022536633023197, "MRAE": 0.5685788586828555, "R^2-Score": 0.03641606489138105, "MEAPE-mu": 6.08097949935158, "MEAPE-std": 0.31981276291286476, "RMSE": 33.9065752127885, "JSD": Infinity, "_runtime": 2324, "_timestamp": 1646555360, "_step": 0, "_wandb": {"runtime": 2325}}