{"ARI": -0.00422890292499119, "NMI": 0.22751487358591307, "JSD": 0.3830616858238202, "Precision": 0.4838709677419355, "Recall": 0.06451612903225806, "F1-Score": 0.11379928315412186, "Accuracy": 0.06451612903225806, "MEAPE-mu": 212.7746955526993, "MEAPE-std": 59.25825077671947, "_runtime": 3, "_timestamp": 1645609597, "_step": 0, "_wandb": {"runtime": 4}}