{"ARI": -0.00024360836210341876, "NMI": 0.00016887762699900635, "JSD": 0.17817307890713566, "Precision": 0.48152542761536704, "Recall": 0.6937659496901203, "F1-Score": 0.5684819135751804, "ROC AUC": 0.6786532331871782, "Accuracy": 0.6937659496901203, "MEAPE-mu": 34.85193059989093, "MEAPE-std": 0.4575681619119317, "_runtime": 6, "_timestamp": 1646917477, "_step": 0, "_wandb": {"runtime": 5}}