{"MAE": 22.91, "RMSE": 28.029300145859267, "MRAE": 0.3597170266135209, "JSD": 0.12645818598260875, "R^2-Score": -0.5307722949758498, "MEAPE-mu": 8.896610100686061, "MEAPE-std": 6.419453530421607, "_runtime": 1, "_timestamp": 1645186172, "_step": 0, "_wandb": {"runtime": 3}}