{"MAE": 19.530460546157347, "MRAE": 0.4143375041507975, "R^2-Score": 0.4537974667509753, "MEAPE-mu": 0.3357931669194254, "MEAPE-std": 0.2121175728156884, "RMSE": 25.29935420745575, "JSD": Infinity, "_runtime": 5, "_timestamp": 1647019237, "_step": 0, "_wandb": {"runtime": 6}}