{"MAE": 21.49682603961242, "MRAE": 0.38501235022671026, "R^2-Score": 0.38357818212091177, "MEAPE-mu": 0.35349220595690994, "MEAPE-std": 0.24955916138799147, "RMSE": 29.47928450835773, "JSD": Infinity, "_runtime": 5, "_timestamp": 1647416989, "_step": 0, "_wandb": {"runtime": 6}}