{"MAE": 21.487319192303957, "RMSE": 28.399334770194436, "MRAE": 0.37495742123730685, "JSD": Infinity, "R^2-Score": 0.10500468104649496, "MEAPE-mu": 0.7762559197324616, "MEAPE-std": 0.46317741130463724, "_runtime": 5, "_timestamp": 1645533502, "_step": 0, "_wandb": {"runtime": 5}}