{"ARI": 0.4523320261228291, "NMI": 0.34845187919477294, "JSD": 0.15446051432997257, "Precision": 0.8048576144232744, "Recall": 0.8048369203461282, "F1-Score": 0.7993082815751218, "ROC AUC": 0.8693414281909414, "Accuracy": 0.8048369203461282, "MEAPE-mu": 4.027661086160881, "MEAPE-std": 0.2792729146430281, "_runtime": 1601, "_timestamp": 1654211368, "_step": 0, "_wandb": {"runtime": 1601}}