{"MAE": 2.1980745516968274, "MRAE": 0.03725565402472122, "R^2-Score": 0.9840809136222183, "MEAPE-mu": 0.12350832526315537, "MEAPE-std": 0.07601006008598461, "RMSE": 4.479000422377521, "JSD": Infinity, "_runtime": 825, "_timestamp": 1646693915, "_step": 0, "_wandb": {"runtime": 826}}