{"MAE": 20.595809822148734, "RMSE": 25.0245795028892, "MRAE": 0.5919516152801505, "JSD": 0.13716266832548862, "R^2-Score": 0.5695250051116649, "MEAPE-mu": 4.004025656506561, "MEAPE-std": 3.4412566110311853, "_runtime": 2, "_timestamp": 1645185259, "_step": 0, "_wandb": {"runtime": 3}}