{"ARI": -0.033483763853576994, "NMI": 0.015910776784916352, "JSD": 0.2185681958227163, "Precision": 0.42280733937702847, "Recall": 0.5803416907033504, "F1-Score": 0.47013044577876417, "ROC AUC": 0.5417386473648009, "Accuracy": 0.5803416907033504, "MEAPE-mu": 31.835579759123664, "MEAPE-std": 0.37240771152693164, "_runtime": 196, "_timestamp": 1648220221, "_step": 0, "_wandb": {"runtime": 196}}