{"ARI": 0.055261657381901995, "NMI": 0.06739065153342064, "JSD": 0.19775506521347486, "Precision": 0.6406326333577879, "Recall": 0.6381184823607722, "F1-Score": 0.5536865833571745, "ROC AUC": 0.6479921675352456, "Accuracy": 0.6381184823607722, "MEAPE-mu": 30.95046994223297, "MEAPE-std": 0.2463764337059179, "_runtime": 8807, "_timestamp": 1648171671, "_step": 0, "_wandb": {"runtime": 8806}}