{"ARI": 0.0, "NMI": 0.0, "JSD": 0.17808250847017623, "Precision": 0.3832618155944979, "Recall": 0.6190814288883958, "F1-Score": 0.4734311798729381, "ROC AUC": 0.6517831202484101, "Accuracy": 0.6190814288883958, "MEAPE-mu": 39.254359857545886, "MEAPE-std": 0.18858001868528318, "_runtime": 5, "_timestamp": 1646930002, "_step": 0, "_wandb": {"runtime": 5}}