{"ARI": 0.08150081309681897, "NMI": 0.029636528826281375, "JSD": 0.2264024643425227, "Precision": 0.5523430442026538, "Recall": 0.3102442581115567, "F1-Score": 0.3224258970816167, "ROC AUC": 0.6649125378518396, "Accuracy": 0.3102442581115567, "MEAPE-mu": 56.92936239596792, "MEAPE-std": 1.3289816759241424, "_runtime": 3, "_timestamp": 1645786211, "_step": 0, "_wandb": {"runtime": 4}}