{"MAE": 22.011642575633314, "MRAE": 0.39212196407180017, "R^2-Score": 0.37139236401370934, "MEAPE-mu": 0.36359777698808765, "MEAPE-std": 0.25647784730109535, "RMSE": 28.28249289581205, "JSD": Infinity, "_runtime": 3, "_timestamp": 1646320675, "_step": 0, "_wandb": {"runtime": 4}}