{"ARI": 0.0, "NMI": 6.72167951363937e-16, "JSD": 0.17634804296710868, "Precision": 0.4588969823100936, "Recall": 0.6774193548387096, "F1-Score": 0.5471464019851118, "ROC AUC": 0.4104454685099846, "Accuracy": 0.6774193548387096, "MEAPE-mu": 34.93689493982303, "MEAPE-std": 6.412957440588573, "_runtime": 6, "_timestamp": 1646943086, "_step": 0, "_wandb": {"runtime": 6}}