{"ARI": 0.12445375937698565, "NMI": 0.10530212173563062, "JSD": 0.2040482964771992, "Precision": 0.6249254184156792, "Recall": 0.5808741956955846, "F1-Score": 0.5919353374994673, "ROC AUC": 0.6957943605543463, "Accuracy": 0.5808741956955846, "MEAPE-mu": 14.877692831480447, "MEAPE-std": 0.4234851426426376, "_runtime": 2, "_timestamp": 1645787365, "_step": 0, "_wandb": {"runtime": 4}}