{"ARI": 0.03255332597349985, "NMI": 0.01647706150687793, "JSD": 0.1873872300801648, "Precision": 0.7236873674485561, "Recall": 0.7547318611987381, "F1-Score": 0.6639959339343919, "ROC AUC": 0.7217135897986962, "Accuracy": 0.7547318611987381, "MEAPE-mu": 31.051493595377192, "MEAPE-std": 0.6016451643157136, "_runtime": 4, "_timestamp": 1645773776, "_step": 0, "_wandb": {"runtime": 5}}