{"ARI": 0.0, "NMI": 0.0, "JSD": 0.17878432623971877, "Precision": 0.49, "Recall": 0.7, "F1-Score": 0.5764705882352941, "ROC AUC": 0.2524672187715666, "Accuracy": 0.7, "MEAPE-mu": 33.82728094699937, "MEAPE-std": 7.345021466752854, "_runtime": 5, "_timestamp": 1646945289, "_step": 0, "_wandb": {"runtime": 6}}