{"MAE": 28.549811079508753, "MRAE": 0.9003529090985267, "R^2-Score": 0.2238402827844339, "MEAPE-mu": 8.296988118036513, "MEAPE-std": 7.197786574965995, "RMSE": 35.34450897435157, "JSD": 0.17421098958877523, "_runtime": 11, "_timestamp": 1646310483, "_step": 0, "_wandb": {"runtime": 12}}