{"ARI": 0.15649446355013039, "NMI": 0.18281523034129096, "JSD": 0.1689332138177398, "Precision": 0.7486095661846497, "Recall": 0.7419354838709677, "F1-Score": 0.672258064516129, "ROC AUC": 0.6840595831116699, "MEAPE-mu": 27.32972373956186, "MEAPE-std": 8.087625306236482, "_runtime": 2, "_timestamp": 1645443915, "_step": 0, "_wandb": {"runtime": 3}}