{"MAE": 24.35441185387968, "RMSE": 28.93830890746504, "MRAE": 0.40148308216909323, "JSD": Infinity, "R^2-Score": 0.21187028196846625, "MEAPE-mu": 5.124821922463197, "MEAPE-std": 0.4344708940016443, "_runtime": 5, "_timestamp": 1645517897, "_step": 0, "_wandb": {"runtime": 5}}