{"MAE": 21.785793528537887, "RMSE": 28.40032589229269, "MRAE": 0.35630443766365655, "JSD": 0.12580615363687828, "R^2-Score": 0.3852161407580543, "MEAPE-mu": 5.544361548056879, "MEAPE-std": 3.8863615193656083, "_runtime": 1, "_timestamp": 1645185963, "_step": 0, "_wandb": {"runtime": 3}}