{"ARI": 0.04146259176022733, "NMI": 0.08555887479691694, "JSD": 0.23276180112289652, "Precision": 0.5300700764122416, "Recall": 0.4591968049700466, "F1-Score": 0.4689087431557506, "ROC AUC": 0.5977614848243934, "Accuracy": 0.4591968049700466, "MEAPE-mu": 18.022766528322396, "MEAPE-std": 0.5066040295932012, "_runtime": 4, "_timestamp": 1645790183, "_step": 0, "_wandb": {"runtime": 4}}