{"ARI": 0.8680752937911895, "NMI": 0.8041016747745051, "JSD": 0.07857504024229088, "Precision": 0.9627418748553548, "Recall": 0.9629967189208896, "F1-Score": 0.9627457286264627, "ROC AUC": 0.9719465768346578, "Accuracy": 0.9629967189208896, "MEAPE-mu": 1.190971589253892, "MEAPE-std": 0.30914836442590865, "_runtime": 2517, "_timestamp": 1647060884, "_step": 0, "_wandb": {"runtime": 2518}}