{"ARI": 0.36478956787136074, "NMI": 0.2219417532397009, "JSD": 0.17208067270347896, "Precision": 0.8221703366420808, "Recall": 0.8308359621451105, "F1-Score": 0.8174933995373312, "ROC AUC": 0.875729439528391, "Accuracy": 0.8308359621451105, "MEAPE-mu": 11.662742804575075, "MEAPE-std": 0.7092177334542988, "_runtime": 4, "_timestamp": 1645785704, "_step": 0, "_wandb": {"runtime": 4}}