{"MAE": 13.680085606664576, "MRAE": 0.1949583402768715, "R^2-Score": 0.7198560306826469, "MEAPE-mu": 0.6523372677913679, "MEAPE-std": 0.34547258130113084, "RMSE": 19.306693961997986, "JSD": Infinity, "_runtime": 1102, "_timestamp": 1646536616, "_step": 0, "_wandb": {"runtime": 1104}}