{"ARI": 0.3137111758318872, "NMI": 0.19861951821000146, "JSD": 0.17104024499459347, "Precision": 0.7378868113487287, "Recall": 0.7794928335170893, "F1-Score": 0.7469640010738123, "ROC AUC": 0.7876534162673139, "Accuracy": 0.7794928335170893, "MEAPE-mu": 9.339507846790129, "MEAPE-std": 1.56051773728044, "_runtime": 5, "_timestamp": 1654262048, "_step": 0, "_wandb": {"runtime": 6}}