{"MAE": 24.469775246323493, "RMSE": 30.8526586162915, "MRAE": 0.45214116884986366, "JSD": Infinity, "R^2-Score": 0.2447985862645473, "MEAPE-mu": 0.4684133576437348, "MEAPE-std": 0.4122193607356528, "_runtime": 4, "_timestamp": 1645387971, "_step": 0, "_wandb": {"runtime": 5}}