{"MAE": 13.406636824554003, "MRAE": 0.1966567659306756, "R^2-Score": 0.7206151332993194, "MEAPE-mu": 0.3184728859016623, "MEAPE-std": 0.23310825308723268, "RMSE": 18.84815453667332, "JSD": Infinity, "_runtime": 231, "_timestamp": 1646553258, "_step": 0, "_wandb": {"runtime": 232}}