{"MAE": 21.401138658774958, "RMSE": 27.68690730419177, "MRAE": 0.36825357037142253, "JSD": 0.12360444990402862, "R^2-Score": 0.40344993033199994, "MEAPE-mu": 0.40385980239110514, "MEAPE-std": 0.2674332669603925, "_runtime": 280, "_timestamp": 1645238538, "_step": 0, "_wandb": {"runtime": 282}}