{"ARI": 0.0, "NMI": 7.543047442117314e-15, "JSD": Infinity, "Precision": 0.4900772851267945, "Recall": 0.7000552014854218, "F1-Score": 0.576542790726548, "ROC AUC": 0.5227372430637636, "Accuracy": 0.7000552014854218, "MEAPE-mu": 149.5528398996388, "MEAPE-std": 3.914749631658604, "_runtime": 4, "_timestamp": 1653982408, "_step": 0, "_wandb": {"runtime": 5}}