{"MAE": 14.87291148747418, "MRAE": 0.31192425232881255, "R^2-Score": 0.2480008353808868, "MEAPE-mu": 12.291418150658233, "MEAPE-std": 0.20584043157640833, "RMSE": 18.55905765409997, "JSD": 0.0973739829603399, "_runtime": 5, "_timestamp": 1647000715, "_step": 0, "_wandb": {"runtime": 5}}