{"ARI": 0.3354281260610534, "NMI": 0.34266059398039816, "JSD": 0.15110245811419448, "Precision": 0.825518869179684, "Recall": 0.7739072553805192, "F1-Score": 0.7390603663670663, "ROC AUC": 0.8740402232277529, "Accuracy": 0.7739072553805192, "MEAPE-mu": 20.303996720562544, "MEAPE-std": 0.24400868953909313, "_runtime": 5730, "_timestamp": 1649400586, "_step": 0, "_wandb": {"runtime": 5730}}