{"ARI": 0.11405548898703716, "NMI": 0.06484721948143468, "JSD": 0.20400236364432464, "Precision": 0.4936018501123392, "Recall": 0.6256933658753051, "F1-Score": 0.5281045989184928, "ROC AUC": 0.7286932805161015, "Accuracy": 0.6256933658753051, "MEAPE-mu": 27.98561354798682, "MEAPE-std": 0.2798926921226559, "_runtime": 216, "_timestamp": 1645945192, "_step": 0, "_wandb": {"runtime": 216}}