{"MAE": 23.245046902086106, "RMSE": 28.405352390687394, "MRAE": 0.37535600827583365, "JSD": 0.12512045905040825, "R^2-Score": 0.384998503569148, "MEAPE-mu": 4.785021380816164, "MEAPE-std": 3.9477068647695264, "_runtime": 2, "_timestamp": 1645188780, "_step": 0, "_wandb": {"runtime": 3}}