{"ARI": 0.009266755675794876, "NMI": 0.004637441485284599, "JSD": Infinity, "Precision": 0.6682519648583982, "Recall": 0.7015606965423797, "F1-Score": 0.5863019885102815, "ROC AUC": 0.46537167865107754, "Accuracy": 0.7015606965423797, "MEAPE-mu": 145.9187820848364, "MEAPE-std": 3.856900101880304, "_runtime": 34, "_timestamp": 1653751742, "_step": 0, "_wandb": {"runtime": 35}}