{"MAE": 23.243342850778607, "RMSE": 29.614341655639038, "MRAE": 0.42589705115630044, "JSD": 0.13268429765612416, "R^2-Score": 0.3071555029621795, "MEAPE-mu": 2.620240012999543, "MEAPE-std": 0.5448528658702035, "_runtime": 54, "_timestamp": 1645200693, "_step": 0, "_wandb": {"runtime": 54}}