{"MAE": 17.62548699391669, "RMSE": 21.766590161313097, "MRAE": 0.2643532177125773, "JSD": 0.10210018888203173, "R^2-Score": 0.07686145425719171, "MEAPE-mu": 4.3551757938249445, "MEAPE-std": 3.302295471712379, "_runtime": 1, "_timestamp": 1645189306, "_step": 0, "_wandb": {"runtime": 3}}