{"MAE": 25.087096774193547, "MRAE": 0.6239278866820461, "R^2-Score": 0.4540802530937359, "MEAPE-mu": 7.9386209986026826, "MEAPE-std": 6.749062133451211, "RMSE": 30.430253409734288, "JSD": 0.16032611248746492, "_runtime": 3, "_timestamp": 1646307673, "_step": 0, "_wandb": {"runtime": 4}}