{"MAE": 24.808051858166802, "MRAE": 0.49571707198941384, "R^2-Score": 0.13160561279468752, "MEAPE-mu": 3.7055526185670833, "MEAPE-std": 0.2589424737505027, "RMSE": 31.593857855425725, "JSD": 0.15911938819848065, "_runtime": 2958, "_timestamp": 1649119830, "_step": 0, "_wandb": {"runtime": 2958}}