{"ARI": 0.701569324414607, "NMI": 0.58583463157718, "JSD": 0.10965961686164673, "Precision": 0.8990309513721905, "Recall": 0.8997115597958731, "F1-Score": 0.8988386329790902, "ROC AUC": 0.969109273385625, "Accuracy": 0.8997115597958731, "MEAPE-mu": 2.4878735964948175, "MEAPE-std": 0.1983779193009862, "_runtime": 12, "_timestamp": 1648726933, "_step": 0, "_wandb": {"runtime": 13}}