{"ARI": 0.12673267326732673, "NMI": 0.05075784473037743, "JSD": 0.21040651727551302, "Precision": 0.71875, "Recall": 0.75, "F1-Score": 0.7242424242424244, "ROC AUC": 0.7210884353741497, "Accuracy": 0.75, "MEAPE-mu": 14.294226017734227, "MEAPE-std": 8.747674363049828, "_runtime": 2, "_timestamp": 1645461425, "_step": 0, "_wandb": {"runtime": 3}}