{"ARI": 0.3269267236606491, "NMI": 0.22699969172319784, "JSD": 0.17829854725398328, "Precision": 0.7383523021977009, "Recall": 0.7441313512314178, "F1-Score": 0.7363828983173107, "ROC AUC": 0.8628433636847533, "Accuracy": 0.7441313512314178, "MEAPE-mu": 5.434337781436896, "MEAPE-std": 0.3004498818614599, "_runtime": 3591, "_timestamp": 1652531479, "_step": 0, "_wandb": {"runtime": 3592}}