{"ARI": 0.7332851606190031, "NMI": 0.6356962770499727, "JSD": 0.10234789209096853, "Precision": 0.9140857694728663, "Recall": 0.9124916796094963, "F1-Score": 0.9129267626716162, "ROC AUC": 0.9830092820410996, "Accuracy": 0.9124916796094963, "MEAPE-mu": 2.1107739796350584, "MEAPE-std": 0.21547740038378468, "_runtime": 10063, "_timestamp": 1655321757, "_step": 0, "_wandb": {"runtime": 10062}}