{"ARI": 0.0, "NMI": 6.913781471888327e-15, "JSD": 0.17801967926507428, "Precision": 0.4815641485056782, "Recall": 0.6939482318629238, "F1-Score": 0.5685700890352202, "ROC AUC": 0.6097259968877883, "Accuracy": 0.6939482318629238, "MEAPE-mu": 34.939161677805984, "MEAPE-std": 0.45532829674520814, "_runtime": 3, "_timestamp": 1645775056, "_step": 0, "_wandb": {"runtime": 4}}