{"MAE": 26.861509502981857, "MRAE": 0.600016100175124, "R^2-Score": 0.05021934710188525, "MEAPE-mu": 0.3642682272729274, "MEAPE-std": 0.23085113790916392, "RMSE": 33.331506659742956, "JSD": 0.17363017468442632, "_runtime": 7278, "_timestamp": 1646521017, "_step": 0, "_wandb": {"runtime": 7278}}