{"MAE": 19.56753158969305, "RMSE": 23.35387511100747, "MRAE": 0.47792919324341315, "JSD": 0.11476802265506046, "R^2-Score": 0.556162777932902, "MEAPE-mu": 4.1886443813933685, "MEAPE-std": 3.2460031928136566, "_runtime": 5, "_timestamp": 1645433180, "_step": 0, "_wandb": {"runtime": 6}}