{"ARI": 0.008309942128312636, "NMI": 0.0007612836487549426, "JSD": Infinity, "Precision": 0.6418083702054745, "Recall": 0.7397476340694006, "F1-Score": 0.6532264349897199, "ROC AUC": 0.538240404943623, "Accuracy": 0.7397476340694006, "MEAPE-mu": 88.30290839452549, "MEAPE-std": 4.292666812929986, "_runtime": 808, "_timestamp": 1654010759, "_step": 0, "_wandb": {"runtime": 810}}