{"ARI": -0.0027052458245118796, "NMI": 0.01701140832523184, "JSD": 0.21758162475729964, "Precision": 0.5821812596006144, "Recall": 0.6774193548387096, "F1-Score": 0.6129032258064516, "ROC AUC": 0.6935792856260042, "Accuracy": 0.6774193548387096, "MEAPE-mu": 20.579448722578892, "MEAPE-std": 9.384811527700286, "_runtime": 2, "_timestamp": 1645459525, "_step": 0, "_wandb": {"runtime": 3}}