{"ARI": 0.8672411221854736, "NMI": 0.8049926221692549, "JSD": 0.07876396436765164, "Precision": 0.9626469922330522, "Recall": 0.9628212137780208, "F1-Score": 0.9624957358754366, "ROC AUC": 0.9692952172332786, "Accuracy": 0.9628212137780208, "MEAPE-mu": 1.7498391355385474, "MEAPE-std": 0.3524351593139392, "_runtime": 2919, "_timestamp": 1647055650, "_step": 0, "_wandb": {"runtime": 2919}}