{"MAE": 3.2238928376161837, "MRAE": 0.05841202843023272, "R^2-Score": 0.9135607391640508, "MEAPE-mu": 0.47253831311861616, "MEAPE-std": 0.1746569158876756, "RMSE": 10.549265213144938, "JSD": 0.04766267559733805, "_runtime": 143, "_timestamp": 1646551424, "_step": 0, "_wandb": {"runtime": 144}}