{"ARI": 0.33902220419861523, "NMI": 0.20916700200412858, "JSD": 0.16962897541373437, "Precision": 0.7623542316033892, "Recall": 0.7759752096244987, "F1-Score": 0.7586054469864588, "ROC AUC": 0.7665936639412193, "Accuracy": 0.7759752096244987, "MEAPE-mu": 12.045734043005405, "MEAPE-std": 0.5995316204178355, "_runtime": 17, "_timestamp": 1646029306, "_step": 0, "_wandb": {"runtime": 18}}