{"MAE": 23.424747320452987, "MRAE": 0.5838583894821862, "R^2-Score": 0.22564183329949694, "MEAPE-mu": 5.900147031684108, "MEAPE-std": 0.3383769876049122, "RMSE": 30.282178820773904, "JSD": 0.1601207765793264, "_runtime": 16, "_timestamp": 1648655118, "_step": 0, "_wandb": {"runtime": 16}}