{"MAE": 28.626419142053223, "MRAE": 0.563101719295778, "R^2-Score": 0.2817888211732721, "MEAPE-mu": 5.517109346800684, "MEAPE-std": 3.982382647548234, "RMSE": 31.645709789295843, "JSD": 0.14369834336058016, "_runtime": 4, "_timestamp": 1646307922, "_step": 0, "_wandb": {"runtime": 4}}