{"ARI": 0.0769468956765083, "NMI": 0.031477318204266046, "JSD": 0.21497180482281517, "Precision": 0.6351685152348097, "Recall": 0.6824696802646086, "F1-Score": 0.6374307972028087, "ROC AUC": 0.7001867054032577, "Accuracy": 0.6824696802646086, "MEAPE-mu": 15.777112120441325, "MEAPE-std": 1.9722153495887396, "_runtime": 2, "_timestamp": 1654268802, "_step": 0, "_wandb": {"runtime": 4}}