{"ARI": 0.14119332102069276, "NMI": 0.12104994980457512, "JSD": 0.2063496072807545, "Precision": 0.6683029453015429, "Recall": 0.7096774193548387, "F1-Score": 0.6881720430107527, "ROC AUC": 0.7528581139537758, "Accuracy": 0.7096774193548387, "MEAPE-mu": 9.162400058462035, "MEAPE-std": 8.310493183252701, "_runtime": 147, "_timestamp": 1645487941, "_step": 0, "_wandb": {"runtime": 147}}