{"ARI": 0.0, "NMI": 0.0, "JSD": 0.17808250847017623, "Precision": 0.3832618155944979, "Recall": 0.6190814288883958, "F1-Score": 0.4734311798729381, "ROC AUC": 0.576219336420049, "Accuracy": 0.6190814288883958, "MEAPE-mu": 39.253142996821545, "MEAPE-std": 0.19455160796218818, "_runtime": 5, "_timestamp": 1646931597, "_step": 0, "_wandb": {"runtime": 5}}