{"ARI": 0.10204280898919754, "NMI": 0.07404294256222829, "JSD": 0.20416796807298437, "Precision": 0.5698873879156288, "Recall": 0.6549367650321721, "F1-Score": 0.5956290519006786, "ROC AUC": 0.7094066961585082, "Accuracy": 0.6549367650321721, "MEAPE-mu": 18.755694304357117, "MEAPE-std": 0.33151578998443704, "_runtime": 9, "_timestamp": 1646846118, "_step": 0, "_wandb": {"runtime": 9}}