{"ARI": 0.0, "NMI": 0.0, "JSD": 0.1780825084701762, "Precision": 0.3832618155944979, "Recall": 0.6190814288883958, "F1-Score": 0.4734311798729381, "ROC AUC": 0.579674991180679, "Accuracy": 0.6190814288883958, "MEAPE-mu": 39.25661259700832, "MEAPE-std": 0.21422428474932573, "_runtime": 1551, "_timestamp": 1646030967, "_step": 0, "_wandb": {"runtime": 1551}}