{"ARI": 0.05397754773224372, "NMI": 0.03725116865689482, "JSD": 0.20690648385741078, "Precision": 0.5956449049252227, "Recall": 0.6262258708675393, "F1-Score": 0.5489936260160355, "ROC AUC": 0.6378240614359911, "Accuracy": 0.6262258708675393, "MEAPE-mu": 27.828717749711164, "MEAPE-std": 0.308192084984819, "_runtime": 660, "_timestamp": 1645722330, "_step": 0, "_wandb": {"runtime": 661}}