{"ARI": 0.02895670273780138, "NMI": 0.018785168087349716, "JSD": 0.20385089617168553, "Precision": 0.5566464444078564, "Recall": 0.6165520301752829, "F1-Score": 0.5233104655894152, "ROC AUC": 0.6036926746379747, "Accuracy": 0.6165520301752829, "MEAPE-mu": 30.713385435052164, "MEAPE-std": 0.2522029486034633, "_runtime": 3, "_timestamp": 1645606200, "_step": 0, "_wandb": {"runtime": 4}}