{"MAE": 17.48946601057044, "MRAE": 0.3028621630284428, "R^2-Score": 0.5492103847097562, "MEAPE-mu": 3.1068125726151545, "MEAPE-std": 0.43015424079200587, "RMSE": 23.700289827890437, "JSD": 0.10467428584467686, "_runtime": 60, "_timestamp": 1646421853, "_step": 0, "_wandb": {"runtime": 62}}