{"ARI": 0.0, "NMI": 7.024775910151136e-16, "JSD": 0.18130219460421393, "Precision": 0.4588969823100936, "Recall": 0.6774193548387096, "F1-Score": 0.5471464019851118, "ROC AUC": 0.5721598877980365, "Accuracy": 0.6774193548387096, "MEAPE-mu": 36.06267724457873, "MEAPE-std": 6.050088861969889, "_runtime": 5, "_timestamp": 1646932601, "_step": 0, "_wandb": {"runtime": 5}}