{"ARI": 0.5188018702377877, "NMI": 0.3821508665634083, "JSD": 0.1434070989309199, "Precision": 0.8442579997817615, "Recall": 0.8476121035362741, "F1-Score": 0.8400944326276651, "ROC AUC": 0.8586157910196729, "Accuracy": 0.8476121035362741, "MEAPE-mu": 7.636288645373055, "MEAPE-std": 0.5182734054612063, "_runtime": 4260, "_timestamp": 1647392110, "_step": 0, "_wandb": {"runtime": 4260}}