{"ARI": 0.9981925450225255, "NMI": 0.9945372792135405, "JSD": 0.007155071895056518, "Precision": 0.9994533933146039, "Recall": 0.9994531534815895, "F1-Score": 0.9994527851307531, "ROC AUC": 0.9999940156732791, "Accuracy": 0.9994531534815895, "MEAPE-mu": 0.022320766093063674, "MEAPE-std": 0.019135334247542813, "_runtime": 109, "_timestamp": 1646793233, "_step": 0, "_wandb": {"runtime": 109}}