{"MAE": 27.008227076143122, "MRAE": 0.523150706472495, "R^2-Score": 0.03025156365637638, "MEAPE-mu": 1.4359800191650265, "MEAPE-std": 0.3287965743687148, "RMSE": 32.266658436235694, "JSD": Infinity, "_runtime": 3, "_timestamp": 1645988965, "_step": 0, "_wandb": {"runtime": 4}}