{"ARI": -0.06337646553181715, "NMI": 0.0661644968233065, "JSD": 0.18516567468257744, "Precision": 0.7337255037287479, "Recall": 0.34870579657309514, "F1-Score": 0.2993660899588026, "ROC AUC": 0.7447607952334606, "Accuracy": 0.34870579657309514, "MEAPE-mu": 77.97979465334176, "MEAPE-std": 1.3090352387183928, "_runtime": 2, "_timestamp": 1645786172, "_step": 0, "_wandb": {"runtime": 4}}