{"ARI": 0.09420719932070303, "NMI": 0.041259584054109844, "JSD": 0.20864348237616778, "Precision": 0.5769715434085909, "Recall": 0.5331706234745951, "F1-Score": 0.5347520300929485, "ROC AUC": 0.6501264586719809, "Accuracy": 0.5331706234745951, "MEAPE-mu": 6.670439352474299, "MEAPE-std": 0.3921196656569573, "_runtime": 5, "_timestamp": 1646930787, "_step": 0, "_wandb": {"runtime": 6}}