{"ARI": -0.026038104401749113, "NMI": 0.021250755924852278, "JSD": 0.2429512990417597, "Precision": 0.45941759240521807, "Recall": 0.5570002218770801, "F1-Score": 0.49602349423535, "ROC AUC": 0.5445027227979147, "Accuracy": 0.5570002218770801, "MEAPE-mu": 18.331990201796074, "MEAPE-std": 0.41666087499993415, "_runtime": 137, "_timestamp": 1648219387, "_step": 0, "_wandb": {"runtime": 137}}