{"ARI": 0.07472344337405473, "NMI": 0.086732398968033, "JSD": 0.2123612645553027, "Precision": 0.5552467710372864, "Recall": 0.6394053694253383, "F1-Score": 0.584795039931538, "ROC AUC": 0.6497169385363608, "Accuracy": 0.6394053694253383, "MEAPE-mu": 16.585024326057706, "MEAPE-std": 0.35858622218732605, "_runtime": 3427, "_timestamp": 1648577245, "_step": 0, "_wandb": {"runtime": 3428}}