{"ARI": -0.04424202992843201, "NMI": 0.02649549439276696, "JSD": 0.17752884156346072, "Precision": 0.05632183908045977, "Recall": 0.23333333333333334, "F1-Score": 0.09074074074074075, "ROC AUC": 0.5914136185875317, "Accuracy": 0.23333333333333334, "MEAPE-mu": 94.89326693330133, "MEAPE-std": 19.108246815769903, "_runtime": 3, "_timestamp": 1645463273, "_step": 0, "_wandb": {"runtime": 4}}