{"ARI": 0.007960808328230252, "NMI": 0.01857874548620106, "JSD": 0.18064026930533902, "Precision": 0.07571644042232278, "Recall": 0.16666666666666666, "F1-Score": 0.10035087719298247, "ROC AUC": 0.5869220151828848, "Accuracy": 0.16666666666666666, "MEAPE-mu": 59.773514416950896, "MEAPE-std": 15.134439982011752, "_runtime": 5, "_timestamp": 1646932952, "_step": 0, "_wandb": {"runtime": 5}}