{"ARI": 0.006588881947932077, "NMI": 0.0004762698163219468, "JSD": Infinity, "Precision": 0.6382632890374332, "Recall": 0.7387103135476237, "F1-Score": 0.6523062473623134, "ROC AUC": 0.5164104763709756, "Accuracy": 0.7387103135476237, "MEAPE-mu": 87.36714561119663, "MEAPE-std": 4.67356311484592, "_runtime": 789, "_timestamp": 1654013987, "_step": 0, "_wandb": {"runtime": 789}}