{"ARI": 0.14406484065723485, "NMI": 0.06735472818087974, "JSD": 0.19589174573101098, "Precision": 0.6826258312477345, "Recall": 0.7169157856361648, "F1-Score": 0.6654163110371575, "ROC AUC": 0.7292156370144106, "Accuracy": 0.7169157856361648, "MEAPE-mu": 19.136598295707532, "MEAPE-std": 0.8031537959014275, "_runtime": 73, "_timestamp": 1645508128, "_step": 0, "_wandb": {"runtime": 74}}