{"MAE": 20.772705323561205, "RMSE": 27.273743646507683, "MRAE": 0.32376188116963295, "JSD": 0.11730273332031216, "R^2-Score": 0.24126042470546327, "MEAPE-mu": 8.262502383643662, "MEAPE-std": 6.079481088114731, "_runtime": 3, "_timestamp": 1645389594, "_step": 0, "_wandb": {"runtime": 4}}