{"ARI": 0.054066735626945625, "NMI": 0.039280445312080484, "JSD": 0.19902881524748392, "Precision": 0.6096533464229986, "Recall": 0.6320834257821167, "F1-Score": 0.5444204350375725, "ROC AUC": 0.6556763134479934, "Accuracy": 0.6320834257821167, "MEAPE-mu": 30.609423859882426, "MEAPE-std": 0.29877214509425515, "_runtime": 1737, "_timestamp": 1646083931, "_step": 0, "_wandb": {"runtime": 1738}}