{"ARI": 0.015628451513143363, "NMI": 0.18007409948226505, "JSD": 0.28724523176097205, "Precision": 0.5795698924731183, "Recall": 0.16129032258064516, "F1-Score": 0.24317617866004962, "Accuracy": 0.16129032258064516, "MEAPE-mu": 117.534942857889, "MEAPE-std": 27.756196733802625, "_runtime": 4, "_timestamp": 1645615427, "_step": 0, "_wandb": {"runtime": 4}}