{"MAE": 30.79712400478109, "MRAE": 0.6305988764309676, "R^2-Score": 0.16027290441193665, "MEAPE-mu": 5.814904723212882, "MEAPE-std": 4.096993782559166, "RMSE": 35.7744148139978, "JSD": 0.1643554904472688, "_runtime": 3, "_timestamp": 1646308428, "_step": 0, "_wandb": {"runtime": 4}}