{"ARI": 0.08502280729614896, "NMI": 0.034820687587068445, "JSD": 0.19614554740637066, "Precision": 0.7185314996648258, "Recall": 0.7580358903569315, "F1-Score": 0.6953562110102697, "ROC AUC": 0.723614768597487, "Accuracy": 0.7580358903569315, "MEAPE-mu": 25.773195816674612, "MEAPE-std": 0.6404095095492949, "_runtime": 2, "_timestamp": 1645452596, "_step": 0, "_wandb": {"runtime": 3}}