{"ARI": 0.09255612543569565, "NMI": 0.04036787325037872, "JSD": 0.2084256703311061, "Precision": 0.5786657277703153, "Recall": 0.5335256268027513, "F1-Score": 0.5354578382401987, "ROC AUC": 0.6474948680156385, "Accuracy": 0.5335256268027513, "MEAPE-mu": 6.818022551258958, "MEAPE-std": 0.3645839267916571, "_runtime": 5, "_timestamp": 1646930872, "_step": 0, "_wandb": {"runtime": 5}}