{"ARI": 0.06480605971338672, "NMI": 0.05872890180800597, "JSD": 0.21560646337053999, "Precision": 0.6484748195811326, "Recall": 0.46710406415163114, "F1-Score": 0.5058091072432592, "ROC AUC": 0.6283786644587825, "Accuracy": 0.46710406415163114, "MEAPE-mu": 36.16556502020454, "MEAPE-std": 1.2239769902579434, "_runtime": 2, "_timestamp": 1645786714, "_step": 0, "_wandb": {"runtime": 3}}