{"ARI": -0.06270726560144708, "NMI": 0.11228918895328566, "JSD": 0.5124405738286859, "Precision": 0.525, "Recall": 0.3, "F1-Score": 0.3818181818181818, "Accuracy": 0.3, "MEAPE-mu": 55.39841881958556, "MEAPE-std": 11.181061788745021, "_runtime": 4, "_timestamp": 1645545989, "_step": 0, "_wandb": {"runtime": 4}}