{"MAE": 20.40492163262443, "MRAE": 0.4462152231080736, "R^2-Score": 0.24358609460248093, "MEAPE-mu": 11.041042633946386, "MEAPE-std": 5.835767584404042, "RMSE": 26.351421413082242, "JSD": 0.12465146170273447, "_runtime": 8, "_timestamp": 1646306301, "_step": 0, "_wandb": {"runtime": 4}}