{"MAE": 20.174597357122032, "MRAE": 0.34849185529741755, "R^2-Score": 0.07850550893722419, "MEAPE-mu": 4.6650165818140295, "MEAPE-std": 3.349835759923624, "RMSE": 29.690118964878117, "JSD": 0.12652345267135925, "_runtime": 3, "_timestamp": 1646315934, "_step": 0, "_wandb": {"runtime": 4}}