{"ARI": 0.045283588609582814, "NMI": 0.06944803195667859, "JSD": 0.19475509365856397, "Precision": 0.6317352651523636, "Recall": 0.6189926780563568, "F1-Score": 0.52302177889037, "ROC AUC": 0.6979809714712938, "Accuracy": 0.6189926780563568, "MEAPE-mu": 33.60292476217002, "MEAPE-std": 0.2647120626426634, "_runtime": 1487, "_timestamp": 1647710591, "_step": 0, "_wandb": {"runtime": 1487}}