{"MAE": 11.737928797349772, "MRAE": 0.21483243073426644, "R^2-Score": 0.8046132787570217, "MEAPE-mu": 0.29951207537170177, "MEAPE-std": 0.2246716410802667, "RMSE": 16.068286838202358, "JSD": Infinity, "_runtime": 1119, "_timestamp": 1646537023, "_step": 0, "_wandb": {"runtime": 1120}}