{"ARI": 0.08462029001580391, "NMI": 0.21862712224447645, "JSD": 0.1991303870617351, "Precision": 0.6309297912713473, "Recall": 0.6129032258064516, "F1-Score": 0.6061120543293719, "ROC AUC": 0.6363287250384024, "Accuracy": 0.6129032258064516, "MEAPE-mu": 19.051185993259356, "MEAPE-std": 11.428485894213896, "_runtime": 4, "_timestamp": 1646932423, "_step": 0, "_wandb": {"runtime": 5}}