{"ARI": 0.053630336905902645, "NMI": 0.018784650549498818, "JSD": 0.20979618481176832, "Precision": 0.6577374320571773, "Recall": 0.7028301886792453, "F1-Score": 0.6326934852772003, "ROC AUC": 0.6490418063390924, "Accuracy": 0.7028301886792453, "MEAPE-mu": 28.41323486236576, "MEAPE-std": 0.3622893141662292, "_runtime": 3, "_timestamp": 1645605921, "_step": 0, "_wandb": {"runtime": 4}}