{"ARI": 0.04537418974661167, "NMI": 0.03553606009366678, "JSD": Infinity, "Precision": 0.5213903743315508, "Recall": 0.35714285714285715, "F1-Score": 0.39062499999999994, "ROC AUC": 0.272108843537415, "Accuracy": 0.35714285714285715, "MEAPE-mu": 152.46006493506493, "MEAPE-std": 43.847641359962765, "_runtime": 4, "_timestamp": 1653672751, "_step": 0, "_wandb": {"runtime": 5}}