{"MAE": 24.041359729547565, "RMSE": 30.1127676756738, "MRAE": 0.4638425265846947, "JSD": 0.13500172685802297, "R^2-Score": 0.29605771462600294, "MEAPE-mu": 4.927496119689232, "MEAPE-std": 0.48694964128517165, "_runtime": 7, "_timestamp": 1645221184, "_step": 0, "_wandb": {"runtime": 8}}