{"ARI": 0.22126418551610164, "NMI": 0.13090662681309062, "JSD": 0.1826705963137284, "Precision": 0.7308544744869993, "Recall": 0.7491797302223843, "F1-Score": 0.7076213031272652, "ROC AUC": 0.773773680455543, "Accuracy": 0.7491797302223843, "MEAPE-mu": 16.552312770040768, "MEAPE-std": 0.6377770867476, "_runtime": 38, "_timestamp": 1646923138, "_step": 0, "_wandb": {"runtime": 38}}