{"MAE": 23.315140671854422, "MRAE": 0.48092967821173715, "R^2-Score": 0.482552913145345, "MEAPE-mu": 5.782347539937555, "MEAPE-std": 5.437847427793052, "RMSE": 28.077518755070365, "JSD": 0.1358938234864306, "_runtime": 4, "_timestamp": 1646309073, "_step": 0, "_wandb": {"runtime": 5}}