{"MAE": 29.14347283113628, "MRAE": 0.54711639733294, "R^2-Score": -0.01802826839342897, "MEAPE-mu": 6.198578250585473, "MEAPE-std": 0.2738322566884585, "RMSE": 34.18865472490602, "JSD": 0.17054381421977144, "_runtime": 7295, "_timestamp": 1652024764, "_step": 0, "_wandb": {"runtime": 7296}}