{"MAE": 26.511001309510082, "MRAE": 0.5928770951956256, "R^2-Score": 0.08228197528452075, "MEAPE-mu": 0.2684686974611281, "MEAPE-std": 0.2064525327217316, "RMSE": 32.90422803950654, "JSD": 0.17115207299606494, "_runtime": 4778, "_timestamp": 1651341189, "_step": 0, "_wandb": {"runtime": 4778}}