{"ARI": 0.03066641688455549, "NMI": 0.009671407046541442, "JSD": 0.20488637836749457, "Precision": 0.6439718878902098, "Recall": 0.6993024539569428, "F1-Score": 0.6116920810856554, "ROC AUC": 0.6486395339842156, "Accuracy": 0.6993024539569428, "MEAPE-mu": 31.76265083369219, "MEAPE-std": 0.2980426723813312, "_runtime": 4, "_timestamp": 1645605616, "_step": 0, "_wandb": {"runtime": 4}}