{"MAE": 21.93996047521454, "RMSE": 28.25745501432252, "MRAE": 0.3738673851090731, "JSD": 0.1252900624756366, "R^2-Score": 0.39206396757896633, "MEAPE-mu": 0.572321695860263, "MEAPE-std": 0.36185389000676293, "_runtime": 268, "_timestamp": 1645239375, "_step": 0, "_wandb": {"runtime": 269}}