{"MAE": 10.206318350326773, "MRAE": 0.21489535784472322, "R^2-Score": 0.7806594129064921, "MEAPE-mu": 0.12473264620633806, "MEAPE-std": 0.09209217744971188, "RMSE": 15.948432226318875, "JSD": Infinity, "_runtime": 12587, "_timestamp": 1650413051, "_step": 0, "_wandb": {"runtime": 12587}}