{"ARI": 0.9974002216286194, "NMI": 0.9928344742124037, "JSD": 0.010156657481050022, "Precision": 0.9992716365973624, "Recall": 0.999270871308786, "F1-Score": 0.9992706279310734, "ROC AUC": 0.9999973537636571, "Accuracy": 0.999270871308786, "MEAPE-mu": 0.08414564666506621, "MEAPE-std": 0.04360796259003243, "_runtime": 120, "_timestamp": 1646793587, "_step": 0, "_wandb": {"runtime": 120}}