{"ARI": 0.6882992431999689, "NMI": 0.5893465976876839, "JSD": 0.1123936835851038, "Precision": 0.8982425085953237, "Recall": 0.896827157754604, "F1-Score": 0.8972660728993941, "ROC AUC": 0.9759997450467008, "Accuracy": 0.896827157754604, "MEAPE-mu": 1.8755894024456634, "MEAPE-std": 0.23182337278747198, "_runtime": 3189, "_timestamp": 1647999620, "_step": 0, "_wandb": {"runtime": 3189}}