{"ARI": 0.008705767068006543, "NMI": 0.004356706623378997, "JSD": Infinity, "Precision": 0.6679365421608442, "Recall": 0.7014753111200321, "F1-Score": 0.5857457604202262, "ROC AUC": 0.47529573229528094, "Accuracy": 0.7014753111200321, "MEAPE-mu": 146.41443667401575, "MEAPE-std": 3.358490856851005, "_runtime": 34, "_timestamp": 1653751295, "_step": 0, "_wandb": {"runtime": 35}}