{"ARI": 0.74572104351902, "NMI": 0.6320365300978632, "JSD": 0.09861959451531434, "Precision": 0.9147638705545508, "Recall": 0.9151985799866874, "F1-Score": 0.9143246833957344, "ROC AUC": 0.9852768776992178, "Accuracy": 0.9151985799866874, "MEAPE-mu": 2.444523135160339, "MEAPE-std": 0.20027469433831746, "_runtime": 7795, "_timestamp": 1649052047, "_step": 0, "_wandb": {"runtime": 7795}}