{"ARI": 0.043446016597583424, "NMI": 0.02437205027424021, "JSD": Infinity, "Precision": 0.732901003141149, "Recall": 0.7535211267605634, "F1-Score": 0.6658412010524686, "ROC AUC": 0.4441823899371069, "Accuracy": 0.7535211267605634, "MEAPE-mu": 94.03840420676552, "MEAPE-std": 30.907490151992516, "_runtime": 2, "_timestamp": 1653670631, "_step": 0, "_wandb": {"runtime": 3}}