{"ARI": 0.0, "NMI": 6.91199551167899e-15, "JSD": 0.17798981128368224, "Precision": 0.4815641485056782, "Recall": 0.6939482318629238, "F1-Score": 0.5685700890352202, "ROC AUC": 0.6457975587095479, "Accuracy": 0.6939482318629238, "MEAPE-mu": 34.913213300954546, "MEAPE-std": 0.4561756600828105, "_runtime": 3, "_timestamp": 1645474835, "_step": 0, "_wandb": {"runtime": 4}}