{"ARI": 0.0, "NMI": 0.0, "JSD": 0.1780825084701762, "Precision": 0.3832618155944979, "Recall": 0.6190814288883958, "F1-Score": 0.4734311798729381, "ROC AUC": 0.6610589512348666, "Accuracy": 0.6190814288883958, "MEAPE-mu": 39.23522394881135, "MEAPE-std": 0.19460645911663818, "_runtime": 5, "_timestamp": 1646929953, "_step": 0, "_wandb": {"runtime": 5}}