{"ARI": 0.32475040498098945, "NMI": 0.22606817991369238, "JSD": 0.17836549903418178, "Precision": 0.7381004146817561, "Recall": 0.7439982249833592, "F1-Score": 0.7354434860835272, "ROC AUC": 0.8647935065454012, "Accuracy": 0.7439982249833592, "MEAPE-mu": 6.052360319274615, "MEAPE-std": 0.3817819507337608, "_runtime": 993, "_timestamp": 1652627201, "_step": 0, "_wandb": {"runtime": 994}}