{"ARI": 0.03419962832334019, "NMI": 0.00704597531719978, "JSD": 0.22790638274574884, "Precision": 0.5682785216193815, "Recall": 0.494166970470288, "F1-Score": 0.5228867420977308, "ROC AUC": 0.5622366577617689, "Accuracy": 0.494166970470288, "MEAPE-mu": 1.3425871520521024, "MEAPE-std": 0.7665751543448344, "_runtime": 4, "_timestamp": 1645775251, "_step": 0, "_wandb": {"runtime": 4}}