{"MAE": 24.642155383892007, "RMSE": 31.332801571289142, "MRAE": 0.4197528530403552, "JSD": Infinity, "R^2-Score": 0.1914548397401198, "MEAPE-mu": 0.5325962725196778, "MEAPE-std": 0.39143385260556846, "_runtime": 139, "_timestamp": 1645536008, "_step": 0, "_wandb": {"runtime": 140}}