{"MAE": 26.199300740514754, "MRAE": 0.7086812749737156, "R^2-Score": 0.22400989719524234, "MEAPE-mu": 8.672723878642154, "MEAPE-std": 0.34967376653550425, "RMSE": 33.723782532464966, "JSD": Infinity, "_runtime": 5, "_timestamp": 1646946166, "_step": 0, "_wandb": {"runtime": 5}}