{"MAE": 26.437778270837956, "MRAE": 0.4980745194802984, "R^2-Score": 0.008237504664229456, "MEAPE-mu": 15.331147786503779, "MEAPE-std": 0.27664311304551076, "RMSE": 33.76354168747713, "JSD": 0.15602816598690034, "_runtime": 229, "_timestamp": 1648755319, "_step": 0, "_wandb": {"runtime": 230}}