{"MAE": 23.511711364806644, "MRAE": 0.3725231803189791, "R^2-Score": 0.2186180284952257, "MEAPE-mu": 6.304536543901296, "MEAPE-std": 4.012576826975134, "RMSE": 30.79068841818016, "JSD": 0.13191582531186047, "_runtime": 3, "_timestamp": 1646304211, "_step": 0, "_wandb": {"runtime": 3}}