{"MAE": 29.48987348142131, "MRAE": 0.5509587072692684, "R^2-Score": -0.04381672696836514, "MEAPE-mu": 7.3964126120404545, "MEAPE-std": 0.2869435649461617, "RMSE": 34.61897614693471, "JSD": Infinity, "_runtime": 3, "_timestamp": 1645989292, "_step": 0, "_wandb": {"runtime": 4}}