{"ARI": 0.20271527602861922, "NMI": 0.1256008716355683, "JSD": 0.18244244886145136, "Precision": 0.7186049499366224, "Recall": 0.7497243660418964, "F1-Score": 0.7053353310527536, "ROC AUC": 0.8140710348856562, "Accuracy": 0.7497243660418964, "MEAPE-mu": 18.0610880921689, "MEAPE-std": 1.6325932185193945, "_runtime": 159, "_timestamp": 1654311995, "_step": 0, "_wandb": {"runtime": 160}}