{"MAE": 30.27753666646944, "MRAE": 0.46003491255598106, "R^2-Score": 0.1633903623505918, "MEAPE-mu": 7.896741923837222, "MEAPE-std": 5.687212272728604, "RMSE": 40.22334799818719, "JSD": 0.16439258136372828, "_runtime": 7, "_timestamp": 1646306235, "_step": 0, "_wandb": {"runtime": 4}}