{"MAE": 29.515803360656793, "MRAE": 0.5456785628063306, "R^2-Score": 0.24713099756519075, "MEAPE-mu": 7.975697868447577, "MEAPE-std": 5.8200954749362275, "RMSE": 38.15719952126947, "JSD": 0.161499327903503, "_runtime": 3, "_timestamp": 1646480933, "_step": 0, "_wandb": {"runtime": 4}}