{"MAE": 20.35483870967742, "RMSE": 24.968044092528586, "MRAE": 0.5458876416387662, "JSD": 0.12805136122588373, "R^2-Score": 0.483409962214431, "MEAPE-mu": 4.81449795621808, "MEAPE-std": 4.319517166804963, "_runtime": 2, "_timestamp": 1645107640, "_step": 0, "_wandb": {"runtime": 3}}