{"MAE": 21.514521123717714, "MRAE": 0.7327300390061385, "R^2-Score": 0.27835508765584904, "MEAPE-mu": 6.219878201854207, "MEAPE-std": 5.293272623218407, "RMSE": 27.264883246126146, "JSD": 0.1497642763040915, "_runtime": 5, "_timestamp": 1646309920, "_step": 0, "_wandb": {"runtime": 5}}