{"ARI": 0.0, "NMI": 0.0, "JSD": 0.1779858484162928, "Precision": 0.4816415651700762, "Recall": 0.6940040094769455, "F1-Score": 0.5686427688194101, "ROC AUC": 0.6236391897789869, "Accuracy": 0.6940040094769455, "MEAPE-mu": 34.895206282112966, "MEAPE-std": 0.46000077234431197, "_runtime": 4, "_timestamp": 1645775026, "_step": 0, "_wandb": {"runtime": 4}}