{"ARI": -0.04424202992843201, "NMI": 0.02649549439276696, "JSD": 0.20753322595280901, "Precision": 0.4827586206896552, "Recall": 0.6666666666666666, "F1-Score": 0.5599999999999999, "ROC AUC": 0.6954393834828617, "Accuracy": 0.6666666666666666, "MEAPE-mu": 29.379072815103054, "MEAPE-std": 9.25754139105442, "_runtime": 4, "_timestamp": 1645462425, "_step": 0, "_wandb": {"runtime": 6}}