{"ARI": 0.7021528435897099, "NMI": 0.5864710436615697, "JSD": 0.10924173627809548, "Precision": 0.8993489764775823, "Recall": 0.8999778122919903, "F1-Score": 0.8990182707116565, "ROC AUC": 0.9691119572088008, "Accuracy": 0.8999778122919903, "MEAPE-mu": 2.7141207117490738, "MEAPE-std": 0.24928294167090778, "_runtime": 14, "_timestamp": 1647592574, "_step": 0, "_wandb": {"runtime": 15}}