{"ARI": 0.05076640201624982, "NMI": 0.017776090663526097, "JSD": 0.20896253323906466, "Precision": 0.6568872001871203, "Recall": 0.7026294660778803, "F1-Score": 0.63002988460763, "ROC AUC": 0.6475233526957391, "Accuracy": 0.7026294660778803, "MEAPE-mu": 29.000340162409543, "MEAPE-std": 0.3343509503348123, "_runtime": 3, "_timestamp": 1645605901, "_step": 0, "_wandb": {"runtime": 4}}