{"ARI": 0.37286408878339, "NMI": 0.2605681018472985, "JSD": 0.163559730942221, "Precision": 0.7642511089333751, "Recall": 0.7684490792101176, "F1-Score": 0.7524841419856632, "ROC AUC": 0.7653370905378597, "Accuracy": 0.7684490792101176, "MEAPE-mu": 11.3767703210803, "MEAPE-std": 0.3156910242195564, "_runtime": 497, "_timestamp": 1647716793, "_step": 0, "_wandb": {"runtime": 498}}