{"MAE": 19.351737790787492, "MRAE": 0.34319068035064804, "R^2-Score": 0.4979938867671291, "MEAPE-mu": 0.38514608386290056, "MEAPE-std": 0.3342489541448381, "RMSE": 25.183287650889422, "JSD": Infinity, "_runtime": 4, "_timestamp": 1646485409, "_step": 0, "_wandb": {"runtime": 5}}