{"ARI": 0.00439121656310277, "NMI": 0.02198387074112995, "JSD": 0.20421391241615175, "Precision": 0.5416853442276142, "Recall": 0.6106944752607055, "F1-Score": 0.5107392238820224, "ROC AUC": 0.5651855483636415, "Accuracy": 0.6106944752607055, "MEAPE-mu": 31.87141827529105, "MEAPE-std": 0.3029398744291971, "_runtime": 3, "_timestamp": 1645771338, "_step": 0, "_wandb": {"runtime": 4}}