{"MAE": 20.336663422124598, "RMSE": 25.169786139775713, "MRAE": 0.3707372962077435, "JSD": 0.1167827497660376, "R^2-Score": 0.3010753154937549, "MEAPE-mu": 8.65542559130671, "MEAPE-std": 5.355644080301754, "_runtime": 2, "_timestamp": 1645118760, "_step": 0, "_wandb": {"runtime": 3}}