{"ARI": -0.036744499559273405, "NMI": 0.1632088855700265, "JSD": 0.2773966762595993, "Precision": 0.8, "Recall": 0.0967741935483871, "F1-Score": 0.1369798971482001, "Accuracy": 0.0967741935483871, "MEAPE-mu": 238.08765301316132, "MEAPE-std": 46.28660118123367, "_runtime": 4, "_timestamp": 1645609588, "_step": 0, "_wandb": {"runtime": 4}}