{"MAE": 27.094362222686353, "MRAE": 0.5764873670476046, "R^2-Score": 0.024530876154822967, "MEAPE-mu": 5.671224778819951, "MEAPE-std": 0.30442543014370793, "RMSE": 33.84852870875588, "JSD": Infinity, "_runtime": 4778, "_timestamp": 1646567146, "_step": 0, "_wandb": {"runtime": 4779}}