{"ARI": 0.03315053632668436, "NMI": 0.032272788895595275, "JSD": 0.1990991495110502, "Precision": 0.5292920263878435, "Recall": 0.6107832260927446, "F1-Score": 0.5126989390538446, "ROC AUC": 0.6319832278783887, "Accuracy": 0.6107832260927446, "MEAPE-mu": 31.747385366274592, "MEAPE-std": 0.2819843840046555, "_runtime": 8666, "_timestamp": 1648180345, "_step": 0, "_wandb": {"runtime": 8665}}