{"MAE": 12.550683433570258, "MRAE": 0.24021501978006765, "R^2-Score": 0.7113377122022664, "MEAPE-mu": 1.9944267437643064, "MEAPE-std": 0.2921494936135075, "RMSE": 19.44034385498176, "JSD": 0.0908025137855375, "_runtime": 122, "_timestamp": 1646358350, "_step": 0, "_wandb": {"runtime": 122}}