{"MAE": 27.06810035842294, "RMSE": 33.63265845654547, "MRAE": 0.5198680003575105, "JSD": 0.1514891771222409, "R^2-Score": -0.24536944041274222, "MEAPE-mu": 9.703761374178253, "MEAPE-std": 6.795324435142409, "_runtime": 2, "_timestamp": 1645116838, "_step": 0, "_wandb": {"runtime": 3}}