{"ARI": 0.03117421868706034, "NMI": 0.004170117904561845, "JSD": Infinity, "Precision": 0.6516243459368721, "Recall": 0.6552948136462237, "F1-Score": 0.6534245906991992, "ROC AUC": 0.5513211838285902, "Accuracy": 0.6552948136462237, "MEAPE-mu": 3.8806166746160606, "MEAPE-std": 2.4583132421827316, "_runtime": 4, "_timestamp": 1653902611, "_step": 0, "_wandb": {"runtime": 6}}