{"MAE": 19.765167332775555, "MRAE": 0.4506676965996933, "R^2-Score": 0.4823207714034027, "MEAPE-mu": 5.1799186360197735, "MEAPE-std": 0.270987292094562, "RMSE": 24.726609923151194, "JSD": 0.1299545083506001, "_runtime": 28, "_timestamp": 1647528201, "_step": 0, "_wandb": {"runtime": 28}}