{"MAE": 19.903531921009513, "MRAE": 0.3561189235164637, "R^2-Score": 0.4947224351364732, "MEAPE-mu": 0.33562005318141636, "MEAPE-std": 0.26028566389934094, "RMSE": 26.018388557893015, "JSD": Infinity, "_runtime": 4, "_timestamp": 1646484991, "_step": 0, "_wandb": {"runtime": 5}}