{"MAE": 23.258759671081947, "RMSE": 29.765150699780204, "MRAE": 0.41780321558341255, "JSD": 0.1328743866949034, "R^2-Score": 0.30715469818326047, "MEAPE-mu": 2.1628762151362033, "MEAPE-std": 0.4562242693377348, "_runtime": 63, "_timestamp": 1645200762, "_step": 0, "_wandb": {"runtime": 64}}