{"MAE": 25.112085738299474, "MRAE": 0.5193162148587909, "R^2-Score": -0.0009150062208016507, "MEAPE-mu": 8.288800583421946, "MEAPE-std": 6.41835712750741, "RMSE": 34.09156631448821, "JSD": 0.1481132217547515, "_runtime": 3, "_timestamp": 1646297794, "_step": 0, "_wandb": {"runtime": 4}}