{"ARI": 0.049763988529239744, "NMI": 0.01700164412938981, "JSD": 0.20951153900753205, "Precision": 0.6548860123252058, "Recall": 0.701811612385206, "F1-Score": 0.6294800079193167, "ROC AUC": 0.6443174342746358, "Accuracy": 0.701811612385206, "MEAPE-mu": 28.933054351908936, "MEAPE-std": 0.33240528440000283, "_runtime": 3, "_timestamp": 1645605961, "_step": 0, "_wandb": {"runtime": 4}}