{"MAE": 23.323518831124737, "RMSE": 26.754794685820002, "MRAE": 0.4850813814220994, "JSD": 0.139229238288098, "R^2-Score": 0.5041553827904115, "MEAPE-mu": 7.6019959305999, "MEAPE-std": 4.163819925726729, "_runtime": 2, "_timestamp": 1645105913, "_step": 0, "_wandb": {"runtime": 3}}