{"ARI": 0.06729799601629013, "NMI": 0.05125964581095739, "JSD": 0.2199994603968788, "Precision": 0.5300556007353658, "Recall": 0.5907255380519192, "F1-Score": 0.5479200450848928, "ROC AUC": 0.6216882576571059, "Accuracy": 0.5907255380519192, "MEAPE-mu": 16.032039771909464, "MEAPE-std": 0.34052007942380724, "_runtime": 1462, "_timestamp": 1648225560, "_step": 0, "_wandb": {"runtime": 1463}}