{"ARI": 0.005754354208734526, "NMI": 0.00020211928257985902, "JSD": 0.25076612155615785, "Precision": 0.5866097615316469, "Recall": 0.6279104777197912, "F1-Score": 0.6010612759116207, "ROC AUC": 0.6280570154915036, "Accuracy": 0.6279104777197912, "MEAPE-mu": 13.14465093322116, "MEAPE-std": 0.4638337940483675, "_runtime": 9, "_timestamp": 1646924664, "_step": 0, "_wandb": {"runtime": 9}}