{"ARI": 0.024562668071303816, "NMI": 0.13145093722814313, "JSD": 0.2332030767850308, "Precision": 0.5879342431761787, "Recall": 0.4838709677419355, "F1-Score": 0.495520171603003, "ROC AUC": 0.5932795698924731, "Accuracy": 0.4838709677419355, "MEAPE-mu": 34.76446520502253, "MEAPE-std": 16.079815604771696, "_runtime": 4, "_timestamp": 1645459449, "_step": 0, "_wandb": {"runtime": 5}}