{"MAE": 3.2798031352533723, "MRAE": 0.06086363626677721, "R^2-Score": 0.9095103219574069, "MEAPE-mu": 0.3109413413968255, "MEAPE-std": 0.1512335360691056, "RMSE": 10.794973074297527, "JSD": 0.04922849733950091, "_runtime": 146, "_timestamp": 1646552443, "_step": 0, "_wandb": {"runtime": 147}}