{"MAE": 22.95342002717994, "MRAE": 0.5541460979570749, "R^2-Score": 0.24940044049507348, "MEAPE-mu": 3.4315510024324687, "MEAPE-std": 0.29348911978006403, "RMSE": 29.814005745484007, "JSD": 0.1590456682191928, "_runtime": 5, "_timestamp": 1647416362, "_step": 0, "_wandb": {"runtime": 5}}