{"ARI": 0.7276019333791939, "NMI": 0.6247475339947445, "JSD": 0.10427930018401135, "Precision": 0.9109481260371376, "Recall": 0.9105835367206567, "F1-Score": 0.9106308338064731, "ROC AUC": 0.9815963682414667, "Accuracy": 0.9105835367206567, "MEAPE-mu": 0.7467048170739723, "MEAPE-std": 0.1889845626047567, "_runtime": 2781, "_timestamp": 1647145214, "_step": 0, "_wandb": {"runtime": 2780}}