{"ARI": -0.0460772104607721, "NMI": 0.045086838633161465, "JSD": 0.24107167738505675, "Precision": 0.5647342995169082, "Recall": 0.6, "F1-Score": 0.5808857808857809, "ROC AUC": 0.7474177593742811, "Accuracy": 0.6, "MEAPE-mu": 11.898373899373965, "MEAPE-std": 7.887874056424872, "_runtime": 361, "_timestamp": 1645490653, "_step": 0, "_wandb": {"runtime": 361}}