{"MAE": 26.585637195317698, "MRAE": 0.6694990315283377, "R^2-Score": 0.019162787548673843, "MEAPE-mu": 13.252044233815532, "MEAPE-std": 0.34607161564347927, "RMSE": 34.08118175695805, "JSD": 0.17105755634149858, "_runtime": 33, "_timestamp": 1647011765, "_step": 0, "_wandb": {"runtime": 34}}