{"ARI": 0.7236737448233777, "NMI": 0.6233833052215637, "JSD": 0.10494485476154027, "Precision": 0.9104277577095542, "Recall": 0.9089416463279343, "F1-Score": 0.9093748741686466, "ROC AUC": 0.9821932698756151, "Accuracy": 0.9089416463279343, "MEAPE-mu": 1.966084566484532, "MEAPE-std": 0.21041316998216805, "_runtime": 30973, "_timestamp": 1649272734, "_step": 0, "_wandb": {"runtime": 30972}}