{"MAE": 23.971174703897304, "MRAE": 0.4673921670620227, "R^2-Score": 0.11376765310258397, "MEAPE-mu": 7.29264368120012, "MEAPE-std": 5.14442206362344, "RMSE": 29.110143086122882, "JSD": 0.14999892386272065, "_runtime": 3, "_timestamp": 1646306928, "_step": 0, "_wandb": {"runtime": 4}}