{"ARI": 0.45051237487056917, "NMI": 0.34603613947342354, "JSD": 0.15421626950881187, "Precision": 0.80369686806035, "Recall": 0.8040381628577767, "F1-Score": 0.7981780578898515, "ROC AUC": 0.8702815555290951, "Accuracy": 0.8040381628577767, "MEAPE-mu": 4.06987296684553, "MEAPE-std": 0.30225507814336205, "_runtime": 1551, "_timestamp": 1654206931, "_step": 0, "_wandb": {"runtime": 1552}}