{"MAE": 22.250001188649357, "MRAE": 0.4893639079159321, "R^2-Score": 0.34416279172417596, "MEAPE-mu": 7.578102300732034, "MEAPE-std": 0.3276449223078604, "RMSE": 27.888459226835465, "JSD": 0.14110054685592835, "_runtime": 15, "_timestamp": 1646991446, "_step": 0, "_wandb": {"runtime": 14}}