{"ARI": 0.10329272598056741, "NMI": 0.0805549035177244, "JSD": 0.20787471925127934, "Precision": 0.6701399254944468, "Recall": 0.5795516675779114, "F1-Score": 0.60357970187905, "ROC AUC": 0.6919808245245032, "Accuracy": 0.5795516675779114, "MEAPE-mu": 22.555246516765628, "MEAPE-std": 1.0904234541697078, "_runtime": 3, "_timestamp": 1645775991, "_step": 0, "_wandb": {"runtime": 4}}