{"ARI": 0.2427093132643462, "NMI": 0.11762573710137976, "JSD": 0.19447330192077472, "Precision": 0.6708333333333333, "Recall": 0.7333333333333333, "F1-Score": 0.6988034188034188, "ROC AUC": 0.8014032666206579, "Accuracy": 0.7333333333333333, "MEAPE-mu": 9.890380104887468, "MEAPE-std": 5.91972252708128, "_runtime": 11, "_timestamp": 1645460242, "_step": 0, "_wandb": {"runtime": 12}}