{"ARI": 0.6338316177974218, "NMI": 0.4788019066326947, "JSD": 0.12585534371267246, "Precision": 0.878732179989481, "Recall": 0.8815381811554583, "F1-Score": 0.8786972422140908, "ROC AUC": 0.9511751789310888, "Accuracy": 0.8815381811554583, "MEAPE-mu": 3.8972582833726066, "MEAPE-std": 0.5833326653370137, "_runtime": 2464, "_timestamp": 1647412075, "_step": 0, "_wandb": {"runtime": 2465}}