{"MAE": 22.194835722334194, "MRAE": 0.46564362268337217, "R^2-Score": 0.3036332959656416, "MEAPE-mu": 0.29190145955228997, "MEAPE-std": 0.20924930859893087, "RMSE": 28.44941670151703, "JSD": Infinity, "_runtime": 5, "_timestamp": 1646988315, "_step": 0, "_wandb": {"runtime": 5}}