{"ARI": 0.14828243799009713, "NMI": 0.07833506624088316, "JSD": 0.19350341896340828, "Precision": 0.6564937187947965, "Recall": 0.7265711135611908, "F1-Score": 0.675138608365066, "ROC AUC": 0.7108586963083434, "Accuracy": 0.7265711135611908, "MEAPE-mu": 18.513793915181697, "MEAPE-std": 1.6438655661739687, "_runtime": 4, "_timestamp": 1654277724, "_step": 0, "_wandb": {"runtime": 5}}