{"MAE": 11.02256545752979, "MRAE": 0.20256317538658647, "R^2-Score": 0.6844935324011503, "MEAPE-mu": 2.3938830398384368, "MEAPE-std": 0.1610318698028734, "RMSE": 19.2540247020209, "JSD": 0.09562554524986629, "_runtime": 3375, "_timestamp": 1649057874, "_step": 0, "_wandb": {"runtime": 3376}}