{"ARI": -0.045001565752390074, "NMI": 0.094600211752776, "JSD": 0.4898447112684798, "Precision": 0.6866359447004607, "Recall": 0.12903225806451613, "F1-Score": 0.13394109396914444, "Accuracy": 0.12903225806451613, "MEAPE-mu": 38.135898582627675, "MEAPE-std": 12.89256792591406, "_runtime": 3, "_timestamp": 1645621805, "_step": 0, "_wandb": {"runtime": 3}}