{"MAE": 23.764272372042733, "RMSE": 30.513529349101713, "MRAE": 0.4316751439806488, "JSD": Infinity, "R^2-Score": 0.28734162276991937, "MEAPE-mu": 1.1906180012900818, "MEAPE-std": 0.49760217716803745, "_runtime": 67, "_timestamp": 1645202204, "_step": 0, "_wandb": {"runtime": 69}}