{"MAE": 19.52140975149767, "MRAE": 0.4128898055565393, "R^2-Score": 0.4493528079195629, "MEAPE-mu": 0.28748459674121923, "MEAPE-std": 0.1853898310809915, "RMSE": 25.390006753643696, "JSD": Infinity, "_runtime": 5, "_timestamp": 1647014744, "_step": 0, "_wandb": {"runtime": 5}}