{"MAE": 18.78475372089081, "RMSE": 27.322385726768218, "MRAE": 0.30056544996509543, "JSD": 0.11657853000759821, "R^2-Score": 0.17348468387287996, "MEAPE-mu": 4.3528994027973065, "MEAPE-std": 3.1746466124755344, "_runtime": 2, "_timestamp": 1645185531, "_step": 0, "_wandb": {"runtime": 3}}