{"MAE": 22.341922156967637, "MRAE": 0.3306937108560489, "R^2-Score": 0.2641178706410702, "MEAPE-mu": 5.723351633942775, "MEAPE-std": 4.462341467202918, "RMSE": 28.941119509404395, "JSD": 0.12455275897293593, "_runtime": 3, "_timestamp": 1646307621, "_step": 0, "_wandb": {"runtime": 4}}