{"ARI": 0.2759998499287161, "NMI": 0.1363656193184348, "JSD": 0.18467582737819038, "Precision": 0.6991584852734923, "Recall": 0.7096774193548387, "F1-Score": 0.7035015164047422, "ROC AUC": 0.7540786058583611, "Accuracy": 0.7096774193548387, "MEAPE-mu": 8.566355556575447, "MEAPE-std": 5.983596294189016, "_runtime": 135, "_timestamp": 1645493249, "_step": 0, "_wandb": {"runtime": 135}}