{"ARI": -0.05612712953509993, "NMI": 0.06974645795615675, "JSD": 0.18867540715110548, "Precision": 0.7043276817867371, "Recall": 0.3814773980154355, "F1-Score": 0.35374924934161583, "ROC AUC": 0.7551126592926269, "Accuracy": 0.3814773980154355, "MEAPE-mu": 69.1943910545056, "MEAPE-std": 2.951552631402274, "_runtime": 5, "_timestamp": 1654163262, "_step": 0, "_wandb": {"runtime": 5}}