{"ARI": 0.14241468333939158, "NMI": 0.06874382386930042, "JSD": 0.19500561363430477, "Precision": 0.6994098175270084, "Recall": 0.7183740430185928, "F1-Score": 0.6644206504668472, "ROC AUC": 0.7198432334563885, "Accuracy": 0.7183740430185928, "MEAPE-mu": 19.797184850027964, "MEAPE-std": 0.6888512475064497, "_runtime": 240, "_timestamp": 1645521979, "_step": 0, "_wandb": {"runtime": 240}}