{"ARI": 0.06849745768701848, "NMI": 0.03016605609267395, "JSD": 0.1916272487709363, "Precision": 0.6541985852409608, "Recall": 0.7023874612720977, "F1-Score": 0.6201065599149068, "ROC AUC": 0.7060578959483658, "Accuracy": 0.7023874612720977, "MEAPE-mu": 27.594544525961236, "MEAPE-std": 0.5648041493400989, "_runtime": 4, "_timestamp": 1645452532, "_step": 0, "_wandb": {"runtime": 4}}