{"ARI": 0.0, "NMI": 7.024775910151136e-16, "JSD": 0.1813021946042139, "Precision": 0.4588969823100936, "Recall": 0.6774193548387096, "F1-Score": 0.5471464019851118, "ROC AUC": 0.5541761377375828, "Accuracy": 0.6774193548387096, "MEAPE-mu": 36.241728683334884, "MEAPE-std": 6.549267547685285, "_runtime": 15, "_timestamp": 1646936213, "_step": 0, "_wandb": {"runtime": 16}}