{"ARI": 0.9240102061202528, "NMI": 0.8794726235530362, "JSD": 0.05693046290368067, "Precision": 0.9776619488174192, "Recall": 0.9776347903261593, "F1-Score": 0.9776322851431609, "ROC AUC": 0.9861371318977143, "Accuracy": 0.9776347903261593, "MEAPE-mu": 0.20478463509708766, "MEAPE-std": 0.11040011721413992, "_runtime": 601, "_timestamp": 1649614154, "_step": 0, "_wandb": {"runtime": 602}}