{"MAE": 21.378406361564682, "MRAE": 0.400621200074893, "R^2-Score": 0.4294266488603924, "MEAPE-mu": 0.3543452035009404, "MEAPE-std": 0.25424269049267084, "RMSE": 27.51730986332295, "JSD": Infinity, "_runtime": 3, "_timestamp": 1646317602, "_step": 0, "_wandb": {"runtime": 4}}