{"ARI": 0.7333018490651525, "NMI": 0.6321142274087276, "JSD": 0.10214366017996143, "Precision": 0.9134568129420436, "Recall": 0.9120923008653206, "F1-Score": 0.9124923979804628, "ROC AUC": 0.9828148640073884, "Accuracy": 0.9120923008653206, "MEAPE-mu": 1.8880173971099723, "MEAPE-std": 0.18879409360313937, "_runtime": 30776, "_timestamp": 1649143206, "_step": 0, "_wandb": {"runtime": 30777}}