{"MAE": 22.001177334105908, "MRAE": 0.4224610560655132, "R^2-Score": 0.13709247491108334, "MEAPE-mu": 3.641688233382333, "MEAPE-std": 0.2589433651704757, "RMSE": 29.563020624840686, "JSD": 0.1422070018505455, "_runtime": 4, "_timestamp": 1646985218, "_step": 0, "_wandb": {"runtime": 5}}