{"ARI": 0.9035332339666042, "NMI": 0.8126085368256021, "JSD": 0.06063350356714662, "Precision": 0.9697093917409692, "Recall": 0.9697466739566247, "F1-Score": 0.9696972548471309, "ROC AUC": 0.9657906332766315, "Accuracy": 0.9697466739566247, "MEAPE-mu": 0.6210698266174303, "MEAPE-std": 0.23281060931974074, "_runtime": 230, "_timestamp": 1646082567, "_step": 0, "_wandb": {"runtime": 232}}