{"ARI": 0.050684230303801696, "NMI": 0.032836748028300125, "JSD": 0.20762393675922108, "Precision": 0.5864623710873623, "Recall": 0.6234302196583092, "F1-Score": 0.5451777996978365, "ROC AUC": 0.6318952576035545, "Accuracy": 0.6234302196583092, "MEAPE-mu": 27.849628565077413, "MEAPE-std": 0.30924859217127776, "_runtime": 695, "_timestamp": 1645724922, "_step": 0, "_wandb": {"runtime": 696}}