{"MAE": 22.01245537526264, "MRAE": 0.4014607629821982, "R^2-Score": 0.34005474972554806, "MEAPE-mu": 2.4007437834956935, "MEAPE-std": 0.23865185950078555, "RMSE": 27.542167157100884, "JSD": 0.14014465232028833, "_runtime": 3332, "_timestamp": 1648600805, "_step": 0, "_wandb": {"runtime": 3331}}