{"MAE": 27.736015087641444, "MRAE": 0.614904596943266, "R^2-Score": -0.007465916642577675, "MEAPE-mu": 0.2924125017101026, "MEAPE-std": 0.21290242704234325, "RMSE": 34.692320220999875, "JSD": 0.1791109946743483, "_runtime": 4, "_timestamp": 1645989033, "_step": 0, "_wandb": {"runtime": 5}}