{"MAE": 12.042362376959534, "MRAE": 0.23056395533554377, "R^2-Score": 0.7209425787342165, "MEAPE-mu": 1.7340311440406535, "MEAPE-std": 0.31248238365935266, "RMSE": 18.561639634289683, "JSD": 0.08792185588953635, "_runtime": 107, "_timestamp": 1646359062, "_step": 0, "_wandb": {"runtime": 109}}