{"ARI": 0.12109860424608836, "NMI": 0.16111804438613744, "JSD": 0.19771585140903625, "Precision": 0.6433300971803187, "Recall": 0.6364322165520302, "F1-Score": 0.6277441360497583, "ROC AUC": 0.623586339351161, "Accuracy": 0.6364322165520302, "MEAPE-mu": 12.717539739396361, "MEAPE-std": 0.34859937788827267, "_runtime": 138, "_timestamp": 1647551533, "_step": 0, "_wandb": {"runtime": 138}}