{"ARI": 0.16449868049186772, "NMI": 0.220014242586791, "JSD": 0.19184247185149703, "Precision": 0.6670802315963607, "Recall": 0.6774193548387096, "F1-Score": 0.6415423972047171, "ROC AUC": 0.5350534410214247, "Accuracy": 0.6774193548387096, "MEAPE-mu": 19.286289117290934, "MEAPE-std": 7.915954602930619, "_runtime": 16, "_timestamp": 1646944709, "_step": 0, "_wandb": {"runtime": 16}}