{"MAE": 31.720636211451914, "MRAE": 0.9123361501279272, "R^2-Score": 0.05731314526797138, "MEAPE-mu": 7.952746853190957, "MEAPE-std": 0.39677256754384455, "RMSE": 38.537353883394765, "JSD": 0.21077617046939803, "_runtime": 6961, "_timestamp": 1652048419, "_step": 0, "_wandb": {"runtime": 6961}}