{"MAE": 27.382401046422114, "MRAE": 0.6102988764582296, "R^2-Score": 0.03716026644058523, "MEAPE-mu": 0.44499113339118684, "MEAPE-std": 0.28306221485980343, "RMSE": 33.76530700717269, "JSD": Infinity, "_runtime": 3, "_timestamp": 1650538891, "_step": 0, "_wandb": {"runtime": 4}}