{"ARI": -0.018216947281258625, "NMI": 0.2083199999328403, "JSD": 0.2574371338757822, "Precision": 0.7903225806451613, "Recall": 0.06451612903225806, "F1-Score": 0.11176278918214402, "Accuracy": 0.06451612903225806, "MEAPE-mu": 280.78410975993194, "MEAPE-std": 48.21487262999761, "_runtime": 3, "_timestamp": 1645609617, "_step": 0, "_wandb": {"runtime": 4}}