{"ARI": 0.07683060958371765, "NMI": 0.14390053931529898, "JSD": 0.2171009360702141, "Precision": 0.5302608462180605, "Recall": 0.46456623030840916, "F1-Score": 0.47090468955856035, "ROC AUC": 0.6518784224004842, "Accuracy": 0.46456623030840916, "MEAPE-mu": 25.28423254024883, "MEAPE-std": 0.5005234486572616, "_runtime": 6, "_timestamp": 1646916187, "_step": 0, "_wandb": {"runtime": 6}}