{"ARI": 0.7742162963908594, "NMI": 0.6400239760635585, "JSD": 0.0936826115414662, "Precision": 0.9281846061245627, "Recall": 0.9291051576453435, "F1-Score": 0.9276527277509475, "ROC AUC": 0.9830056557348379, "Accuracy": 0.9291051576453435, "MEAPE-mu": 2.8908193644284768, "MEAPE-std": 0.43882013459520514, "_runtime": 564, "_timestamp": 1647224791, "_step": 0, "_wandb": {"runtime": 565}}