{"ARI": 0.09845128714286727, "NMI": 0.07950583315639344, "JSD": 0.21016679665369806, "Precision": 0.6667344498507075, "Recall": 0.5819209039548022, "F1-Score": 0.6037636957931237, "ROC AUC": 0.6961202980765653, "Accuracy": 0.5819209039548022, "MEAPE-mu": 22.518086439969267, "MEAPE-std": 1.2069161905379349, "_runtime": 4, "_timestamp": 1645775981, "_step": 0, "_wandb": {"runtime": 4}}