{"MAE": 32.30947803236912, "MRAE": 0.942396285117972, "R^2-Score": 0.041272299478014474, "MEAPE-mu": 6.331079030487152, "MEAPE-std": 0.4455872073390385, "RMSE": 39.415427411128576, "JSD": Infinity, "_runtime": 2, "_timestamp": 1645986500, "_step": 0, "_wandb": {"runtime": 4}}