{"MAE": 24.268913634894734, "RMSE": 29.320343650686407, "MRAE": 0.3665831102985698, "JSD": 0.12385075854727351, "R^2-Score": 0.31083343155609744, "MEAPE-mu": 5.310262748089899, "MEAPE-std": 3.5143148603448053, "_runtime": 4, "_timestamp": 1645482746, "_step": 0, "_wandb": {"runtime": 5}}