{"ARI": 0.20703362119444035, "NMI": 0.10366052690910219, "JSD": 0.18717118516959927, "Precision": 0.7445427888291615, "Recall": 0.7420066152149944, "F1-Score": 0.6947400900201078, "ROC AUC": 0.7775114664321942, "Accuracy": 0.7420066152149944, "MEAPE-mu": 16.82082606621624, "MEAPE-std": 1.5407186859486233, "_runtime": 63, "_timestamp": 1654287011, "_step": 0, "_wandb": {"runtime": 64}}