{"ARI": 0.03109823542983279, "NMI": 0.07778586634698413, "JSD": 0.17885728704715625, "Precision": 0.7405662134677687, "Recall": 0.3027290880852008, "F1-Score": 0.16271870453106674, "ROC AUC": 0.6926713860309973, "Accuracy": 0.3027290880852008, "MEAPE-mu": 76.23101264453864, "MEAPE-std": 0.6210560671938761, "_runtime": 6, "_timestamp": 1646915049, "_step": 0, "_wandb": {"runtime": 6}}