{"MAE": 22.133333333333333, "MRAE": 0.31873053858686284, "R^2-Score": 0.29921737457170994, "MEAPE-mu": 7.62933855347897, "MEAPE-std": 5.39262474347325, "RMSE": 28.51919821219851, "JSD": 0.12020500241246881, "_runtime": 3, "_timestamp": 1646307723, "_step": 0, "_wandb": {"runtime": 4}}