{"MAE": 17.666154529296897, "RMSE": 22.50999314351721, "MRAE": 0.25286478834483395, "JSD": 0.09912290727430684, "R^2-Score": -0.11795079753423288, "MEAPE-mu": 5.765136970190756, "MEAPE-std": 4.313559961668737, "_runtime": 4, "_timestamp": 1645482770, "_step": 0, "_wandb": {"runtime": 5}}