{"ARI": 0.34691101330136837, "NMI": 0.20723120310954524, "JSD": 0.17467971516402947, "Precision": 0.8159325931308261, "Recall": 0.82551261829653, "F1-Score": 0.8108883972551139, "ROC AUC": 0.8597520066530242, "Accuracy": 0.82551261829653, "MEAPE-mu": 12.342578096554156, "MEAPE-std": 0.7490461057860979, "_runtime": 29, "_timestamp": 1645782061, "_step": 0, "_wandb": {"runtime": 30}}