{"MAE": 19.751689367167312, "MRAE": 0.4122417176672341, "R^2-Score": 0.4467206025754029, "MEAPE-mu": 0.19870877904790482, "MEAPE-std": 0.15813309480039597, "RMSE": 25.6517204558629, "JSD": Infinity, "_runtime": 6, "_timestamp": 1647019196, "_step": 0, "_wandb": {"runtime": 6}}