{"ARI": -0.00819415692490474, "NMI": 0.00043553217495170387, "JSD": Infinity, "Precision": 0.570400981147472, "Recall": 0.6276595744680851, "F1-Score": 0.5891512794291786, "ROC AUC": 0.4805704739167693, "Accuracy": 0.6276595744680851, "MEAPE-mu": 68.64176548503463, "MEAPE-std": 2.922506789834414, "_runtime": 27, "_timestamp": 1653922309, "_step": 0, "_wandb": {"runtime": 29}}