{"MAE": 25.84126431814689, "MRAE": 0.5719317524533022, "R^2-Score": 0.20374090775609854, "MEAPE-mu": 2.8848312154291027, "MEAPE-std": 0.25822766398131686, "RMSE": 31.841316344390723, "JSD": Infinity, "_runtime": 5, "_timestamp": 1646985244, "_step": 0, "_wandb": {"runtime": 6}}