{"MAE": 24.283897216492132, "MRAE": 0.4968629554623152, "R^2-Score": 0.1518394328131193, "MEAPE-mu": 1.9846239944410127, "MEAPE-std": 0.3045577870912009, "RMSE": 30.176126139794654, "JSD": Infinity, "_runtime": 5, "_timestamp": 1647002414, "_step": 0, "_wandb": {"runtime": 6}}