{"MAE": 21.04123743099369, "MRAE": 0.39280160890494914, "R^2-Score": 0.4153934673007663, "MEAPE-mu": 0.5791303865912609, "MEAPE-std": 0.38539236112467296, "RMSE": 27.395650352538674, "JSD": Infinity, "_runtime": 3, "_timestamp": 1646317292, "_step": 0, "_wandb": {"runtime": 4}}