{"ARI": 0.09458837077014416, "NMI": 0.03288868096340069, "JSD": 0.20232526076009943, "Precision": 0.6419942304450328, "Recall": 0.6947330052852196, "F1-Score": 0.6286987706272544, "ROC AUC": 0.7517721623629113, "Accuracy": 0.6947330052852196, "MEAPE-mu": 22.957663673463504, "MEAPE-std": 0.6630441571751956, "_runtime": 6, "_timestamp": 1646914798, "_step": 0, "_wandb": {"runtime": 7}}