{"ARI": 0.2880870714035642, "NMI": 0.21807542391513932, "JSD": 0.2091287846350823, "Precision": 0.6311897629177524, "Recall": 0.6458398047481695, "F1-Score": 0.6378105439285636, "ROC AUC": 0.7438987567122023, "Accuracy": 0.6458398047481695, "MEAPE-mu": 3.9831044478407063, "MEAPE-std": 0.410348180355481, "_runtime": 1691, "_timestamp": 1649287165, "_step": 0, "_wandb": {"runtime": 1691}}