{"MAE": 21.749607449876418, "MRAE": 0.3985039840150737, "R^2-Score": 0.24127083297979346, "MEAPE-mu": 5.928757333631324, "MEAPE-std": 5.128237541001053, "RMSE": 27.97284086074229, "JSD": 0.12804588974593747, "_runtime": 3, "_timestamp": 1646304173, "_step": 0, "_wandb": {"runtime": 4}}