{"ARI": -0.013751265775939636, "NMI": 0.002445015426794852, "JSD": Infinity, "Precision": 0.557383762877928, "Recall": 0.5633562503136448, "F1-Score": 0.5602776086188609, "ROC AUC": 0.45503757234272596, "Accuracy": 0.5633562503136448, "MEAPE-mu": 6.911290707493495, "MEAPE-std": 2.377834939834166, "_runtime": 63, "_timestamp": 1653687216, "_step": 0, "_wandb": {"runtime": 65}}