{"ARI": 0.7019408586423824, "NMI": 0.6016441284019108, "JSD": 0.1100520622153158, "Precision": 0.9027099373785059, "Recall": 0.9015753272686932, "F1-Score": 0.9019434867967883, "ROC AUC": 0.9780144626090939, "Accuracy": 0.9015753272686932, "MEAPE-mu": 1.548532100800293, "MEAPE-std": 0.19714517895275016, "_runtime": 3458, "_timestamp": 1648009450, "_step": 0, "_wandb": {"runtime": 3458}}