{"ARI": 0.0, "NMI": 0.0, "JSD": 0.17878432623971874, "Precision": 0.49, "Recall": 0.7, "F1-Score": 0.5764705882352941, "ROC AUC": 0.5216959972394756, "Accuracy": 0.7, "MEAPE-mu": 34.52321797526837, "MEAPE-std": 6.632423125289286, "_runtime": 3, "_timestamp": 1653930863, "_step": 0, "_wandb": {"runtime": 4}}