{"MAE": 23.197666697507724, "RMSE": 28.884851444825685, "MRAE": 0.45176807925034995, "JSD": 0.13002199995245375, "R^2-Score": 0.5407658057956233, "MEAPE-mu": 5.412942910976352, "MEAPE-std": 4.031889066127245, "_runtime": 2, "_timestamp": 1645190307, "_step": 0, "_wandb": {"runtime": 3}}