{"MAE": 21.99788756324486, "RMSE": 28.29170402969767, "MRAE": 0.3909293605466139, "JSD": Infinity, "R^2-Score": 0.3929363545810054, "MEAPE-mu": 0.5194127120722127, "MEAPE-std": 0.34819413570288527, "_runtime": 3, "_timestamp": 1645237737, "_step": 0, "_wandb": {"runtime": 5}}