{"ARI": 0.041881101260505274, "NMI": 0.022555584381093393, "JSD": 0.2217667309669455, "Precision": 0.5543483728605189, "Recall": 0.6037275349456401, "F1-Score": 0.543992691499902, "ROC AUC": 0.600737144700916, "Accuracy": 0.6037275349456401, "MEAPE-mu": 22.16818437690361, "MEAPE-std": 0.3936361564261193, "_runtime": 3, "_timestamp": 1645985089, "_step": 0, "_wandb": {"runtime": 4}}