{"ARI": 0.0, "NMI": 0.0, "JSD": 0.17878432623971874, "Precision": 0.49, "Recall": 0.7, "F1-Score": 0.5764705882352941, "ROC AUC": 0.6185702783528871, "Accuracy": 0.7, "MEAPE-mu": 34.00550116070468, "MEAPE-std": 6.841472687588028, "_runtime": 2, "_timestamp": 1653931647, "_step": 0, "_wandb": {"runtime": 3}}