{"ARI": 0.09362512643900946, "NMI": 0.041097204134183454, "JSD": 0.21517780565684755, "Precision": 0.6223628671499623, "Recall": 0.550309879693766, "F1-Score": 0.5799620814816255, "ROC AUC": 0.6516571102674856, "Accuracy": 0.550309879693766, "MEAPE-mu": 3.227301536330744, "MEAPE-std": 1.0259579946889466, "_runtime": 4, "_timestamp": 1645775219, "_step": 0, "_wandb": {"runtime": 5}}