{"ARI": 0.1618453814759941, "NMI": 0.09338283334744327, "JSD": 0.19888129771327762, "Precision": 0.6966977882696194, "Recall": 0.7232635060639471, "F1-Score": 0.6886817623995892, "ROC AUC": 0.7409329082991202, "Accuracy": 0.7232635060639471, "MEAPE-mu": 13.297039189319053, "MEAPE-std": 1.917086539357746, "_runtime": 39, "_timestamp": 1654285354, "_step": 0, "_wandb": {"runtime": 40}}