{"ARI": 0.14564363205349778, "NMI": 0.06893719955460999, "JSD": 0.2049359191404021, "Precision": 0.6023411368258808, "Recall": 0.6431329043709785, "F1-Score": 0.5950710687809386, "ROC AUC": 0.713003508930126, "Accuracy": 0.6431329043709785, "MEAPE-mu": 21.587431158635873, "MEAPE-std": 0.35872558439680896, "_runtime": 6, "_timestamp": 1646929612, "_step": 0, "_wandb": {"runtime": 5}}