{"ARI": 0.0, "NMI": 0.0, "JSD": 0.17878432623971877, "Precision": 0.49, "Recall": 0.7, "F1-Score": 0.5764705882352941, "ROC AUC": 0.631757533931447, "Accuracy": 0.7, "MEAPE-mu": 33.73717255924054, "MEAPE-std": 6.053602973308506, "_runtime": 2, "_timestamp": 1653931666, "_step": 0, "_wandb": {"runtime": 4}}