{"ARI": 0.2729577509289148, "NMI": 0.1658031642913202, "JSD": 0.1761626174945298, "Precision": 0.7315424154014016, "Recall": 0.7684674751929438, "F1-Score": 0.7315307816736167, "ROC AUC": 0.762648733622092, "Accuracy": 0.7684674751929438, "MEAPE-mu": 12.600594749427872, "MEAPE-std": 1.5309768663088974, "_runtime": 5, "_timestamp": 1654262036, "_step": 0, "_wandb": {"runtime": 7}}