{"ARI": 0.0687304046344551, "NMI": 0.13727712082247576, "JSD": 0.21642586184365226, "Precision": 0.5550850194305906, "Recall": 0.6024406478810739, "F1-Score": 0.577724237967489, "ROC AUC": 0.6004939930187384, "Accuracy": 0.6024406478810739, "MEAPE-mu": 3.0269244362630485, "MEAPE-std": 0.39247029059590577, "_runtime": 439, "_timestamp": 1647384728, "_step": 0, "_wandb": {"runtime": 440}}