{"ARI": 0.02527928776146291, "NMI": 0.05994713199486349, "JSD": 0.2118835596677507, "Precision": 0.5763083749714988, "Recall": 0.44641668515642335, "F1-Score": 0.46675014015519267, "ROC AUC": 0.6426548686857708, "Accuracy": 0.44641668515642335, "MEAPE-mu": 18.69722183830255, "MEAPE-std": 0.47210786650722225, "_runtime": 2, "_timestamp": 1645790193, "_step": 0, "_wandb": {"runtime": 4}}