{"MAE": 13.783923405849407, "MRAE": 0.2006979089272109, "R^2-Score": 0.7169209616334065, "MEAPE-mu": 0.3602395337327507, "MEAPE-std": 0.20364966724955752, "RMSE": 19.105057712429264, "JSD": Infinity, "_runtime": 212, "_timestamp": 1646553478, "_step": 0, "_wandb": {"runtime": 214}}