{"ARI": -0.006571193730282443, "NMI": 0.0018085882448383966, "JSD": 0.3193608578620759, "Precision": 0.486260068136366, "Recall": 0.3293838862559242, "F1-Score": 0.37515587735755535, "Accuracy": 0.3293838862559242, "MEAPE-mu": 19.815992919631345, "MEAPE-std": 0.9288552947967192, "_runtime": 4, "_timestamp": 1645621629, "_step": 0, "_wandb": {"runtime": 4}}