{"MAE": 17.41263215457528, "MRAE": 0.3029055526175331, "R^2-Score": 0.5701677834666969, "MEAPE-mu": 2.838547534584371, "MEAPE-std": 0.45512009412742155, "RMSE": 23.55805686772908, "JSD": 0.103712691588807, "_runtime": 60, "_timestamp": 1646422190, "_step": 0, "_wandb": {"runtime": 61}}