{"ARI": 0.7224997562345195, "NMI": 0.6075708588362031, "JSD": 0.11086556409239119, "Precision": 0.9155206210800114, "Recall": 0.9163477310005468, "F1-Score": 0.9150733195529714, "ROC AUC": 0.9778007787133602, "Accuracy": 0.9163477310005468, "MEAPE-mu": 3.22807385969864, "MEAPE-std": 0.40975281019292165, "_runtime": 566, "_timestamp": 1646918618, "_step": 0, "_wandb": {"runtime": 567}}