{"ARI": 0.0, "NMI": 0.0, "JSD": 0.17878432623971877, "Precision": 0.49, "Recall": 0.7, "F1-Score": 0.5764705882352941, "ROC AUC": 0.6550063262019783, "Accuracy": 0.7, "MEAPE-mu": 33.50799526566604, "MEAPE-std": 6.364220980815602, "_runtime": 6, "_timestamp": 1646945277, "_step": 0, "_wandb": {"runtime": 6}}