{"ARI": -0.030164287638028548, "NMI": 0.15668080182786567, "JSD": 0.25767171988223053, "Precision": 0.6169354838709677, "Recall": 0.1935483870967742, "F1-Score": 0.2540942928039702, "Accuracy": 0.1935483870967742, "MEAPE-mu": 129.9437258742959, "MEAPE-std": 33.57121881115571, "_runtime": 4, "_timestamp": 1645615396, "_step": 0, "_wandb": {"runtime": 4}}