{"MAE": 24.341331959979698, "RMSE": 30.851074835482674, "MRAE": 0.4493072693060708, "JSD": Infinity, "R^2-Score": 0.2467321651460087, "MEAPE-mu": 0.5267896421096814, "MEAPE-std": 0.37927262667870976, "_runtime": 2, "_timestamp": 1645201777, "_step": 0, "_wandb": {"runtime": 3}}