{"MAE": 30.22815805122936, "MRAE": 0.45530653776519653, "R^2-Score": 0.2516723817504749, "MEAPE-mu": 7.828490285948106, "MEAPE-std": 5.115900188240495, "RMSE": 36.888285910609, "JSD": 0.1426620393092353, "_runtime": 3, "_timestamp": 1646307665, "_step": 0, "_wandb": {"runtime": 4}}