{"ARI": 0.13508774985936917, "NMI": 0.05602141297685665, "JSD": 0.20634646150613423, "Precision": 0.6475104173242487, "Recall": 0.7023153252480706, "F1-Score": 0.6639434512469459, "ROC AUC": 0.695459102729011, "Accuracy": 0.7023153252480706, "MEAPE-mu": 12.294815545985184, "MEAPE-std": 1.979220129929497, "_runtime": 3, "_timestamp": 1654268774, "_step": 0, "_wandb": {"runtime": 4}}