{"ARI": 0.03740728797162206, "NMI": 0.030009399755625794, "JSD": 0.19905371991202545, "Precision": 0.6166666666666667, "Recall": 0.7, "F1-Score": 0.6232804232804233, "ROC AUC": 0.6052076144467449, "Accuracy": 0.7, "MEAPE-mu": 25.692846365053928, "MEAPE-std": 9.060758678757976, "_runtime": 5, "_timestamp": 1646933041, "_step": 0, "_wandb": {"runtime": 5}}