{"ARI": 0.12618324447601417, "NMI": 0.10521061663659184, "JSD": 0.20344448122709843, "Precision": 0.6242246188464614, "Recall": 0.5795873086310184, "F1-Score": 0.5908387611193058, "ROC AUC": 0.7003519318113292, "Accuracy": 0.5795873086310184, "MEAPE-mu": 15.003109467184808, "MEAPE-std": 0.43616737478742895, "_runtime": 3, "_timestamp": 1645787416, "_step": 0, "_wandb": {"runtime": 3}}