{"MAE": 3.148651111921254, "MRAE": 0.06049999840055041, "R^2-Score": 0.9155869834670795, "MEAPE-mu": 0.6354631215764937, "MEAPE-std": 0.15756205916665686, "RMSE": 10.302981651689791, "JSD": 0.047689927050060844, "_runtime": 143, "_timestamp": 1646551728, "_step": 0, "_wandb": {"runtime": 144}}