{"ARI": -0.008708388615334213, "NMI": 0.0009479378714029948, "JSD": Infinity, "Precision": 0.5658517837568767, "Recall": 0.5674929747089522, "F1-Score": 0.566664877908232, "ROC AUC": 0.46981220044193256, "Accuracy": 0.5674929747089522, "MEAPE-mu": 2.3056609791812326, "MEAPE-std": 1.8901105823048843, "_runtime": 63, "_timestamp": 1653687076, "_step": 0, "_wandb": {"runtime": 64}}