{"ARI": 0.2541256548014583, "NMI": 0.14550348218710699, "JSD": 0.19342416334180496, "Precision": 0.7622235412171048, "Recall": 0.7733340024086712, "F1-Score": 0.7570201497477348, "ROC AUC": 0.8045968797289234, "Accuracy": 0.7733340024086712, "MEAPE-mu": 13.145299219857044, "MEAPE-std": 0.35607557536221873, "_runtime": 5, "_timestamp": 1645796628, "_step": 0, "_wandb": {"runtime": 6}}