{"MAE": 18.63925528496575, "RMSE": 22.849674551548325, "MRAE": 0.41337232285701153, "JSD": 0.10696256919470522, "R^2-Score": 0.4373987148256965, "MEAPE-mu": 4.8683449802656655, "MEAPE-std": 3.074028737347756, "_runtime": 5, "_timestamp": 1645433166, "_step": 0, "_wandb": {"runtime": 5}}