{"ARI": -0.05602107781746294, "NMI": 0.05092625033634712, "JSD": 0.17453945919622282, "Precision": 0.6996916013987462, "Recall": 0.26904814732638116, "F1-Score": 0.12349763166060303, "ROC AUC": 0.5801651710163084, "Accuracy": 0.26904814732638116, "MEAPE-mu": 77.65284909018322, "MEAPE-std": 0.6419143589325563, "_runtime": 5, "_timestamp": 1646916994, "_step": 0, "_wandb": {"runtime": 5}}