{"MAE": 23.989580272524094, "RMSE": 29.69831478028071, "MRAE": 0.43506021927277444, "JSD": Infinity, "R^2-Score": 0.2096496787116835, "MEAPE-mu": 0.935734639288942, "MEAPE-std": 0.48407498601810495, "_runtime": 4, "_timestamp": 1645532083, "_step": 0, "_wandb": {"runtime": 5}}