{"ARI": 0.4629478657105898, "NMI": 0.35764046753475826, "JSD": 0.1527139778235814, "Precision": 0.8089927337383768, "Recall": 0.808875083203905, "F1-Score": 0.8039055415031162, "ROC AUC": 0.8741805765814737, "Accuracy": 0.808875083203905, "MEAPE-mu": 3.3855387228891165, "MEAPE-std": 0.3001401300032248, "_runtime": 1914, "_timestamp": 1647278342, "_step": 0, "_wandb": {"runtime": 1915}}