{"ARI": 0.03028432926484022, "NMI": 0.009526267928318082, "JSD": 0.2047823743905435, "Precision": 0.6437063456790264, "Recall": 0.6992673625050181, "F1-Score": 0.6113382697882945, "ROC AUC": 0.6461497504225184, "Accuracy": 0.6992673625050181, "MEAPE-mu": 31.858121737504202, "MEAPE-std": 0.3495495735147528, "_runtime": 4, "_timestamp": 1645605537, "_step": 0, "_wandb": {"runtime": 4}}