{"MAE": 28.886578495466587, "MRAE": 0.6567569973332968, "R^2-Score": 0.1766406176979729, "MEAPE-mu": 7.104488454664646, "MEAPE-std": 5.227497165747841, "RMSE": 38.21125196675454, "JSD": 0.16637560607356142, "_runtime": 7, "_timestamp": 1646306257, "_step": 0, "_wandb": {"runtime": 4}}