{"ARI": 0.0, "NMI": 0.0, "JSD": 0.17878432623971874, "Precision": 0.49, "Recall": 0.7, "F1-Score": 0.5764705882352941, "ROC AUC": 0.6546123763515067, "Accuracy": 0.7, "MEAPE-mu": 33.77588427430339, "MEAPE-std": 7.338479973108162, "_runtime": 4, "_timestamp": 1646942232, "_step": 0, "_wandb": {"runtime": 5}}