{"ARI": 0.0970015671895208, "NMI": 0.10077923155166367, "JSD": 0.18586320658696945, "Precision": 0.6361605148118668, "Recall": 0.6535611271355669, "F1-Score": 0.5924053254327956, "ROC AUC": 0.6196835349031561, "Accuracy": 0.6535611271355669, "MEAPE-mu": 26.296809818469896, "MEAPE-std": 0.28565183347002077, "_runtime": 42, "_timestamp": 1645794164, "_step": 0, "_wandb": {"runtime": 43}}