{"MAE": 18.970700683214083, "RMSE": 26.504254428896527, "MRAE": 0.4470973600605514, "JSD": 0.1305649842296387, "R^2-Score": 0.08698592064165134, "MEAPE-mu": 10.826336244397908, "MEAPE-std": 5.921032516792789, "_runtime": 2, "_timestamp": 1645116616, "_step": 0, "_wandb": {"runtime": 3}}