{"ARI": 0.2947527799896798, "NMI": 0.18022427793780346, "JSD": 0.1732946154416886, "Precision": 0.7437617849668917, "Recall": 0.7703244622675902, "F1-Score": 0.739104489119732, "ROC AUC": 0.7594704073539666, "Accuracy": 0.7703244622675902, "MEAPE-mu": 12.418951203000084, "MEAPE-std": 0.7009156261576188, "_runtime": 582, "_timestamp": 1646940114, "_step": 0, "_wandb": {"runtime": 583}}