{"ARI": 0.14804343351308794, "NMI": 0.09353539093903375, "JSD": 0.21233614836662393, "Precision": 0.6329200761909498, "Recall": 0.6495673396938096, "F1-Score": 0.6109085239643551, "ROC AUC": 0.7099484972693128, "Accuracy": 0.6495673396938096, "MEAPE-mu": 17.806523199561013, "MEAPE-std": 0.34233715693136046, "_runtime": 6, "_timestamp": 1646930678, "_step": 0, "_wandb": {"runtime": 6}}