{"ARI": 0.04113044123686596, "NMI": 0.020214814245143632, "JSD": 0.19795602877088167, "Precision": 0.6811263307611215, "Recall": 0.7080343252872986, "F1-Score": 0.6167622265361066, "ROC AUC": 0.6564023260011644, "Accuracy": 0.7080343252872986, "MEAPE-mu": 32.96847053793073, "MEAPE-std": 0.26921707537794287, "_runtime": 5, "_timestamp": 1645772261, "_step": 0, "_wandb": {"runtime": 6}}