{"ARI": 0.03740728797162206, "NMI": 0.030009399755625794, "JSD": 0.19905371991202545, "Precision": 0.6166666666666667, "Recall": 0.7, "F1-Score": 0.6232804232804233, "ROC AUC": 0.6862951460777549, "Accuracy": 0.7, "MEAPE-mu": 24.99922252958813, "MEAPE-std": 8.718214672210507, "_runtime": 14, "_timestamp": 1645465133, "_step": 0, "_wandb": {"runtime": 15}}