{"ARI": 0.19219606578523057, "NMI": 0.20761436294549349, "JSD": 0.16287440584284132, "Precision": 0.7583333333333333, "Recall": 0.7666666666666667, "F1-Score": 0.7037037037037037, "ROC AUC": 0.7419772256728779, "Accuracy": 0.7666666666666667, "MEAPE-mu": 26.534521611019763, "MEAPE-std": 6.802134767784645, "_runtime": 20, "_timestamp": 1645475181, "_step": 0, "_wandb": {"runtime": 20}}