{"MAE": 21.413670586358478, "RMSE": 27.427443088156043, "MRAE": 0.3768689290187801, "JSD": 0.12223200096216129, "R^2-Score": 0.41617861867241335, "MEAPE-mu": 0.6579700188172098, "MEAPE-std": 0.4323928564035119, "_runtime": 75, "_timestamp": 1645444862, "_step": 0, "_wandb": {"runtime": 75}}