{"MAE": 0.005622721010633837, "MRAE": 5.320951313544181e-05, "R^2-Score": 0.9999700999406334, "MEAPE-mu": 0.002121771619190541, "MEAPE-std": 0.0016013984161410853, "RMSE": 0.18664485517259782, "JSD": 0.000811496585359344, "_runtime": 4900, "_timestamp": 1648337404, "_step": 0, "_wandb": {"runtime": 4899}}