{"ARI": -0.015991410973611345, "NMI": 0.013829577535136675, "JSD": 0.22299058529620625, "Precision": 0.5456989247311829, "Recall": 0.6451612903225806, "F1-Score": 0.5722664432341851, "ROC AUC": 0.5906393577404846, "Accuracy": 0.6451612903225806, "MEAPE-mu": 23.534085151781486, "MEAPE-std": 10.608204139415355, "_runtime": 4, "_timestamp": 1646942184, "_step": 0, "_wandb": {"runtime": 5}}