{"MAE": 19.750896920835082, "RMSE": 24.091275874758036, "MRAE": 0.32247198693340134, "JSD": 0.11991539918513934, "R^2-Score": 0.38250662184018513, "MEAPE-mu": 6.588219575202488, "MEAPE-std": 4.0392205666484955, "_runtime": 2, "_timestamp": 1645185312, "_step": 0, "_wandb": {"runtime": 3}}