{"ARI": 0.07512357288410702, "NMI": 0.03870763131326894, "JSD": 0.2205248077950847, "Precision": 0.5512064359151062, "Recall": 0.5045928555580208, "F1-Score": 0.5175419183887604, "ROC AUC": 0.6139912238990733, "Accuracy": 0.5045928555580208, "MEAPE-mu": 0.9045602338134034, "MEAPE-std": 0.42197993771613507, "_runtime": 4, "_timestamp": 1646932041, "_step": 0, "_wandb": {"runtime": 5}}