{"ARI": 0.046052631578947366, "NMI": 0.014466163742351646, "JSD": 0.23183683433700303, "Precision": 0.653448275862069, "Recall": 0.6896551724137931, "F1-Score": 0.6641909814323605, "ROC AUC": 0.75, "Accuracy": 0.6896551724137931, "MEAPE-mu": 15.70512046270668, "MEAPE-std": 9.769944159817369, "_runtime": 2, "_timestamp": 1645461400, "_step": 0, "_wandb": {"runtime": 3}}