{"ARI": 0.0, "NMI": 7.024775910151136e-16, "JSD": 0.1813021946042139, "Precision": 0.0, "Recall": 0.0, "F1-Score": 0.0, "Accuracy": 0.0, "MEAPE-mu": 163.170592239764, "MEAPE-std": 6.29038829666669, "_runtime": 24, "_timestamp": 1645623046, "_step": 0, "_wandb": {"runtime": 8}}