{"ARI": -0.04482132041187159, "NMI": 0.09046479637741009, "JSD": 0.5526546281332904, "Precision": 0.5611111111111111, "Recall": 0.26666666666666666, "F1-Score": 0.34888888888888886, "Accuracy": 0.26666666666666666, "MEAPE-mu": 62.365318991797096, "MEAPE-std": 9.505365773157637, "_runtime": 4, "_timestamp": 1645616936, "_step": 0, "_wandb": {"runtime": 4}}