{"MAE": 21.71034482758621, "RMSE": 27.610305422382442, "MRAE": 0.42843772458093277, "JSD": 0.12988962587385122, "R^2-Score": 0.14500868169003578, "MEAPE-mu": 6.795832646708578, "MEAPE-std": 5.604657608168371, "_runtime": 3, "_timestamp": 1645389885, "_step": 0, "_wandb": {"runtime": 4}}