{"ARI": 0.08647124788946854, "NMI": 0.0293529691606058, "JSD": 0.20227839923479876, "Precision": 0.6323651789240512, "Recall": 0.6952797521414252, "F1-Score": 0.6304111041666833, "ROC AUC": 0.6539795140700833, "Accuracy": 0.6952797521414252, "MEAPE-mu": 22.380943584786223, "MEAPE-std": 0.6310503150031525, "_runtime": 137, "_timestamp": 1645470892, "_step": 0, "_wandb": {"runtime": 138}}