{"MAE": 10.950870867539383, "MRAE": 0.17548624797421933, "R^2-Score": 0.6854647431402418, "MEAPE-mu": 0.31538648727676594, "MEAPE-std": 0.1559362439840714, "RMSE": 19.264935664177177, "JSD": 0.09199490604701341, "_runtime": 10, "_timestamp": 1646998108, "_step": 0, "_wandb": {"runtime": 10}}