{"MAE": 22.034664839459445, "MRAE": 0.3987040967306588, "R^2-Score": 0.4487463866739523, "MEAPE-mu": 0.9648199039384265, "MEAPE-std": 0.769175210106104, "RMSE": 27.978944184676855, "JSD": Infinity, "_runtime": 2, "_timestamp": 1655388259, "_step": 0, "_wandb": {"runtime": 3}}