{"MAE": 30.63497075726909, "RMSE": 37.981548956690354, "MRAE": 0.45185259426166874, "JSD": 0.15445859076091867, "R^2-Score": 0.2540464677700238, "MEAPE-mu": 5.971449137194464, "MEAPE-std": 5.176597302760849, "_runtime": 2, "_timestamp": 1645190335, "_step": 0, "_wandb": {"runtime": 3}}