{"ARI": 0.32181839865019884, "NMI": 0.21410260467908407, "JSD": 0.16686228982633133, "Precision": 0.750265399926258, "Recall": 0.7861080485115767, "F1-Score": 0.7542757585194813, "ROC AUC": 0.7937592670151468, "Accuracy": 0.7861080485115767, "MEAPE-mu": 11.31752334119593, "MEAPE-std": 1.6001318434570706, "_runtime": 79, "_timestamp": 1654172369, "_step": 0, "_wandb": {"runtime": 79}}