{"ARI": -0.10297577040696307, "NMI": 0.06566456860013742, "JSD": 0.24455655565483964, "Precision": 0.4815668202764977, "Recall": 0.6129032258064516, "F1-Score": 0.5393548387096774, "ROC AUC": 0.4018585465331851, "Accuracy": 0.6129032258064516, "MEAPE-mu": 21.11427153380199, "MEAPE-std": 9.95925202307915, "_runtime": 1, "_timestamp": 1645452598, "_step": 0, "_wandb": {"runtime": 3}}