{"ARI": -0.004755658426449189, "NMI": 0.0006685430571357542, "JSD": Infinity, "Precision": 0.5581853962618449, "Recall": 0.6898334002408671, "F1-Score": 0.5791180036901743, "ROC AUC": 0.482008140372563, "Accuracy": 0.6898334002408671, "MEAPE-mu": 140.60826344372722, "MEAPE-std": 4.342764632439386, "_runtime": 91, "_timestamp": 1653692159, "_step": 0, "_wandb": {"runtime": 93}}