{"ARI": 0.12745938099431042, "NMI": 0.06531646445257817, "JSD": 0.193348359290807, "Precision": 0.6516300450995756, "Recall": 0.7221609702315325, "F1-Score": 0.6646757236531953, "ROC AUC": 0.7091521872689869, "Accuracy": 0.7221609702315325, "MEAPE-mu": 20.78118933603475, "MEAPE-std": 1.5651319541803517, "_runtime": 3, "_timestamp": 1654268749, "_step": 0, "_wandb": {"runtime": 4}}