{"ARI": 0.27571493497727845, "NMI": 0.15944662038039006, "JSD": 0.191572090332908, "Precision": 0.7692683210079916, "Recall": 0.7794449741556682, "F1-Score": 0.7682708664102147, "ROC AUC": 0.8184722799404887, "Accuracy": 0.7794449741556682, "MEAPE-mu": 10.131527627264155, "MEAPE-std": 0.37286859603289496, "_runtime": 7, "_timestamp": 1645799033, "_step": 0, "_wandb": {"runtime": 7}}