{"ARI": 0.01884463262202604, "NMI": 0.00824740354460491, "JSD": 0.21866399156315794, "Precision": 0.4939002614131021, "Recall": 0.6033281562014644, "F1-Score": 0.5212226195947972, "ROC AUC": 0.5649254575119688, "Accuracy": 0.6033281562014644, "MEAPE-mu": 25.679650458269116, "MEAPE-std": 0.34403017107527, "_runtime": 784, "_timestamp": 1645808297, "_step": 0, "_wandb": {"runtime": 786}}