{"ARI": 0.6883402169384587, "NMI": 0.5593378857446338, "JSD": 0.11098191798671991, "Precision": 0.9055740535732755, "Recall": 0.9051819184123484, "F1-Score": 0.9012329715784255, "ROC AUC": 0.9781095732748423, "Accuracy": 0.9051819184123484, "MEAPE-mu": 4.975648898948891, "MEAPE-std": 1.1057808634485016, "_runtime": 51, "_timestamp": 1654116489, "_step": 0, "_wandb": {"runtime": 52}}