{"ARI": 0.022488522050928828, "NMI": 0.002770792099564879, "JSD": Infinity, "Precision": 0.6471895375246891, "Recall": 0.6322224413330704, "F1-Score": 0.6391818651768677, "ROC AUC": 0.5446308931249231, "Accuracy": 0.6322224413330704, "MEAPE-mu": 12.203282477449738, "MEAPE-std": 3.317412509047171, "_runtime": 17, "_timestamp": 1653731058, "_step": 0, "_wandb": {"runtime": 18}}