{"ARI": 0.13018084721656967, "NMI": 0.06955050785172046, "JSD": 0.20602479472266724, "Precision": 0.5690960076159202, "Recall": 0.6561349012646993, "F1-Score": 0.6040082857016886, "ROC AUC": 0.6698366227484417, "Accuracy": 0.6561349012646993, "MEAPE-mu": 13.521282284571983, "MEAPE-std": 0.41531009835315164, "_runtime": 450, "_timestamp": 1647385626, "_step": 0, "_wandb": {"runtime": 450}}