{"MAE": 28.75579067650426, "MRAE": 0.6004418377883991, "R^2-Score": -0.018032029986456477, "MEAPE-mu": 6.725563740571314, "MEAPE-std": 4.883600815486211, "RMSE": 37.31920287254037, "JSD": 0.16987233650977185, "_runtime": 4, "_timestamp": 1646309063, "_step": 0, "_wandb": {"runtime": 4}}