{"ARI": 0.3383742911153119, "NMI": 0.2982129117442708, "JSD": 0.1635700446496961, "Precision": 0.735, "Recall": 0.7666666666666667, "F1-Score": 0.7359683794466403, "ROC AUC": 0.8655624568668046, "Accuracy": 0.7666666666666667, "MEAPE-mu": 15.3912066566244, "MEAPE-std": 7.642744262390504, "_runtime": 8, "_timestamp": 1645466245, "_step": 0, "_wandb": {"runtime": 8}}