{"ARI": 0.03930070318797076, "NMI": 0.0380988246518217, "JSD": 0.20791437895604542, "Precision": 0.4959677419354839, "Recall": 0.5806451612903226, "F1-Score": 0.5333333333333334, "ROC AUC": 0.5846390168970815, "Accuracy": 0.5806451612903226, "MEAPE-mu": 18.96597796801673, "MEAPE-std": 8.256551112293682, "_runtime": 5, "_timestamp": 1646934158, "_step": 0, "_wandb": {"runtime": 5}}