{"ARI": 0.04545664143560024, "NMI": 0.024934395153112226, "JSD": 0.22120915864579377, "Precision": 0.5618775240996804, "Recall": 0.6064344353228311, "F1-Score": 0.5463378578827031, "ROC AUC": 0.5989382061759081, "Accuracy": 0.6064344353228311, "MEAPE-mu": 22.399966780378268, "MEAPE-std": 0.33749653619274633, "_runtime": 5, "_timestamp": 1645720921, "_step": 0, "_wandb": {"runtime": 6}}