{"MAE": 20.962902532261793, "MRAE": 0.37272191673221433, "R^2-Score": 0.4348925910402105, "MEAPE-mu": 0.3528515558750196, "MEAPE-std": 0.24215645759838708, "RMSE": 26.748713331733438, "JSD": Infinity, "_runtime": 3, "_timestamp": 1646317583, "_step": 0, "_wandb": {"runtime": 4}}