{"MAE": 19.94719708845534, "MRAE": 0.35722324767272406, "R^2-Score": 0.4654337801980558, "MEAPE-mu": 0.8200983710574884, "MEAPE-std": 0.724803686521707, "RMSE": 25.837766348080056, "JSD": Infinity, "_runtime": 2, "_timestamp": 1655388278, "_step": 0, "_wandb": {"runtime": 3}}