{"MAE": 22.801236748193038, "MRAE": 0.45551154594742155, "R^2-Score": 0.21677368392587704, "MEAPE-mu": 12.56646705043738, "MEAPE-std": 6.8206284947135325, "RMSE": 29.550735975281604, "JSD": 0.13355499340536298, "_runtime": 4, "_timestamp": 1646307049, "_step": 0, "_wandb": {"runtime": 4}}