{"ARI": -0.04241663178456816, "NMI": 0.026473550970279962, "JSD": 0.17503553933275112, "Precision": 0.05268817204301075, "Recall": 0.22580645161290322, "F1-Score": 0.08544027898866607, "ROC AUC": 0.7213133640552994, "Accuracy": 0.22580645161290322, "MEAPE-mu": 91.67381321543567, "MEAPE-std": 15.750404601754896, "_runtime": 3, "_timestamp": 1645463242, "_step": 0, "_wandb": {"runtime": 4}}