{"ARI": -0.04692979669229572, "NMI": 0.055907917511940255, "JSD": 0.19365464081801256, "Precision": 0.6815337805688717, "Recall": 0.38588754134509373, "F1-Score": 0.36422580973852675, "ROC AUC": 0.7344415040351521, "Accuracy": 0.38588754134509373, "MEAPE-mu": 66.80120064764053, "MEAPE-std": 3.1720715664188646, "_runtime": 2, "_timestamp": 1654102295, "_step": 0, "_wandb": {"runtime": 4}}