{"MAE": 21.313603388171398, "RMSE": 27.518402137259315, "MRAE": 0.36214131070772787, "JSD": 0.12262432748678129, "R^2-Score": 0.4249086999996413, "MEAPE-mu": 0.8387003546999512, "MEAPE-std": 0.4041983090001602, "_runtime": 158, "_timestamp": 1645213889, "_step": 0, "_wandb": {"runtime": 159}}