{"ARI": 0.057351043092994616, "NMI": 0.04161951923723512, "JSD": 0.19962634510662647, "Precision": 0.6068544848466995, "Recall": 0.6321278011981363, "F1-Score": 0.5465358727869638, "ROC AUC": 0.6526884409687074, "Accuracy": 0.6321278011981363, "MEAPE-mu": 30.294255209239587, "MEAPE-std": 0.30604892189571264, "_runtime": 1326, "_timestamp": 1646090254, "_step": 0, "_wandb": {"runtime": 1328}}