{"MAE": 28.774181921099025, "MRAE": 0.470000113962007, "R^2-Score": 0.3731125101307986, "MEAPE-mu": 8.450152586658152, "MEAPE-std": 4.698262573606749, "RMSE": 33.015071030326546, "JSD": 0.13856112588151354, "_runtime": 3, "_timestamp": 1646303920, "_step": 0, "_wandb": {"runtime": 4}}