{"ARI": 0.0007826047532712963, "NMI": 0.001084033549739645, "JSD": 0.35319323999833524, "Precision": 0.4865079257629835, "Recall": 0.3713087860007291, "F1-Score": 0.415622531731436, "Accuracy": 0.37130878600072914, "MEAPE-mu": 32.41337790962625, "MEAPE-std": 0.7025029882943429, "_runtime": 3, "_timestamp": 1645618478, "_step": 0, "_wandb": {"runtime": 3}}