{"MAE": 22.080766248406682, "MRAE": 0.4783062449754562, "R^2-Score": 0.3378546765458257, "MEAPE-mu": 7.314643979158472, "MEAPE-std": 0.31502782170863397, "RMSE": 27.796448526156972, "JSD": 0.13998963876169415, "_runtime": 15, "_timestamp": 1646991329, "_step": 0, "_wandb": {"runtime": 15}}