{"MAE": 21.90504160616538, "MRAE": 0.4095394345189382, "R^2-Score": 0.34793972945001495, "MEAPE-mu": 0.7879942038474542, "MEAPE-std": 0.2383550062542002, "RMSE": 27.37713678891198, "JSD": 0.13818757865361653, "_runtime": 23, "_timestamp": 1647011723, "_step": 0, "_wandb": {"runtime": 23}}