{"MAE": 25.43495788856633, "MRAE": 0.6048759076383577, "R^2-Score": 0.2539579295766591, "MEAPE-mu": 10.064536213562256, "MEAPE-std": 0.3323966921592211, "RMSE": 33.0666233366659, "JSD": 0.1649601405344072, "_runtime": 42, "_timestamp": 1648655204, "_step": 0, "_wandb": {"runtime": 43}}