{"MAE": 21.72479846958982, "RMSE": 28.02061886554928, "MRAE": 0.36652041992286677, "JSD": 0.12216548133145617, "R^2-Score": 0.4089957087599073, "MEAPE-mu": 0.3845231103982456, "MEAPE-std": 0.262946314255405, "_runtime": 74, "_timestamp": 1645444943, "_step": 0, "_wandb": {"runtime": 76}}