{"MAE": 26.683876560136923, "RMSE": 34.75497740802701, "MRAE": 0.37609061011577816, "JSD": 0.14061479369976995, "R^2-Score": 0.37540219787513984, "MEAPE-mu": 7.209299494884347, "MEAPE-std": 4.73256604129031, "_runtime": 2, "_timestamp": 1645185972, "_step": 0, "_wandb": {"runtime": 3}}