{"ARI": 0.21626986486604236, "NMI": 0.12842066596380838, "JSD": 0.1816344378377724, "Precision": 0.7271100228947376, "Recall": 0.7489974480495808, "F1-Score": 0.7043654510827828, "ROC AUC": 0.7784904851285286, "Accuracy": 0.7489974480495808, "MEAPE-mu": 17.6361463187431, "MEAPE-std": 0.5784411359446247, "_runtime": 35, "_timestamp": 1646922999, "_step": 0, "_wandb": {"runtime": 35}}