{"MAE": 19.766288012228852, "MRAE": 0.41038463537539044, "R^2-Score": 0.445723375775383, "MEAPE-mu": 0.21113469869783927, "MEAPE-std": 0.15211574598816535, "RMSE": 25.64800437450719, "JSD": Infinity, "_runtime": 6, "_timestamp": 1647014640, "_step": 0, "_wandb": {"runtime": 5}}