{"ARI": 0.03740728797162206, "NMI": 0.030009399755625794, "JSD": 0.19905371991202545, "Precision": 0.6166666666666667, "Recall": 0.7, "F1-Score": 0.6232804232804233, "ROC AUC": 0.5988900391074304, "Accuracy": 0.7, "MEAPE-mu": 26.66144314368765, "MEAPE-std": 8.41943743383646, "_runtime": 3, "_timestamp": 1645461004, "_step": 0, "_wandb": {"runtime": 4}}