{"ARI": 0.05975865114016979, "NMI": 0.03198082398841342, "JSD": 0.18584001820779397, "Precision": 0.7000877127825439, "Recall": 0.70457444869692, "F1-Score": 0.6107582297811428, "ROC AUC": 0.5327003334218566, "MEAPE-mu": 30.075980764145797, "MEAPE-std": 0.5864762958099325, "_runtime": 931, "_timestamp": 1645444046, "_step": 0, "_wandb": {"runtime": 932}}