{"MAE": 21.563146754463702, "RMSE": 27.670493008408908, "MRAE": 0.3854182924114548, "JSD": Infinity, "R^2-Score": 0.39763799710536785, "MEAPE-mu": 0.731622641450823, "MEAPE-std": 0.4083162173599989, "_runtime": 4, "_timestamp": 1645237819, "_step": 0, "_wandb": {"runtime": 5}}