{"ARI": 0.1010674134482487, "NMI": 0.025934512468441497, "JSD": 0.21076031966505832, "Precision": 0.6166966868103436, "Recall": 0.6657554219063241, "F1-Score": 0.6281673125919752, "ROC AUC": 0.6619689857529731, "Accuracy": 0.6657554219063241, "MEAPE-mu": 16.67854290210052, "MEAPE-std": 0.7110523583139067, "_runtime": 3, "_timestamp": 1645474729, "_step": 0, "_wandb": {"runtime": 4}}