{"MAE": 27.802999609638256, "MRAE": 0.532304340657944, "R^2-Score": 0.14992165733045193, "MEAPE-mu": 7.365588338732375, "MEAPE-std": 5.956726543309661, "RMSE": 37.73314342268657, "JSD": 0.16650037145873756, "_runtime": 5, "_timestamp": 1646308460, "_step": 0, "_wandb": {"runtime": 4}}