{"ARI": 0.2190800293754977, "NMI": 0.1447104026342384, "JSD": 0.18466219637490172, "Precision": 0.6105429062225326, "Recall": 0.6831151542045707, "F1-Score": 0.6340206761386035, "ROC AUC": 0.7416592140058309, "Accuracy": 0.6831151542045707, "MEAPE-mu": 15.652099878752983, "MEAPE-std": 0.28540907988705344, "_runtime": 46, "_timestamp": 1645793959, "_step": 0, "_wandb": {"runtime": 47}}