{"MAE": 20.369210162444173, "MRAE": 0.41927377212678424, "R^2-Score": 0.4163962568022843, "MEAPE-mu": 0.402254958439857, "MEAPE-std": 0.2444645000846148, "RMSE": 26.222095205289286, "JSD": Infinity, "_runtime": 5, "_timestamp": 1647017019, "_step": 0, "_wandb": {"runtime": 6}}