{"MAE": 27.02680873012446, "MRAE": 0.5773316719857432, "R^2-Score": 0.10321034719184208, "MEAPE-mu": 8.400153669848208, "MEAPE-std": 5.69174844329109, "RMSE": 33.02167310944722, "JSD": 0.1551106739509715, "_runtime": 3, "_timestamp": 1646307626, "_step": 0, "_wandb": {"runtime": 4}}