{"ARI": 0.0331347902618818, "NMI": 0.07543986129802453, "JSD": 0.17904083914898683, "Precision": 0.7411163290105421, "Recall": 0.30206345684490793, "F1-Score": 0.16223223110334706, "ROC AUC": 0.6893521291903413, "Accuracy": 0.30206345684490793, "MEAPE-mu": 76.47364543096496, "MEAPE-std": 0.5962256625317311, "_runtime": 5, "_timestamp": 1646914995, "_step": 0, "_wandb": {"runtime": 5}}