{"ARI": -0.0010662071990772595, "NMI": 0.0007499405191878979, "JSD": Infinity, "Precision": 0.5035142313425643, "Recall": 0.6990515381141166, "F1-Score": 0.5761489660101117, "ROC AUC": 0.4793280214538047, "Accuracy": 0.6990515381141166, "MEAPE-mu": 149.63983631202183, "MEAPE-std": 4.21697020194084, "_runtime": 8, "_timestamp": 1653918286, "_step": 0, "_wandb": {"runtime": 10}}