{"ARI": 0.041121761722315506, "NMI": 0.02610475782142466, "JSD": 0.1978134266864903, "Precision": 0.5421653269778188, "Recall": 0.6261814954515199, "F1-Score": 0.5301869498022787, "ROC AUC": 0.6072292616262674, "Accuracy": 0.6261814954515199, "MEAPE-mu": 30.864342085043873, "MEAPE-std": 0.30702285585631606, "_runtime": 8291, "_timestamp": 1648145531, "_step": 0, "_wandb": {"runtime": 8289}}