{"ARI": 0.0718899695166207, "NMI": 0.1693698259437228, "JSD": 0.2629527978254574, "Precision": 0.5084310850439883, "Recall": 0.3870967741935484, "F1-Score": 0.4359554800980947, "ROC AUC": 0.382168458781362, "Accuracy": 0.3870967741935484, "MEAPE-mu": 21.877709067786835, "MEAPE-std": 15.129467353418253, "_runtime": 3, "_timestamp": 1645459414, "_step": 0, "_wandb": {"runtime": 4}}