{"MAE": 28.293524680264724, "RMSE": 37.2459087929796, "MRAE": 0.4790466977361486, "JSD": Infinity, "R^2-Score": 0.25662151189433013, "MEAPE-mu": 4.8628031711825095, "MEAPE-std": 0.5744288190879663, "_runtime": 5, "_timestamp": 1645532120, "_step": 0, "_wandb": {"runtime": 5}}