{"MAE": 19.645973595591407, "MRAE": 0.41001855650320573, "R^2-Score": 0.44689791376070653, "MEAPE-mu": 0.19300245154049417, "MEAPE-std": 0.14738970914074637, "RMSE": 25.554454328616252, "JSD": Infinity, "_runtime": 6, "_timestamp": 1647014719, "_step": 0, "_wandb": {"runtime": 6}}