{"MAE": 22.455116609093093, "RMSE": 30.041332553280785, "MRAE": 0.38458421299542234, "JSD": 0.12898987485128133, "R^2-Score": 0.4943545573931548, "MEAPE-mu": 5.500961961784117, "MEAPE-std": 4.488467703039734, "_runtime": 7, "_timestamp": 1645433470, "_step": 0, "_wandb": {"runtime": 6}}