{"ARI": 0.0, "NMI": 6.72167951363937e-16, "JSD": 0.17634804296710868, "Precision": 0.0, "Recall": 0.0, "F1-Score": 0.0, "Accuracy": 0.0, "MEAPE-mu": 165.7054379151948, "MEAPE-std": 6.871497228516346, "_runtime": 4, "_timestamp": 1645621624, "_step": 0, "_wandb": {"runtime": 4}}