{"ARI": 0.12098298676748583, "NMI": 0.31469336857487074, "JSD": 0.23418772480330452, "Precision": 0.511993382961125, "Recall": 0.6451612903225806, "F1-Score": 0.5704873026767331, "ROC AUC": 0.6373361706243653, "Accuracy": 0.6451612903225806, "MEAPE-mu": 21.967839316071103, "MEAPE-std": 10.101755480814916, "_runtime": 5, "_timestamp": 1646934134, "_step": 0, "_wandb": {"runtime": 5}}