{"MAE": 22.53968597915438, "RMSE": 29.065355278395852, "MRAE": 0.448211017414531, "JSD": 0.13540842134648307, "R^2-Score": 0.20400909386447574, "MEAPE-mu": 8.021675353220507, "MEAPE-std": 6.300671107650741, "_runtime": 2, "_timestamp": 1645116337, "_step": 0, "_wandb": {"runtime": 3}}