{"ARI": 0.0, "NMI": 0.0, "JSD": 0.17807895717104666, "Precision": 0.38320687357176164, "Recall": 0.6190370534723763, "F1-Score": 0.4733762859224146, "ROC AUC": 0.6987166059437003, "Accuracy": 0.6190370534723763, "MEAPE-mu": 39.23393751743081, "MEAPE-std": 0.20816376671587147, "_runtime": 3, "_timestamp": 1645771490, "_step": 0, "_wandb": {"runtime": 4}}