{"ARI": 0.043796166302154965, "NMI": 0.022346083724605077, "JSD": 0.18408960078756753, "Precision": 0.6765202093506251, "Recall": 0.7019686474662779, "F1-Score": 0.6014077428258392, "ROC AUC": 0.6840465086292136, "Accuracy": 0.7019686474662779, "MEAPE-mu": 31.114535948036682, "MEAPE-std": 0.5385303597948011, "_runtime": 101, "_timestamp": 1645460811, "_step": 0, "_wandb": {"runtime": 102}}