{"MAE": 19.016343519194862, "MRAE": 0.33390912682717117, "R^2-Score": 0.4792605198913811, "MEAPE-mu": 2.7224933184624898, "MEAPE-std": 0.2433983586475336, "RMSE": 25.15808917441929, "JSD": Infinity, "_runtime": 7, "_timestamp": 1648646728, "_step": 0, "_wandb": {"runtime": 7}}