{"MAE": 12.611337951148375, "MRAE": 0.23377824613547482, "R^2-Score": 0.7122661903218976, "MEAPE-mu": 1.4489865544000304, "MEAPE-std": 0.3505298736248048, "RMSE": 19.177616182671724, "JSD": 0.08940733936543854, "_runtime": 120, "_timestamp": 1646358706, "_step": 0, "_wandb": {"runtime": 120}}