{"ARI": 0.24165748676318258, "NMI": 0.2212535673987653, "JSD": 0.1788096047085971, "Precision": 0.7527009262963714, "Recall": 0.7286443310406036, "F1-Score": 0.6960037500031552, "ROC AUC": 0.8512177626411523, "Accuracy": 0.7286443310406036, "MEAPE-mu": 16.942675896847696, "MEAPE-std": 0.3368999347599712, "_runtime": 1709, "_timestamp": 1649295687, "_step": 0, "_wandb": {"runtime": 1706}}