{"MAE": 23.063501364006, "MRAE": 0.4729378623131195, "R^2-Score": 0.2759413654719287, "MEAPE-mu": 0.3398618733317755, "MEAPE-std": 0.23748193055310737, "RMSE": 29.395503856647196, "JSD": Infinity, "_runtime": 4, "_timestamp": 1646987670, "_step": 0, "_wandb": {"runtime": 5}}