{"MAE": 19.66617484016722, "MRAE": 0.41512658119698165, "R^2-Score": 0.45167607855437963, "MEAPE-mu": 0.2870220898075507, "MEAPE-std": 0.20412138171689292, "RMSE": 25.56054613103652, "JSD": Infinity, "_runtime": 5, "_timestamp": 1647019276, "_step": 0, "_wandb": {"runtime": 5}}