{"MAE": 19.84991669141544, "MRAE": 0.3770312967329934, "R^2-Score": 0.5278385780908553, "MEAPE-mu": 3.912229809253769, "MEAPE-std": 0.4105394963959162, "RMSE": 24.713109984831423, "JSD": 0.11347325845614921, "_runtime": 9, "_timestamp": 1646487247, "_step": 0, "_wandb": {"runtime": 10}}