{"MAE": 20.216378964271378, "MRAE": 0.41968236845140017, "R^2-Score": 0.4108252366450559, "MEAPE-mu": 0.21110719009766307, "MEAPE-std": 0.15398382598167015, "RMSE": 26.19278131024766, "JSD": Infinity, "_runtime": 4, "_timestamp": 1647016992, "_step": 0, "_wandb": {"runtime": 5}}