{"ARI": 0.20123342063022726, "NMI": 0.14889064250469247, "JSD": 0.1975520552876376, "Precision": 0.5878136200716846, "Recall": 0.6774193548387096, "F1-Score": 0.6114369501466276, "ROC AUC": 0.6253058954393771, "Accuracy": 0.6774193548387096, "MEAPE-mu": 21.079259771182624, "MEAPE-std": 9.209445918877307, "_runtime": 15, "_timestamp": 1646944732, "_step": 0, "_wandb": {"runtime": 16}}