{"ARI": 0.20869802172005045, "NMI": 0.2376285009690774, "JSD": 0.16965755574607336, "Precision": 0.7890232480097708, "Recall": 0.7194586199245618, "F1-Score": 0.6678117634698275, "ROC AUC": 0.9140885685147891, "Accuracy": 0.7194586199245618, "MEAPE-mu": 27.700143251766814, "MEAPE-std": 0.23051697722989203, "_runtime": 137, "_timestamp": 1647664119, "_step": 0, "_wandb": {"runtime": 138}}