{"ARI": 0.0, "NMI": 0.0, "JSD": 0.1780825084701762, "Precision": 0.3832618155944979, "Recall": 0.6190814288883958, "F1-Score": 0.4734311798729381, "ROC AUC": 0.576195207619036, "Accuracy": 0.6190814288883958, "MEAPE-mu": 39.230235684008086, "MEAPE-std": 0.24924796444338804, "_runtime": 1132, "_timestamp": 1646035336, "_step": 0, "_wandb": {"runtime": 1122}}