{"ARI": 0.4308551082098548, "NMI": 0.29764854275682845, "JSD": 0.16280961187493537, "Precision": 0.7325094260578132, "Recall": 0.7419354838709677, "F1-Score": 0.7362840710177544, "ROC AUC": 0.8297770469603908, "Accuracy": 0.7419354838709677, "MEAPE-mu": 8.13662873189145, "MEAPE-std": 5.992475339315995, "_runtime": 331, "_timestamp": 1645488446, "_step": 0, "_wandb": {"runtime": 330}}