{"ARI": 0.10215903106898368, "NMI": 0.18137075146615275, "JSD": 0.43728311673911874, "Precision": 0.6854838709677419, "Recall": 0.12903225806451613, "F1-Score": 0.18225806451612905, "Accuracy": 0.12903225806451613, "MEAPE-mu": 45.2183435931626, "MEAPE-std": 10.736534738522456, "_runtime": 3, "_timestamp": 1645621834, "_step": 0, "_wandb": {"runtime": 4}}