{"MAE": 21.681946809394997, "RMSE": 26.6308048197025, "MRAE": 0.4759690749655028, "JSD": 0.13164444026536204, "R^2-Score": 0.30337286834014265, "MEAPE-mu": 15.048885493350213, "MEAPE-std": 7.17179973752284, "_runtime": 2, "_timestamp": 1645106320, "_step": 0, "_wandb": {"runtime": 3}}