{"ARI": 0.03293547184445928, "NMI": 0.022087278925214514, "JSD": 0.22519833179282236, "Precision": 0.5295583038768055, "Recall": 0.5035278455735522, "F1-Score": 0.5136534735555165, "ROC AUC": 0.5996058345407578, "Accuracy": 0.5035278455735522, "MEAPE-mu": 8.217717602584601, "MEAPE-std": 0.47065891641450824, "_runtime": 3, "_timestamp": 1645606755, "_step": 0, "_wandb": {"runtime": 4}}