{"ARI": 0.09054113203767956, "NMI": 0.030977731527747146, "JSD": 0.20366837237691263, "Precision": 0.7055772315139469, "Recall": 0.7513310984026819, "F1-Score": 0.6995441292719854, "ROC AUC": 0.7554436281599851, "Accuracy": 0.7513310984026819, "MEAPE-mu": 22.685082544562007, "MEAPE-std": 0.7232348242656943, "_runtime": 6, "_timestamp": 1646916987, "_step": 0, "_wandb": {"runtime": 6}}