{"ARI": 0.283090989011664, "NMI": 0.15994765843544098, "JSD": 0.1822053642006371, "Precision": 0.7952434338360145, "Recall": 0.8079274304870834, "F1-Score": 0.7861312491736213, "ROC AUC": 0.8238724966999498, "Accuracy": 0.8079274304870834, "MEAPE-mu": 15.17450220437482, "MEAPE-std": 0.7194521878386695, "_runtime": 30, "_timestamp": 1646926815, "_step": 0, "_wandb": {"runtime": 30}}