{"MAE": 22.24447561391026, "MRAE": 0.5466251461231969, "R^2-Score": 0.13230973503913468, "MEAPE-mu": 9.772533829084281, "MEAPE-std": 7.213619136586469, "RMSE": 29.722271557475842, "JSD": 0.14254259901828614, "_runtime": 4, "_timestamp": 1646308242, "_step": 0, "_wandb": {"runtime": 4}}