{"MAE": 17.663291749296185, "MRAE": 0.3177146106810914, "R^2-Score": 0.5633597080126073, "MEAPE-mu": 0.342869764858495, "MEAPE-std": 0.2808215008625979, "RMSE": 23.796250315351976, "JSD": Infinity, "_runtime": 278, "_timestamp": 1646353636, "_step": 0, "_wandb": {"runtime": 279}}