{"MAE": 20.040611088017492, "RMSE": 23.84909864915102, "MRAE": 0.35372389207931954, "JSD": 0.11560467776694572, "R^2-Score": 0.5264859932080471, "MEAPE-mu": 4.7531871437282405, "MEAPE-std": 3.2985951206073683, "_runtime": 2, "_timestamp": 1645117887, "_step": 0, "_wandb": {"runtime": 3}}