{"ARI": 0.0, "NMI": 0.0, "JSD": 0.17878432623971877, "Precision": 0.49, "Recall": 0.7, "F1-Score": 0.5764705882352941, "ROC AUC": 0.5307050839659536, "Accuracy": 0.7, "MEAPE-mu": 34.239171658108155, "MEAPE-std": 7.131699203886053, "_runtime": 3, "_timestamp": 1653931657, "_step": 0, "_wandb": {"runtime": 3}}