{"ARI": 0.16067312765543862, "NMI": 0.11180609667793578, "JSD": 0.19763875771021935, "Precision": 0.6363636363636364, "Recall": 0.6774193548387096, "F1-Score": 0.656064016004001, "ROC AUC": 0.7655913978494624, "Accuracy": 0.6774193548387096, "MEAPE-mu": 8.729921393392177, "MEAPE-std": 7.588467165230734, "_runtime": 10, "_timestamp": 1646947690, "_step": 0, "_wandb": {"runtime": 11}}