{"ARI": 0.009147586969856725, "NMI": 0.004823229701252231, "JSD": Infinity, "Precision": 0.6728988382660354, "Recall": 0.7017262143717382, "F1-Score": 0.586050248430513, "ROC AUC": 0.4713847590590106, "Accuracy": 0.7017262143717382, "MEAPE-mu": 145.49758595597964, "MEAPE-std": 3.9530673492522177, "_runtime": 34, "_timestamp": 1653751336, "_step": 0, "_wandb": {"runtime": 35}}