{"ARI": 0.18978002185865792, "NMI": 0.09508031158002775, "JSD": 0.20577885689400796, "Precision": 0.7275185437061205, "Recall": 0.7447684046770713, "F1-Score": 0.7254331223901257, "ROC AUC": 0.7732251048373604, "Accuracy": 0.7447684046770713, "MEAPE-mu": 13.72451147552619, "MEAPE-std": 0.37787727321240944, "_runtime": 9, "_timestamp": 1646850029, "_step": 0, "_wandb": {"runtime": 9}}