{"MAE": 9.111655135561273, "MRAE": 0.18848963892036202, "R^2-Score": 0.8140448859979253, "MEAPE-mu": 0.23841521772147092, "MEAPE-std": 0.14359849998891847, "RMSE": 14.800872611907574, "JSD": Infinity, "_runtime": 12160, "_timestamp": 1650400456, "_step": 0, "_wandb": {"runtime": 12160}}