{"MAE": 19.896621847234638, "MRAE": 0.35145703573897785, "R^2-Score": 0.4885454374733781, "MEAPE-mu": 0.4028675188304629, "MEAPE-std": 0.2917629867192035, "RMSE": 25.888668808228218, "JSD": Infinity, "_runtime": 4, "_timestamp": 1646484980, "_step": 0, "_wandb": {"runtime": 5}}