{"ARI": 0.9986431671720241, "NMI": 0.9962923322227644, "JSD": 0.00787774636864284, "Precision": 0.999635627076995, "Recall": 0.999635435654393, "F1-Score": 0.9996353393120309, "ROC AUC": 0.9999952525495874, "Accuracy": 0.999635435654393, "MEAPE-mu": 0.05169706297312665, "MEAPE-std": 0.036454319202946533, "_runtime": 114, "_timestamp": 1646793117, "_step": 0, "_wandb": {"runtime": 116}}