{"MAE": 24.288435135072206, "MRAE": 0.46636462903063924, "R^2-Score": 0.4781897479533078, "MEAPE-mu": 5.247107860257009, "MEAPE-std": 3.7553312839936597, "RMSE": 30.58013307572534, "JSD": 0.13325464029479295, "_runtime": 2, "_timestamp": 1646316008, "_step": 0, "_wandb": {"runtime": 4}}