{"ARI": 0.015818267105085004, "NMI": 0.023309502596008447, "JSD": 0.1958193318521258, "Precision": 0.5323102215001233, "Recall": 0.6232527179942312, "F1-Score": 0.5158736762493055, "ROC AUC": 0.5984014789513941, "Accuracy": 0.6232527179942312, "MEAPE-mu": 33.20787872777452, "MEAPE-std": 0.28450008561197343, "_runtime": 1002, "_timestamp": 1645813321, "_step": 0, "_wandb": {"runtime": 1003}}