{"MAE": 20.12783477942397, "MRAE": 0.33033503017688454, "R^2-Score": 0.24352693632929812, "MEAPE-mu": 5.093180878360606, "MEAPE-std": 3.4319500511627914, "RMSE": 26.313714343219615, "JSD": 0.11853827118529495, "_runtime": 4, "_timestamp": 1646307098, "_step": 0, "_wandb": {"runtime": 4}}