{"ARI": 0.05022680770680923, "NMI": 0.03638266397375757, "JSD": 0.20049668719696911, "Precision": 0.5999423085701368, "Recall": 0.6290215220767694, "F1-Score": 0.5416226211699071, "ROC AUC": 0.6459292217800525, "Accuracy": 0.6290215220767694, "MEAPE-mu": 30.39796181744448, "MEAPE-std": 0.2709848223874632, "_runtime": 2493, "_timestamp": 1645933894, "_step": 0, "_wandb": {"runtime": 2494}}