{"MAE": 12.501257517769272, "MRAE": 0.23994321246332959, "R^2-Score": 0.7114339010518759, "MEAPE-mu": 1.9967531747218223, "MEAPE-std": 0.3382464160180774, "RMSE": 19.022785681081082, "JSD": 0.08964072174601599, "_runtime": 107, "_timestamp": 1646358221, "_step": 0, "_wandb": {"runtime": 109}}