{"MAE": 0.4657369581360975, "MRAE": 0.00632883096839196, "R^2-Score": 0.996022783304037, "MEAPE-mu": 0.0800111916685703, "MEAPE-std": 0.03467694830590549, "RMSE": 2.2628551735263596, "JSD": 0.009073625745524408, "_runtime": 1224, "_timestamp": 1646769012, "_step": 0, "_wandb": {"runtime": 1225}}