{"ARI": 0.031543165266260005, "NMI": 0.0770958146805968, "JSD": 0.17888479386440198, "Precision": 0.711216725973212, "Recall": 0.30170845351675174, "F1-Score": 0.16131606380091706, "ROC AUC": 0.6906859310951088, "Accuracy": 0.30170845351675174, "MEAPE-mu": 76.41074806103394, "MEAPE-std": 0.5533449661548591, "_runtime": 5, "_timestamp": 1646915079, "_step": 0, "_wandb": {"runtime": 5}}