{"MAE": 28.10377362916241, "MRAE": 0.4563507187141153, "R^2-Score": 0.24789677029632828, "MEAPE-mu": 9.029637624394125, "MEAPE-std": 6.028598503017397, "RMSE": 36.622349700621164, "JSD": 0.14929382060099625, "_runtime": 12, "_timestamp": 1646310447, "_step": 0, "_wandb": {"runtime": 13}}