{"MAE": 12.111267829086907, "MRAE": 0.1708638460725842, "R^2-Score": 0.7256758769609459, "MEAPE-mu": 0.3168462396517954, "MEAPE-std": 0.2525683988702744, "RMSE": 18.51959131307354, "JSD": 0.07841857346646641, "_runtime": 1399, "_timestamp": 1646763654, "_step": 0, "_wandb": {"runtime": 1400}}