{"MAE": 26.515227898486422, "MRAE": 0.5917388759241914, "R^2-Score": 0.07601221299580596, "MEAPE-mu": 0.3295534763464571, "MEAPE-std": 0.25294878598796117, "RMSE": 32.9255147368558, "JSD": 0.1711019690906307, "_runtime": 2056, "_timestamp": 1651336405, "_step": 0, "_wandb": {"runtime": 2056}}