{"ARI": 0.03653785224070242, "NMI": 0.010706542605310706, "JSD": 0.23536620566047417, "Precision": 0.4917401690693375, "Recall": 0.5652984246727313, "F1-Score": 0.5112617510402742, "ROC AUC": 0.6215360227567212, "Accuracy": 0.5652984246727313, "MEAPE-mu": 17.484505941453296, "MEAPE-std": 0.43972437171420375, "_runtime": 2036, "_timestamp": 1649102340, "_step": 0, "_wandb": {"runtime": 2037}}