{"ARI": -0.04701243689768597, "NMI": 0.09771234643400674, "JSD": 0.2767725990954056, "Precision": 0.3534372275664679, "Recall": 0.3486132682493898, "F1-Score": 0.35100607011663565, "ROC AUC": 0.5045048329846643, "Accuracy": 0.3486132682493898, "MEAPE-mu": 0.4573255407169039, "MEAPE-std": 0.325106875448656, "_runtime": 2, "_timestamp": 1645790245, "_step": 0, "_wandb": {"runtime": 4}}