{"MAE": 25.077997112697645, "RMSE": 31.07757347709873, "MRAE": 0.4605791460174063, "JSD": 0.1590286735177123, "R^2-Score": -0.010073834431811424, "MEAPE-mu": 5.775602780124537, "MEAPE-std": 4.3220434219751995, "_runtime": 1, "_timestamp": 1645185522, "_step": 0, "_wandb": {"runtime": 3}}