{"MAE": 23.90438554766311, "RMSE": 29.88105372347167, "MRAE": 0.4522221655624534, "JSD": 0.13183111373405645, "R^2-Score": 0.3103467336510741, "MEAPE-mu": 4.88923097737247, "MEAPE-std": 0.4720090849550525, "_runtime": 43, "_timestamp": 1645389865, "_step": 0, "_wandb": {"runtime": 44}}