{"ARI": 0.09786969542860371, "NMI": 0.07784119685816371, "JSD": 0.1937671070325896, "Precision": 0.6559139784946236, "Recall": 0.7096774193548387, "F1-Score": 0.6468370339338081, "ROC AUC": 0.706686173042511, "Accuracy": 0.7096774193548387, "MEAPE-mu": 21.49413492055615, "MEAPE-std": 8.252376099690723, "_runtime": 5, "_timestamp": 1646933249, "_step": 0, "_wandb": {"runtime": 5}}