{"ARI": -0.04504504504504504, "NMI": 0.027667296303872418, "JSD": 0.21095312036748223, "Precision": 0.5689655172413793, "Recall": 0.7241379310344828, "F1-Score": 0.6372413793103449, "ROC AUC": 0.7272727272727273, "Accuracy": 0.7241379310344828, "MEAPE-mu": 27.544203992274138, "MEAPE-std": 9.38185720245809, "_runtime": 2, "_timestamp": 1645450771, "_step": 0, "_wandb": {"runtime": 3}}