{"ARI": 0.018674887945325586, "NMI": 0.009626122729204092, "JSD": 0.23744865446326874, "Precision": 0.5102932516642814, "Recall": 0.48852895495895277, "F1-Score": 0.4873558710005088, "ROC AUC": 0.5638876182977821, "Accuracy": 0.48852895495895277, "MEAPE-mu": 16.770292833002706, "MEAPE-std": 0.5294437454247084, "_runtime": 3, "_timestamp": 1645771700, "_step": 0, "_wandb": {"runtime": 4}}