{"ARI": 0.2404365715858427, "NMI": 0.14394520270010022, "JSD": 0.18076722579145263, "Precision": 0.6946479157424315, "Recall": 0.7585446527012127, "F1-Score": 0.7170969996180048, "ROC AUC": 0.793371868037835, "Accuracy": 0.7585446527012127, "MEAPE-mu": 14.326580052069263, "MEAPE-std": 1.505927474206747, "_runtime": 4, "_timestamp": 1654101463, "_step": 0, "_wandb": {"runtime": 4}}