{"ARI": 0.035916824196597356, "NMI": 0.09369083538919543, "JSD": 0.22640866839076657, "Precision": 0.5623333333333332, "Recall": 0.6333333333333333, "F1-Score": 0.5902503293807642, "ROC AUC": 0.7142080745341615, "Accuracy": 0.6333333333333333, "MEAPE-mu": 15.135208738601468, "MEAPE-std": 9.575679620517086, "_runtime": 6, "_timestamp": 1646936513, "_step": 0, "_wandb": {"runtime": 7}}