{"ARI": -0.0014270681050438212, "NMI": 0.005269299977328986, "JSD": 0.23602807062637746, "Precision": 0.47752392487313505, "Recall": 0.4030619037053472, "F1-Score": 0.4220863835092045, "ROC AUC": 0.5253411768620824, "Accuracy": 0.4030619037053472, "MEAPE-mu": 21.92516163385644, "MEAPE-std": 0.5355347611558092, "_runtime": 3, "_timestamp": 1645771721, "_step": 0, "_wandb": {"runtime": 4}}