{"MAE": 17.23085323003087, "MRAE": 0.30682934272864354, "R^2-Score": 0.573405594975314, "MEAPE-mu": 0.43930687514581335, "MEAPE-std": 0.30469040680516835, "RMSE": 23.45517780364527, "JSD": Infinity, "_runtime": 281, "_timestamp": 1646355034, "_step": 0, "_wandb": {"runtime": 282}}