{"ARI": 0.31395040466587765, "NMI": 0.2931199292161583, "JSD": 0.1578829931944413, "Precision": 0.6816300934857923, "Recall": 0.7577546039494121, "F1-Score": 0.7059949484333312, "ROC AUC": 0.7153666645513173, "Accuracy": 0.7577546039494121, "MEAPE-mu": 15.657211608814057, "MEAPE-std": 0.30876804211848846, "_runtime": 5, "_timestamp": 1646916561, "_step": 0, "_wandb": {"runtime": 5}}