{"ARI": 0.08359464311143319, "NMI": 0.0363105220314202, "JSD": 0.1905099973643813, "Precision": 0.662521073586627, "Recall": 0.7057965730951513, "F1-Score": 0.6250488120193392, "ROC AUC": 0.7004840199697577, "Accuracy": 0.7057965730951513, "MEAPE-mu": 27.236755937934802, "MEAPE-std": 0.5701449931827448, "_runtime": 4, "_timestamp": 1645452602, "_step": 0, "_wandb": {"runtime": 4}}