{"ARI": 0.33562071116656267, "NMI": 0.24946978080191218, "JSD": 0.19213439768740725, "Precision": 0.6782608695652175, "Recall": 0.7333333333333333, "F1-Score": 0.7045454545454546, "ROC AUC": 0.7957902001380261, "Accuracy": 0.7333333333333333, "MEAPE-mu": 8.29992644793254, "MEAPE-std": 6.6436343062904015, "_runtime": 7, "_timestamp": 1646936542, "_step": 0, "_wandb": {"runtime": 7}}