{"MAE": 12.373140271916572, "MRAE": 0.17434143182052683, "R^2-Score": 0.7261289247747348, "MEAPE-mu": 0.2917731846050157, "MEAPE-std": 0.22042706850648514, "RMSE": 18.947223912771992, "JSD": 0.07979061942649147, "_runtime": 1392, "_timestamp": 1646765053, "_step": 0, "_wandb": {"runtime": 1393}}