{"ARI": -0.07868429538858433, "NMI": 0.04885253717168142, "JSD": 0.17616177316257625, "Precision": 0.058333333333333334, "Recall": 0.23333333333333334, "F1-Score": 0.09333333333333334, "ROC AUC": 0.6829595123073384, "Accuracy": 0.23333333333333334, "MEAPE-mu": 93.5327994662964, "MEAPE-std": 19.965459085532498, "_runtime": 3, "_timestamp": 1645454373, "_step": 0, "_wandb": {"runtime": 4}}