{"ARI": -0.04424202992843201, "NMI": 0.02649549439276696, "JSD": 0.20753322595280901, "Precision": 0.4827586206896552, "Recall": 0.6666666666666666, "F1-Score": 0.5599999999999999, "ROC AUC": 0.42739245456636765, "Accuracy": 0.6666666666666666, "MEAPE-mu": 30.786248984617, "MEAPE-std": 9.392585964376872, "_runtime": 4, "_timestamp": 1646942258, "_step": 0, "_wandb": {"runtime": 5}}