{"ARI": 0.09618274721971747, "NMI": 0.1110430424788535, "JSD": 0.17108287351744328, "Precision": 0.7462365591397849, "Recall": 0.7419354838709677, "F1-Score": 0.6569478908188585, "ROC AUC": 0.7033277715980719, "Accuracy": 0.7419354838709677, "MEAPE-mu": 29.784705322473442, "MEAPE-std": 6.938184869509722, "_runtime": 2, "_timestamp": 1645451894, "_step": 0, "_wandb": {"runtime": 3}}