{"MAE": 16.40602109514962, "MRAE": 0.28735007790898515, "R^2-Score": 0.5938571432916808, "MEAPE-mu": 0.8259511945187387, "MEAPE-std": 0.34707942919716356, "RMSE": 22.980004301892013, "JSD": Infinity, "_runtime": 159, "_timestamp": 1646532984, "_step": 0, "_wandb": {"runtime": 160}}