{"ARI": -0.00011469848427826468, "NMI": 0.00011698837466958596, "JSD": Infinity, "Precision": 0.49007728384263033, "Recall": 0.6999698916097953, "F1-Score": 0.5765138564718395, "ROC AUC": 0.543992659506293, "Accuracy": 0.6999698916097953, "MEAPE-mu": 149.4259441769077, "MEAPE-std": 4.6872931586368205, "_runtime": 4, "_timestamp": 1653982364, "_step": 0, "_wandb": {"runtime": 5}}