{"ARI": 0.10111524163568773, "NMI": 0.11424327620980512, "JSD": 0.22947814099373642, "Precision": 0.629325513196481, "Recall": 0.6129032258064516, "F1-Score": 0.6159754224270353, "ROC AUC": 0.6378228896304535, "Accuracy": 0.6129032258064516, "MEAPE-mu": 17.627181276981602, "MEAPE-std": 12.891395513267593, "_runtime": 5, "_timestamp": 1646931854, "_step": 0, "_wandb": {"runtime": 5}}