{"ARI": -0.049552273947500794, "NMI": 0.1038926811814417, "JSD": 0.1726216825279445, "Precision": 0.7242036507273494, "Recall": 0.3377856667406257, "F1-Score": 0.23748821963756747, "ROC AUC": 0.5899483880893253, "Accuracy": 0.3377856667406257, "MEAPE-mu": 66.67129337775577, "MEAPE-std": 0.5209592738073617, "_runtime": 3, "_timestamp": 1645788961, "_step": 0, "_wandb": {"runtime": 4}}