{"ARI": 0.30902111324376197, "NMI": 0.25441980533275166, "JSD": 0.16860289970973721, "Precision": 0.7, "Recall": 0.7666666666666667, "F1-Score": 0.7058333333333334, "ROC AUC": 0.7366287094547964, "Accuracy": 0.7666666666666667, "MEAPE-mu": 22.765631682322727, "MEAPE-std": 7.80316941183223, "_runtime": 2, "_timestamp": 1645453961, "_step": 0, "_wandb": {"runtime": 3}}