{"ARI": -0.00015826411389438134, "NMI": 2.2078197945332566e-07, "JSD": Infinity, "Precision": 0.6254734022211987, "Recall": 0.7363439163873003, "F1-Score": 0.6485404281221723, "ROC AUC": 0.5190471915492114, "Accuracy": 0.7363439163873003, "MEAPE-mu": 88.29548081101822, "MEAPE-std": 4.346419957779131, "_runtime": 583, "_timestamp": 1654016197, "_step": 0, "_wandb": {"runtime": 585}}