{"MAE": 29.218345825941793, "MRAE": 0.5857630561050644, "R^2-Score": 0.14554177494430354, "MEAPE-mu": 7.469666117931732, "MEAPE-std": 5.29546574998329, "RMSE": 38.591429850555485, "JSD": 0.17164925957554228, "_runtime": 3, "_timestamp": 1646306960, "_step": 0, "_wandb": {"runtime": 4}}