{"ARI": 0.0, "NMI": 0.0, "JSD": 0.17878432623971877, "Precision": 0.49, "Recall": 0.7, "F1-Score": 0.5764705882352941, "ROC AUC": 0.6202668507016333, "Accuracy": 0.7, "MEAPE-mu": 33.86051484438148, "MEAPE-std": 6.156074640607203, "_runtime": 5, "_timestamp": 1646942162, "_step": 0, "_wandb": {"runtime": 5}}