{"ARI": 0.06966798935196641, "NMI": 0.03499597384326907, "JSD": 0.185727233093063, "Precision": 0.6413398086482704, "Recall": 0.7133406835722161, "F1-Score": 0.6262141355908319, "ROC AUC": 0.7378963820086283, "Accuracy": 0.7133406835722161, "MEAPE-mu": 28.684021566074215, "MEAPE-std": 1.582927727672505, "_runtime": 6, "_timestamp": 1654269260, "_step": 0, "_wandb": {"runtime": 7}}