{"MAE": 20.340031846593163, "RMSE": 25.838011088397288, "MRAE": 0.4322927712597041, "JSD": 0.12394577829348061, "R^2-Score": 0.5161342502771818, "MEAPE-mu": 4.617630173328569, "MEAPE-std": 3.7388386923860493, "_runtime": 2, "_timestamp": 1645101615, "_step": 0, "_wandb": {"runtime": 3}}