{"ARI": 0.18663408945775606, "NMI": 0.17447842304725414, "JSD": 0.18892459675930895, "Precision": 0.6524926686217009, "Recall": 0.6774193548387096, "F1-Score": 0.6646661665416354, "ROC AUC": 0.7839093701996928, "Accuracy": 0.6774193548387096, "MEAPE-mu": 8.316247962578226, "MEAPE-std": 6.140947464915163, "_runtime": 397, "_timestamp": 1645488850, "_step": 0, "_wandb": {"runtime": 397}}