{"ARI": 0.7266155458967503, "NMI": 0.623779619012844, "JSD": 0.10432720024984442, "Precision": 0.9104994865386574, "Recall": 0.910184157976481, "F1-Score": 0.9102585463042526, "ROC AUC": 0.9809284786842001, "Accuracy": 0.910184157976481, "MEAPE-mu": 0.7173877436860088, "MEAPE-std": 0.2212844939346623, "_runtime": 807, "_timestamp": 1654111682, "_step": 0, "_wandb": {"runtime": 807}}