{"ARI": 0.01751459549624687, "NMI": 0.019516312658937166, "JSD": Infinity, "Precision": 0.4800509337860781, "Recall": 0.3870967741935484, "F1-Score": 0.39862473455354436, "ROC AUC": 0.4380952380952381, "Accuracy": 0.3870967741935484, "MEAPE-mu": 184.30722554243894, "MEAPE-std": 114.1556917704717, "_runtime": 4, "_timestamp": 1653671986, "_step": 0, "_wandb": {"runtime": 5}}