{"ARI": 0.1619414303704879, "NMI": 0.08021294703664425, "JSD": 0.21618798628973526, "Precision": 0.7142623024992913, "Recall": 0.7140706543556804, "F1-Score": 0.7141661230281364, "ROC AUC": 0.7576983123141373, "Accuracy": 0.7140706543556804, "MEAPE-mu": 0.37052001267525647, "MEAPE-std": 0.2718885974192027, "_runtime": 9, "_timestamp": 1646924648, "_step": 0, "_wandb": {"runtime": 9}}