{"ARI": 0.0, "NMI": 0.0, "JSD": 0.17808250847017623, "Precision": 0.3832618155944979, "Recall": 0.6190814288883958, "F1-Score": 0.4734311798729381, "ROC AUC": 0.6559222470161368, "Accuracy": 0.6190814288883958, "MEAPE-mu": 39.2866586495854, "MEAPE-std": 0.21653340639447857, "_runtime": 2276, "_timestamp": 1647876406, "_step": 0, "_wandb": {"runtime": 2276}}