{"MAE": 26.246222225822944, "RMSE": 35.16703600467951, "MRAE": 0.5523113516584811, "JSD": 0.15975427286861477, "R^2-Score": 0.2904538841708454, "MEAPE-mu": 6.27366913346093, "MEAPE-std": 5.384680476941707, "_runtime": 2, "_timestamp": 1645189280, "_step": 0, "_wandb": {"runtime": 3}}