{"ARI": 0.13402728769701247, "NMI": 0.09611028347793066, "JSD": 0.18675014846123683, "Precision": 0.6827956989247311, "Recall": 0.7419354838709677, "F1-Score": 0.6864516129032259, "ROC AUC": 0.6657319861574588, "Accuracy": 0.7419354838709677, "MEAPE-mu": 20.700453101321255, "MEAPE-std": 9.61899670544899, "_runtime": 3, "_timestamp": 1645462181, "_step": 0, "_wandb": {"runtime": 4}}