{"ARI": 0.7519097995996189, "NMI": 0.638706683808676, "JSD": 0.09706397162368233, "Precision": 0.9168825639399887, "Recall": 0.917284224539605, "F1-Score": 0.9163981212966821, "ROC AUC": 0.9848015373638691, "Accuracy": 0.917284224539605, "MEAPE-mu": 2.4093520332680174, "MEAPE-std": 0.17983692257549277, "_runtime": 420, "_timestamp": 1647989162, "_step": 0, "_wandb": {"runtime": 419}}