{"ARI": 0.12029285416906586, "NMI": 0.03222087765008131, "JSD": 0.21190907585313515, "Precision": 0.6217888635869797, "Recall": 0.6638716733503464, "F1-Score": 0.6336235120900476, "ROC AUC": 0.7046831939555829, "Accuracy": 0.6638716733503464, "MEAPE-mu": 14.23005228280356, "MEAPE-std": 0.8297786850781836, "_runtime": 6, "_timestamp": 1646917173, "_step": 0, "_wandb": {"runtime": 6}}