{"ARI": 0.0, "NMI": 0.0, "JSD": 0.17808250847017618, "Precision": 0.3832618155944979, "Recall": 0.6190814288883958, "F1-Score": 0.4734311798729381, "ROC AUC": 0.566486092732091, "Accuracy": 0.6190814288883958, "MEAPE-mu": 39.258979922057605, "MEAPE-std": 0.21749836686604, "_runtime": 2420, "_timestamp": 1647869491, "_step": 0, "_wandb": {"runtime": 2420}}