{"ARI": -0.03155236402942929, "NMI": 0.029054620534406182, "JSD": 0.20635950384221674, "Precision": 0.3757244857560339, "Recall": 0.5882848901708454, "F1-Score": 0.4585703072129688, "ROC AUC": 0.6435448544734451, "Accuracy": 0.5882848901708454, "MEAPE-mu": 35.53781434582278, "MEAPE-std": 0.29407316785961113, "_runtime": 4065, "_timestamp": 1648602302, "_step": 0, "_wandb": {"runtime": 4065}}