{"ARI": 0.0924088406424918, "NMI": 0.03163905008264761, "JSD": 0.2039588307976498, "Precision": 0.7060434797663299, "Recall": 0.7513801261829653, "F1-Score": 0.7005953578681761, "ROC AUC": 0.7436129218301243, "Accuracy": 0.7513801261829653, "MEAPE-mu": 22.377045253527072, "MEAPE-std": 0.7510053307769577, "_runtime": 8, "_timestamp": 1646916916, "_step": 0, "_wandb": {"runtime": 7}}