{"ARI": 0.7862251608178686, "NMI": 0.6481953938813514, "JSD": 0.08949148290110345, "Precision": 0.9304321639313554, "Recall": 0.9316441851986875, "F1-Score": 0.930245346847898, "ROC AUC": 0.9863521507926463, "Accuracy": 0.9316441851986875, "MEAPE-mu": 2.4705098432887054, "MEAPE-std": 0.3281450578370483, "_runtime": 580, "_timestamp": 1647225379, "_step": 0, "_wandb": {"runtime": 581}}