{"MAE": 28.185767890150665, "MRAE": 0.6843782381964632, "R^2-Score": 0.019957812063191027, "MEAPE-mu": 10.12566299081426, "MEAPE-std": 0.3536887671525991, "RMSE": 34.120579774083964, "JSD": 0.1735661759013314, "_runtime": 9, "_timestamp": 1645991682, "_step": 0, "_wandb": {"runtime": 10}}