{"MAE": 19.6236326824939, "MRAE": 0.4116904771598178, "R^2-Score": 0.45126579854973603, "MEAPE-mu": 0.18229330779015396, "MEAPE-std": 0.14187184023214344, "RMSE": 25.478413585738846, "JSD": Infinity, "_runtime": 6, "_timestamp": 1647014732, "_step": 0, "_wandb": {"runtime": 5}}