{"ARI": -0.04049106323583585, "NMI": 0.07978276057873675, "JSD": 0.19088396608544125, "Precision": 0.6776187607871731, "Recall": 0.3715545755237045, "F1-Score": 0.3354028562270738, "ROC AUC": 0.7395498783841239, "Accuracy": 0.3715545755237045, "MEAPE-mu": 71.17193867325827, "MEAPE-std": 2.905883896019449, "_runtime": 2, "_timestamp": 1654102285, "_step": 0, "_wandb": {"runtime": 4}}