{"ARI": 0.08026506498389602, "NMI": 0.09654054010586603, "JSD": 0.2155285451408859, "Precision": 0.5535142563381973, "Recall": 0.6357222098957178, "F1-Score": 0.5876420383094159, "ROC AUC": 0.6895897736306418, "Accuracy": 0.6357222098957178, "MEAPE-mu": 12.244932633397875, "MEAPE-std": 0.3638344473201892, "_runtime": 5, "_timestamp": 1646916549, "_step": 0, "_wandb": {"runtime": 5}}