{"MAE": 21.550232005742394, "MRAE": 0.3826486336197, "R^2-Score": 0.37089996391812363, "MEAPE-mu": 2.8795121672103465, "MEAPE-std": 0.28027011243961836, "RMSE": 27.652044979087567, "JSD": 0.13343971493753295, "_runtime": 55, "_timestamp": 1647011828, "_step": 0, "_wandb": {"runtime": 56}}