{"ARI": 0.051621316758965204, "NMI": 0.03430611443243684, "JSD": 0.20078583312508488, "Precision": 0.5961943705640722, "Recall": 0.628311515420457, "F1-Score": 0.5402525457232403, "ROC AUC": 0.64930445069107, "Accuracy": 0.628311515420457, "MEAPE-mu": 30.354150892480458, "MEAPE-std": 0.2938564852660162, "_runtime": 1588, "_timestamp": 1646082187, "_step": 0, "_wandb": {"runtime": 1589}}