{"ARI": 0.7049578584884614, "NMI": 0.601819051887474, "JSD": 0.10903975605920406, "Precision": 0.9029974549216597, "Recall": 0.9025072110051032, "F1-Score": 0.9026943125700148, "ROC AUC": 0.974613456958316, "Accuracy": 0.9025072110051032, "MEAPE-mu": 0.8423946533977584, "MEAPE-std": 0.2041850387397141, "_runtime": 159, "_timestamp": 1646840919, "_step": 0, "_wandb": {"runtime": 160}}