{"MAE": 22.54505864888808, "MRAE": 0.38698661326165174, "R^2-Score": 0.26887863612054164, "MEAPE-mu": 5.271002689304298, "MEAPE-std": 4.184884358230724, "RMSE": 26.91935338158307, "JSD": 0.12514684047109612, "_runtime": 11, "_timestamp": 1646310385, "_step": 0, "_wandb": {"runtime": 11}}