{"ARI": 0.9038917100609865, "NMI": 0.8137749657157449, "JSD": 0.06040255568922116, "Precision": 0.9699442747365414, "Recall": 0.9699234414874225, "F1-Score": 0.9699130379043529, "ROC AUC": 0.9668435900807342, "Accuracy": 0.9699234414874225, "MEAPE-mu": 0.4365350388274933, "MEAPE-std": 0.2508373626771801, "_runtime": 231, "_timestamp": 1646083517, "_step": 0, "_wandb": {"runtime": 231}}