{"MAE": 30.33371564736834, "MRAE": 0.4629086655560715, "R^2-Score": 0.16298930036819081, "MEAPE-mu": 9.524459001671506, "MEAPE-std": 5.995514641164025, "RMSE": 40.232988170879025, "JSD": 0.16457376773448426, "_runtime": 4, "_timestamp": 1646306961, "_step": 0, "_wandb": {"runtime": 4}}