{"MAE": 25.04666666666667, "MRAE": 0.39178801455565626, "R^2-Score": 0.09608554124168944, "MEAPE-mu": 7.274846598249721, "MEAPE-std": 5.5569953197643045, "RMSE": 31.909079167743673, "JSD": 0.13982173426491717, "_runtime": 6, "_timestamp": 1646306313, "_step": 0, "_wandb": {"runtime": 4}}