{"ARI": -0.07429682056547728, "NMI": 0.06870069681314508, "JSD": 0.5389594539962339, "Precision": 0.7096774193548387, "Recall": 0.06451612903225806, "F1-Score": 0.11827956989247312, "Accuracy": 0.06451612903225806, "MEAPE-mu": 48.28961795369362, "MEAPE-std": 12.924885244581255, "_runtime": 3, "_timestamp": 1645621795, "_step": 0, "_wandb": {"runtime": 4}}