{"ARI": 0.41121725284443505, "NMI": 0.2553799698941434, "JSD": 0.16311600643335764, "Precision": 0.7881656050211038, "Recall": 0.8002187386073643, "F1-Score": 0.7837814210394386, "ROC AUC": 0.871478538290644, "Accuracy": 0.8002187386073643, "MEAPE-mu": 10.896871979593351, "MEAPE-std": 0.6042618640575573, "_runtime": 208, "_timestamp": 1647286096, "_step": 0, "_wandb": {"runtime": 208}}