{"ARI": 0.0, "NMI": 1.6883267560046202e-15, "JSD": 0.1779992404031432, "Precision": 0.5036420395421436, "Recall": 0.7096774193548387, "F1-Score": 0.5891661594643944, "ROC AUC": 0.733523359288098, "Accuracy": 0.7096774193548387, "MEAPE-mu": 33.589187202138476, "MEAPE-std": 6.117984210663762, "_runtime": 5, "_timestamp": 1646933123, "_step": 0, "_wandb": {"runtime": 5}}