{"ARI": 0.05362776025236593, "NMI": 0.0353609861429893, "JSD": 0.23602428001758197, "Precision": 0.5506666666666666, "Recall": 0.6333333333333333, "F1-Score": 0.5867149758454107, "ROC AUC": 0.6603692201518289, "Accuracy": 0.6333333333333333, "MEAPE-mu": 16.111572600618306, "MEAPE-std": 9.978109846814617, "_runtime": 2, "_timestamp": 1645461271, "_step": 0, "_wandb": {"runtime": 3}}