{"MAE": 10.94517589045802, "MRAE": 0.1996852449822981, "R^2-Score": 0.6895179604010114, "MEAPE-mu": 2.2034627487820018, "MEAPE-std": 0.17985469358977174, "RMSE": 19.161093154397204, "JSD": 0.09504584599860595, "_runtime": 3344, "_timestamp": 1649054492, "_step": 0, "_wandb": {"runtime": 3344}}