{"ARI": 0.744190038480539, "NMI": 0.6289650853003145, "JSD": 0.09853539426807255, "Precision": 0.9138875601284653, "Recall": 0.9142666962502773, "F1-Score": 0.9132958949461619, "ROC AUC": 0.9844045879286545, "Accuracy": 0.9142666962502773, "MEAPE-mu": 2.7727846024038096, "MEAPE-std": 0.18572307442127894, "_runtime": 402, "_timestamp": 1647991672, "_step": 0, "_wandb": {"runtime": 402}}