{"ARI": -0.06613102595797281, "NMI": 0.07773714812222147, "JSD": 0.2367991628350506, "Precision": 0.5706060606060606, "Recall": 0.5666666666666667, "F1-Score": 0.5661498708010336, "ROC AUC": 0.46770761444674486, "Accuracy": 0.5666666666666667, "MEAPE-mu": 12.363612006693593, "MEAPE-std": 7.816134783310662, "_runtime": 4, "_timestamp": 1645464085, "_step": 0, "_wandb": {"runtime": 4}}