{"ARI": -0.05293005566634021, "NMI": 0.08053892813456758, "JSD": 0.18707736224878757, "Precision": 0.726228987502434, "Recall": 0.3770672546857773, "F1-Score": 0.34329338202255055, "ROC AUC": 0.76368285724804, "Accuracy": 0.3770672546857773, "MEAPE-mu": 72.39350206644855, "MEAPE-std": 3.295783132409028, "_runtime": 5, "_timestamp": 1654163285, "_step": 0, "_wandb": {"runtime": 6}}