{"ARI": 0.5122070278182599, "NMI": 0.37377782016380345, "JSD": 0.1415431938121346, "Precision": 0.8420057702729234, "Recall": 0.8454247174626321, "F1-Score": 0.8352965101964686, "ROC AUC": 0.8577840969934852, "Accuracy": 0.8454247174626321, "MEAPE-mu": 8.702880465004448, "MEAPE-std": 0.5250615965905563, "_runtime": 4126, "_timestamp": 1647404165, "_step": 0, "_wandb": {"runtime": 4127}}