{"ARI": 0.0331810189224204, "NMI": 0.01542112754074131, "JSD": 0.18734044313485917, "Precision": 0.6587616563773246, "Recall": 0.6968647466277798, "F1-Score": 0.5957740363317685, "ROC AUC": 0.6574582400659825, "Accuracy": 0.6968647466277798, "MEAPE-mu": 31.135168458916024, "MEAPE-std": 0.5180470537108164, "_runtime": 82, "_timestamp": 1645460601, "_step": 0, "_wandb": {"runtime": 82}}