{"ARI": 0.5978997235230358, "NMI": 0.4662796528895299, "JSD": 0.12607395242076339, "Precision": 0.8777799737371221, "Recall": 0.8731316077287641, "F1-Score": 0.8623110100907093, "ROC AUC": 0.947101499639172, "Accuracy": 0.8731316077287641, "MEAPE-mu": 8.69163654836977, "MEAPE-std": 0.4920531058432169, "_runtime": 1109, "_timestamp": 1646931390, "_step": 0, "_wandb": {"runtime": 1110}}