{"MAE": 33.300998369789724, "MRAE": 0.5524480867049201, "R^2-Score": 0.139367102211989, "MEAPE-mu": 12.178460060842506, "MEAPE-std": 5.8172021170772625, "RMSE": 39.54230675701857, "JSD": 0.16387916169307198, "_runtime": 8, "_timestamp": 1646306277, "_step": 0, "_wandb": {"runtime": 4}}