{"ARI": 0.09238776837996096, "NMI": 0.11016439952260915, "JSD": 0.17214572985488602, "Precision": 0.7402298850574713, "Recall": 0.7333333333333333, "F1-Score": 0.6463333333333333, "ROC AUC": 0.6298654244306419, "Accuracy": 0.7333333333333333, "MEAPE-mu": 30.061108153903383, "MEAPE-std": 7.23002411058123, "_runtime": 4, "_timestamp": 1645459597, "_step": 0, "_wandb": {"runtime": 4}}