{"ARI": 0.04030710172744722, "NMI": 0.10728068766280813, "JSD": 0.23231041600568936, "Precision": 0.49259259259259264, "Recall": 0.6333333333333333, "F1-Score": 0.5541666666666667, "ROC AUC": 0.4392282033586382, "Accuracy": 0.6333333333333333, "MEAPE-mu": 20.982667725672755, "MEAPE-std": 9.999832955943102, "_runtime": 6, "_timestamp": 1645460932, "_step": 0, "_wandb": {"runtime": 7}}