{"MAE": 25.223109809338343, "MRAE": 0.3850592517025618, "R^2-Score": 0.05646118092003782, "MEAPE-mu": 6.796381572508766, "MEAPE-std": 5.157505534318227, "RMSE": 34.069163133828816, "JSD": 0.14040274753793705, "_runtime": 3, "_timestamp": 1646308437, "_step": 0, "_wandb": {"runtime": 4}}