{"ARI": 0.01794709657876837, "NMI": 0.01476809478777438, "JSD": 0.18058083559326402, "Precision": 0.6407464879464443, "Recall": 0.6985602332786587, "F1-Score": 0.5861242037628497, "ROC AUC": 0.6453920824640299, "Accuracy": 0.6985602332786587, "MEAPE-mu": 33.20932928493958, "MEAPE-std": 0.5250832985288003, "_runtime": 3, "_timestamp": 1645786343, "_step": 0, "_wandb": {"runtime": 4}}