{"ARI": -0.040386803185438, "NMI": 0.027484918779312785, "JSD": 0.2094482676392456, "Precision": 0.45161290322580644, "Recall": 0.6451612903225806, "F1-Score": 0.5313092979127134, "ROC AUC": 0.8041374474053294, "Accuracy": 0.6451612903225806, "MEAPE-mu": 31.853771961799307, "MEAPE-std": 7.191610234279228, "_runtime": 5, "_timestamp": 1646933237, "_step": 0, "_wandb": {"runtime": 5}}