{"MAE": 30.193927447786802, "MRAE": 0.617373735777953, "R^2-Score": 0.1905399062418831, "MEAPE-mu": 7.559908498817341, "MEAPE-std": 6.19991077328464, "RMSE": 37.4207180231418, "JSD": 0.16857470547996803, "_runtime": 2, "_timestamp": 1646315960, "_step": 0, "_wandb": {"runtime": 4}}