{"MAE": 25.002854620425488, "RMSE": 31.62409795844262, "MRAE": 0.4486580725048424, "JSD": Infinity, "R^2-Score": 0.23322614780804507, "MEAPE-mu": 0.45118845772800575, "MEAPE-std": 0.3224501301926761, "_runtime": 4, "_timestamp": 1645388006, "_step": 0, "_wandb": {"runtime": 5}}