{"ARI": 0.03188804259721777, "NMI": 0.010476310045367369, "JSD": 0.2043901928948068, "Precision": 0.6468655430013519, "Recall": 0.700120433560819, "F1-Score": 0.6124748339320146, "ROC AUC": 0.6518237718820049, "Accuracy": 0.700120433560819, "MEAPE-mu": 31.826111019385053, "MEAPE-std": 0.28535373185233515, "_runtime": 4, "_timestamp": 1645605584, "_step": 0, "_wandb": {"runtime": 4}}