{"ARI": 0.08496721919755248, "NMI": 0.029549007340132608, "JSD": 0.2001252588504988, "Precision": 0.6349315558770577, "Recall": 0.6948596427269413, "F1-Score": 0.6235964888917552, "ROC AUC": 0.7450222430226415, "Accuracy": 0.6948596427269413, "MEAPE-mu": 24.248923795541767, "MEAPE-std": 0.7180766054954362, "_runtime": 7, "_timestamp": 1646914886, "_step": 0, "_wandb": {"runtime": 7}}