{"MAE": 28.925806451612907, "MRAE": 0.48959413192586715, "R^2-Score": -0.3165243467132153, "MEAPE-mu": 7.441165171672122, "MEAPE-std": 6.1082396400901695, "RMSE": 35.48011255755503, "JSD": 0.16667896075407962, "_runtime": 3, "_timestamp": 1646480096, "_step": 0, "_wandb": {"runtime": 3}}