{"ARI": 0.10643896353111744, "NMI": 0.0834376996150822, "JSD": 0.211742848814741, "Precision": 0.614719159155957, "Recall": 0.6347903261593077, "F1-Score": 0.5700748608805709, "ROC AUC": 0.7217043411464433, "Accuracy": 0.6347903261593077, "MEAPE-mu": 25.304492219447884, "MEAPE-std": 0.31797087204101093, "_runtime": 11, "_timestamp": 1646930171, "_step": 0, "_wandb": {"runtime": 8}}