{"ARI": 0.07423208191126279, "NMI": 0.09708078739550755, "JSD": 0.1763086864963153, "Precision": 0.732258064516129, "Recall": 0.7096774193548387, "F1-Score": 0.6152224330592452, "ROC AUC": 0.736864632200029, "Accuracy": 0.7096774193548387, "MEAPE-mu": 31.822926844206417, "MEAPE-std": 7.332434585366178, "_runtime": 2, "_timestamp": 1645451911, "_step": 0, "_wandb": {"runtime": 3}}