{"ARI": 0.7478633138889211, "NMI": 0.6335762572180085, "JSD": 0.09806417136249557, "Precision": 0.9153269792230421, "Recall": 0.9157310849789216, "F1-Score": 0.9148068857369265, "ROC AUC": 0.9845905963041999, "Accuracy": 0.9157310849789216, "MEAPE-mu": 2.5836730902132374, "MEAPE-std": 0.2078174042897076, "_runtime": 418, "_timestamp": 1647990846, "_step": 0, "_wandb": {"runtime": 417}}