{"ARI": 0.0, "NMI": 0.0, "JSD": 0.18673225075971533, "Precision": 0.5243757431629014, "Recall": 0.7241379310344828, "F1-Score": 0.6082758620689656, "ROC AUC": 0.7202380952380951, "Accuracy": 0.7241379310344828, "MEAPE-mu": 35.15558571278453, "MEAPE-std": 7.064202918394384, "_runtime": 5, "_timestamp": 1646933368, "_step": 0, "_wandb": {"runtime": 5}}