{"ARI": 0.6601598124116197, "NMI": 0.5028355843175513, "JSD": 0.11951890482787492, "Precision": 0.8873522357087408, "Recall": 0.8899015676266862, "F1-Score": 0.8870172017349722, "ROC AUC": 0.9612488465810105, "Accuracy": 0.8899015676266862, "MEAPE-mu": 4.2313550836001665, "MEAPE-std": 0.4959770201909833, "_runtime": 2645, "_timestamp": 1647417195, "_step": 0, "_wandb": {"runtime": 2646}}