{"ARI": 0.09547416218168082, "NMI": 0.0342563749801294, "JSD": 0.20242338629668086, "Precision": 0.709980455951732, "Recall": 0.7535488958990536, "F1-Score": 0.7018030388121335, "ROC AUC": 0.7587309003281869, "Accuracy": 0.7535488958990536, "MEAPE-mu": 22.909653501999966, "MEAPE-std": 0.7895885401270024, "_runtime": 7, "_timestamp": 1646916930, "_step": 0, "_wandb": {"runtime": 7}}