{"ARI": 0.021861579132407705, "NMI": 0.017921612934444674, "JSD": 0.1809588674191109, "Precision": 0.6430155052789289, "Recall": 0.6995989792198323, "F1-Score": 0.5895623797843587, "ROC AUC": 0.7782262183880508, "Accuracy": 0.6995989792198323, "MEAPE-mu": 32.863108211772825, "MEAPE-std": 0.5369215390718364, "_runtime": 3, "_timestamp": 1645786361, "_step": 0, "_wandb": {"runtime": 3}}