{"ARI": 0.15732180923483338, "NMI": 0.07913604886245114, "JSD": 0.19327895066269535, "Precision": 0.6961658174270257, "Recall": 0.7229310973386803, "F1-Score": 0.6732936370043008, "ROC AUC": 0.735236007634627, "Accuracy": 0.7229310973386803, "MEAPE-mu": 19.259359069332955, "MEAPE-std": 0.6887100272546143, "_runtime": 133, "_timestamp": 1645508268, "_step": 0, "_wandb": {"runtime": 134}}