{"ARI": 0.32058275478044024, "NMI": 0.20888681462052644, "JSD": 0.1793478478981023, "Precision": 0.7242841774616571, "Recall": 0.7322387397381851, "F1-Score": 0.7263587161319934, "ROC AUC": 0.7691680952841372, "Accuracy": 0.7322387397381851, "MEAPE-mu": 5.232259504174667, "MEAPE-std": 0.34051606829326564, "_runtime": 39, "_timestamp": 1645867403, "_step": 0, "_wandb": {"runtime": 39}}