{"ARI": 0.040320233003309024, "NMI": 0.020592047209429646, "JSD": 0.22219285597595534, "Precision": 0.5529916381529107, "Recall": 0.6026625249611716, "F1-Score": 0.54150389476599, "ROC AUC": 0.595959511052759, "Accuracy": 0.6026625249611716, "MEAPE-mu": 22.282213247286485, "MEAPE-std": 0.3185222627227326, "_runtime": 5, "_timestamp": 1645720897, "_step": 0, "_wandb": {"runtime": 6}}