{"ARI": 0.9877169049552094, "NMI": 0.9679535862401437, "JSD": 0.023036998820248816, "Precision": 0.9961747043605033, "Recall": 0.9961720743711265, "F1-Score": 0.9961703293191236, "ROC AUC": 0.9999389534431052, "Accuracy": 0.9961720743711265, "MEAPE-mu": 0.0794833887586901, "MEAPE-std": 0.05630964599257664, "_runtime": 122, "_timestamp": 1647394165, "_step": 0, "_wandb": {"runtime": 121}}