{"MAE": 21.499369467042506, "RMSE": 27.439734089821965, "MRAE": 0.36936917478250114, "JSD": 0.1235220611542576, "R^2-Score": 0.3968014837874062, "MEAPE-mu": 0.6761571513234164, "MEAPE-std": 0.42152777176552736, "_runtime": 273, "_timestamp": 1645238819, "_step": 0, "_wandb": {"runtime": 274}}