{"MAE": 16.99368155202313, "RMSE": 22.40409581199301, "MRAE": 0.2517973732068458, "JSD": 0.10635851893307041, "R^2-Score": 0.021995331899429593, "MEAPE-mu": 4.186248010011862, "MEAPE-std": 3.2285450084342298, "_runtime": 2, "_timestamp": 1645188869, "_step": 0, "_wandb": {"runtime": 3}}