{"ARI": 0.0, "NMI": 0.0, "JSD": 0.17878432623971877, "Precision": 0.49, "Recall": 0.7, "F1-Score": 0.5764705882352941, "ROC AUC": 0.6021739130434782, "Accuracy": 0.7, "MEAPE-mu": 34.10851735621849, "MEAPE-std": 6.70491718283102, "_runtime": 8, "_timestamp": 1653932990, "_step": 0, "_wandb": {"runtime": 9}}