{"ARI": 0.05753611174621437, "NMI": 0.01902285686083385, "JSD": 0.21327486899440157, "Precision": 0.654829479476558, "Recall": 0.7008731433159374, "F1-Score": 0.6373748273131803, "ROC AUC": 0.7073276508891089, "Accuracy": 0.7008731433159374, "MEAPE-mu": 26.841844485813777, "MEAPE-std": 0.3386949613147477, "_runtime": 8, "_timestamp": 1646929087, "_step": 0, "_wandb": {"runtime": 8}}