{"MAE": 22.44154349246109, "MRAE": 0.2980304346885736, "R^2-Score": 0.18891175046623154, "MEAPE-mu": 6.2525418550160285, "MEAPE-std": 4.0191934886242295, "RMSE": 27.06619585756604, "JSD": 0.10991629956186035, "_runtime": 4, "_timestamp": 1646306939, "_step": 0, "_wandb": {"runtime": 4}}