{"MAE": 26.6423016182627, "MRAE": 0.5933213198428745, "R^2-Score": 0.08505899735076305, "MEAPE-mu": 0.26695263268677694, "MEAPE-std": 0.20179241662670394, "RMSE": 33.049564792654216, "JSD": 0.17157603351505213, "_runtime": 4793, "_timestamp": 1651334343, "_step": 0, "_wandb": {"runtime": 4793}}