{"ARI": 0.0, "NMI": 6.91199551167899e-15, "JSD": 0.17798981128368224, "Precision": 0.4815641485056782, "Recall": 0.6939482318629238, "F1-Score": 0.5685700890352202, "ROC AUC": 0.6272318395693567, "Accuracy": 0.6939482318629238, "MEAPE-mu": 34.901038590892206, "MEAPE-std": 0.46493935812371107, "_runtime": 3, "_timestamp": 1645474854, "_step": 0, "_wandb": {"runtime": 4}}