{"ARI": -0.0337130259048319, "NMI": 0.06695248509985526, "JSD": 0.4698954585346202, "Precision": 0.41687344913151364, "Recall": 0.25806451612903225, "F1-Score": 0.3187855787476281, "Accuracy": 0.25806451612903225, "MEAPE-mu": 57.923097766253385, "MEAPE-std": 9.267092462554453, "_runtime": 3, "_timestamp": 1645623592, "_step": 0, "_wandb": {"runtime": 4}}