{"MAE": 13.735173283522062, "MRAE": 0.20467541649870033, "R^2-Score": 0.7143426873689146, "MEAPE-mu": 0.26677101493293975, "MEAPE-std": 0.21051711598390646, "RMSE": 19.191127575804767, "JSD": Infinity, "_runtime": 214, "_timestamp": 1646553919, "_step": 0, "_wandb": {"runtime": 213}}