{"MAE": 20.45706023709976, "RMSE": 25.236983237418556, "MRAE": 0.3411812488348321, "JSD": Infinity, "R^2-Score": -0.19526686297412454, "MEAPE-mu": 13.547659941551922, "MEAPE-std": 0.45887702938796504, "_runtime": 4, "_timestamp": 1645532131, "_step": 0, "_wandb": {"runtime": 5}}