{"MAE": 25.622764588418015, "MRAE": 0.5445196320281693, "R^2-Score": 0.2674443914719654, "MEAPE-mu": 16.51721539221342, "MEAPE-std": 0.3120246613883997, "RMSE": 33.098578500072165, "JSD": 0.15044030928145505, "_runtime": 216, "_timestamp": 1648756579, "_step": 0, "_wandb": {"runtime": 217}}