{"MAE": 12.05653058592472, "MRAE": 0.16946163474808565, "R^2-Score": 0.7317812143025537, "MEAPE-mu": 0.5817490228233736, "MEAPE-std": 0.31335624026052095, "RMSE": 18.424449735091457, "JSD": 0.07783017966040899, "_runtime": 2865, "_timestamp": 1646775164, "_step": 0, "_wandb": {"runtime": 2864}}