{"ARI": 0.06734986314512698, "NMI": 0.0930252310424163, "JSD": 0.23643358478325854, "Precision": 0.6189553764895679, "Recall": 0.5962724650543599, "F1-Score": 0.5787568460160794, "ROC AUC": 0.7303552766158041, "Accuracy": 0.5962724650543599, "MEAPE-mu": 7.704665209159374, "MEAPE-std": 0.4180457205422593, "_runtime": 24, "_timestamp": 1645793906, "_step": 0, "_wandb": {"runtime": 26}}