{"MAE": 26.54887679116281, "MRAE": 0.44010123184766553, "R^2-Score": 0.33117665547178443, "MEAPE-mu": 5.6083101572934675, "MEAPE-std": 4.288605207513587, "RMSE": 32.673947095492494, "JSD": 0.1390626220558071, "_runtime": 4, "_timestamp": 1646309897, "_step": 0, "_wandb": {"runtime": 5}}