{"MAE": 30.21212706207727, "MRAE": 0.5990670537634881, "R^2-Score": 0.12095647963486122, "MEAPE-mu": 7.088562311613816, "MEAPE-std": 4.981424335318364, "RMSE": 39.14268754261595, "JSD": 0.17386624240116882, "_runtime": 4, "_timestamp": 1646306941, "_step": 0, "_wandb": {"runtime": 3}}