{"MAE": 29.735792873973104, "RMSE": 35.76771007603212, "MRAE": 0.6653998744699386, "JSD": Infinity, "R^2-Score": 0.2798591190262031, "MEAPE-mu": 3.578680786514947, "MEAPE-std": 0.6120470874294494, "_runtime": 4, "_timestamp": 1645533581, "_step": 0, "_wandb": {"runtime": 4}}