{"MAE": 26.865511630769, "MRAE": 0.5706120476942116, "R^2-Score": 0.035321837527648614, "MEAPE-mu": 5.683804034314448, "MEAPE-std": 0.3095048860234242, "RMSE": 33.5276520981556, "JSD": Infinity, "_runtime": 2211, "_timestamp": 1646553030, "_step": 0, "_wandb": {"runtime": 2211}}