{"ARI": 0.2906951405534975, "NMI": 0.48062437945782704, "JSD": 0.20459388851918697, "Precision": 0.054505005561735265, "Recall": 0.22580645161290322, "F1-Score": 0.0878136200716846, "ROC AUC": 0.6733870967741935, "Accuracy": 0.22580645161290322, "MEAPE-mu": 91.03766578204001, "MEAPE-std": 19.583867492751413, "_runtime": 4, "_timestamp": 1645463202, "_step": 0, "_wandb": {"runtime": 4}}