{"ARI": 0.0, "NMI": 0.0, "JSD": 0.17807895717104663, "Precision": 0.38320687357176164, "Recall": 0.6190370534723763, "F1-Score": 0.4733762859224146, "ROC AUC": 0.5587461919326809, "Accuracy": 0.6190370534723763, "MEAPE-mu": 39.28802780288032, "MEAPE-std": 0.2261661531647829, "_runtime": 1744, "_timestamp": 1646041655, "_step": 0, "_wandb": {"runtime": 1745}}