{"ARI": 0.10852317531928536, "NMI": 0.08371992753828676, "JSD": 0.20691354942438153, "Precision": 0.6746910822785935, "Recall": 0.5902296755377324, "F1-Score": 0.6120601644819813, "ROC AUC": 0.7067836837989663, "Accuracy": 0.5902296755377324, "MEAPE-mu": 22.131009178874688, "MEAPE-std": 1.0725975111830015, "_runtime": 4, "_timestamp": 1645776045, "_step": 0, "_wandb": {"runtime": 5}}