{"ARI": 0.0732094714474784, "NMI": 0.02867666612361665, "JSD": 0.20975206939024066, "Precision": 0.629102091136871, "Recall": 0.5463823583014398, "F1-Score": 0.5754401579054026, "ROC AUC": 0.6296266027385368, "Accuracy": 0.5463823583014398, "MEAPE-mu": 3.1287071311487193, "MEAPE-std": 0.8732896515867739, "_runtime": 4, "_timestamp": 1645775198, "_step": 0, "_wandb": {"runtime": 4}}