{"ARI": 0.0, "NMI": 0.0, "JSD": 0.17794495892465625, "Precision": 0.49015436717239064, "Recall": 0.7001102535832414, "F1-Score": 0.5766148002922936, "ROC AUC": 0.7326441092062193, "Accuracy": 0.7001102535832414, "MEAPE-mu": 34.448289133627256, "MEAPE-std": 1.0104832747492412, "_runtime": 2, "_timestamp": 1654269075, "_step": 0, "_wandb": {"runtime": 4}}