{"MAE": 26.529798424585, "RMSE": 35.19118435764363, "MRAE": 0.5244834396439483, "JSD": 0.15851645732830486, "R^2-Score": 0.2894790932941955, "MEAPE-mu": 7.37408583740895, "MEAPE-std": 5.343136773975274, "_runtime": 2, "_timestamp": 1645188772, "_step": 0, "_wandb": {"runtime": 3}}