{"ARI": 0.22703488921211204, "NMI": 0.23961040684749316, "JSD": 0.17294389302829288, "Precision": 0.7424731182795699, "Recall": 0.7419354838709677, "F1-Score": 0.7367928938756428, "ROC AUC": 0.7829841799530342, "Accuracy": 0.7419354838709677, "MEAPE-mu": 10.941977866547468, "MEAPE-std": 6.754110730448758, "_runtime": 161, "_timestamp": 1645493105, "_step": 0, "_wandb": {"runtime": 161}}