{"MAE": 22.041397115037572, "RMSE": 27.37766924584064, "MRAE": 0.441385642287702, "JSD": 0.13057156137709086, "R^2-Score": 0.2875449901242144, "MEAPE-mu": 8.439724389967505, "MEAPE-std": 6.066732897461526, "_runtime": 2, "_timestamp": 1645116624, "_step": 0, "_wandb": {"runtime": 3}}