{"ARI": 0.022981013974819896, "NMI": 0.0023513120184299754, "JSD": Infinity, "Precision": 0.6451277326414118, "Recall": 0.6508280757097792, "F1-Score": 0.6478984226755903, "ROC AUC": 0.5483282612886927, "Accuracy": 0.6508280757097792, "MEAPE-mu": 5.511026418556347, "MEAPE-std": 3.269101077563534, "_runtime": 4, "_timestamp": 1653902584, "_step": 0, "_wandb": {"runtime": 6}}