{"ARI": 0.20395973279246757, "NMI": 0.10226851969774034, "JSD": 0.20193572334881507, "Precision": 0.6591865357643759, "Recall": 0.7096774193548387, "F1-Score": 0.6832844574780059, "ROC AUC": 0.7801712047202204, "Accuracy": 0.7096774193548387, "MEAPE-mu": 8.11964445831338, "MEAPE-std": 6.119998699469497, "_runtime": 6, "_timestamp": 1645462388, "_step": 0, "_wandb": {"runtime": 7}}