{"ARI": 0.07113369323594793, "NMI": 0.056662516536024866, "JSD": 0.20847795393093269, "Precision": 0.6282051282051282, "Recall": 0.7, "F1-Score": 0.6508059316569955, "ROC AUC": 0.7868069933287326, "MEAPE-mu": 17.32010002688077, "MEAPE-std": 9.255313162831113, "_runtime": 3, "_timestamp": 1645443954, "_step": 0, "_wandb": {"runtime": 4}}