{"ARI": 0.12447662960806805, "NMI": 0.06500485511635548, "JSD": 0.18886384897155203, "Precision": 0.6558095406262509, "Recall": 0.7254685777287762, "F1-Score": 0.660965132084496, "ROC AUC": 0.7365948055720892, "Accuracy": 0.7254685777287762, "MEAPE-mu": 22.97416974069948, "MEAPE-std": 1.5732254531161345, "_runtime": 2, "_timestamp": 1654268797, "_step": 0, "_wandb": {"runtime": 4}}