{"ARI": 0.1644445906516629, "NMI": 0.08162252511787159, "JSD": 0.19409781228703651, "Precision": 0.7063199665691161, "Recall": 0.7229310973386803, "F1-Score": 0.6735763823007351, "ROC AUC": 0.740979847600016, "Accuracy": 0.7229310973386803, "MEAPE-mu": 19.001451886791905, "MEAPE-std": 0.6633771007507997, "_runtime": 49, "_timestamp": 1645558583, "_step": 0, "_wandb": {"runtime": 50}}