{"ARI": 0.0, "NMI": 0.0, "JSD": 0.17878432623971874, "Precision": 0.49, "Recall": 0.7, "F1-Score": 0.5764705882352941, "ROC AUC": 0.5593397745571659, "Accuracy": 0.7, "MEAPE-mu": 35.71708157980458, "MEAPE-std": 6.537553219134497, "_runtime": 5, "_timestamp": 1646932467, "_step": 0, "_wandb": {"runtime": 5}}