{"ARI": 0.0, "NMI": 7.024775910151136e-16, "JSD": 0.1813021946042139, "Precision": 0.0, "Recall": 0.0, "F1-Score": 0.0, "Accuracy": 0.0, "MEAPE-mu": 164.04432874847222, "MEAPE-std": 6.442664914285004, "_runtime": 4, "_timestamp": 1645621614, "_step": 0, "_wandb": {"runtime": 4}}