{"ARI": 0.17127891051883865, "NMI": 0.08307688410013285, "JSD": 0.19169807613948997, "Precision": 0.698953745479284, "Recall": 0.7260298942763398, "F1-Score": 0.6759356201449723, "ROC AUC": 0.737149394771766, "Accuracy": 0.7260298942763398, "MEAPE-mu": 19.154851430095754, "MEAPE-std": 0.771854639210497, "_runtime": 51, "_timestamp": 1645558695, "_step": 0, "_wandb": {"runtime": 51}}