{"MAE": 24.75524495608131, "RMSE": 31.456978092978208, "MRAE": 0.4260685591852656, "JSD": Infinity, "R^2-Score": 0.18503337244645368, "MEAPE-mu": 1.1525909439833573, "MEAPE-std": 0.5133079540153401, "_runtime": 5, "_timestamp": 1645532108, "_step": 0, "_wandb": {"runtime": 5}}