{"ARI": 0.0, "NMI": 0.0, "JSD": 0.17808250847017626, "Precision": 0.3832618155944979, "Recall": 0.6190814288883958, "F1-Score": 0.4734311798729381, "ROC AUC": 0.5293602814497509, "Accuracy": 0.6190814288883958, "MEAPE-mu": 39.27824141534549, "MEAPE-std": 0.20601280749083092, "_runtime": 3, "_timestamp": 1645771452, "_step": 0, "_wandb": {"runtime": 4}}