{"MAE": 27.008227076143122, "MRAE": 0.523150706472495, "R^2-Score": 0.03025156365637638, "MEAPE-mu": 1.3915131203830273, "MEAPE-std": 0.2985479154172233, "RMSE": 32.266658436235694, "JSD": Infinity, "_runtime": 2, "_timestamp": 1645985765, "_step": 0, "_wandb": {"runtime": 4}}