{"MAE": 26.82541717203552, "MRAE": 0.590983877173101, "R^2-Score": 0.05768995035698499, "MEAPE-mu": 0.2750394761788135, "MEAPE-std": 0.20278268820474793, "RMSE": 33.21362752530131, "JSD": Infinity, "_runtime": 2, "_timestamp": 1645985524, "_step": 0, "_wandb": {"runtime": 4}}