{"MAE": 28.968103095673875, "MRAE": 0.5309373556409348, "R^2-Score": 0.1324945360236398, "MEAPE-mu": 7.403210550767855, "MEAPE-std": 4.7389836767399895, "RMSE": 35.94634542819602, "JSD": 0.16256589814252792, "_runtime": 5, "_timestamp": 1646309990, "_step": 0, "_wandb": {"runtime": 5}}