{"MAE": 21.351872245524707, "MRAE": 0.3583612239512005, "R^2-Score": 0.27990835292744254, "MEAPE-mu": 4.728470504075181, "MEAPE-std": 3.3608049288131663, "RMSE": 27.517362074180962, "JSD": 0.13150422445257667, "_runtime": 5, "_timestamp": 1646307902, "_step": 0, "_wandb": {"runtime": 4}}