{"MAE": 21.610900329091542, "MRAE": 0.4237223691445013, "R^2-Score": 0.43375348370999756, "MEAPE-mu": 1.414993496387136, "MEAPE-std": 0.4711750837246038, "RMSE": 26.964418266059823, "JSD": 0.12632501913741703, "_runtime": 12, "_timestamp": 1646320115, "_step": 0, "_wandb": {"runtime": 13}}