{"ARI": 0.2969382293938592, "NMI": 0.2808152035970557, "JSD": 0.16306551226435884, "Precision": 0.708078827913577, "Recall": 0.7357443976037276, "F1-Score": 0.7125850564456655, "ROC AUC": 0.8200715056128469, "Accuracy": 0.7357443976037276, "MEAPE-mu": 10.593307958515991, "MEAPE-std": 0.27508035096837535, "_runtime": 135, "_timestamp": 1647663976, "_step": 0, "_wandb": {"runtime": 134}}