{"ARI": -0.0124678794775518, "NMI": 0.0010532991602851178, "JSD": Infinity, "Precision": 0.5651278878799685, "Recall": 0.6217884383781613, "F1-Score": 0.5844722458483621, "ROC AUC": 0.47197475636152714, "Accuracy": 0.6217884383781613, "MEAPE-mu": 66.56965905376187, "MEAPE-std": 2.644353909636478, "_runtime": 27, "_timestamp": 1653922240, "_step": 0, "_wandb": {"runtime": 28}}