{"ARI": 0.033394283514579924, "NMI": 0.040133660878506484, "JSD": 0.22199022717694472, "Precision": 0.6089330024813896, "Recall": 0.6774193548387096, "F1-Score": 0.6370967741935483, "ROC AUC": 0.718282659745396, "Accuracy": 0.6774193548387096, "MEAPE-mu": 14.708828521283454, "MEAPE-std": 8.15464299360952, "_runtime": 6, "_timestamp": 1645462347, "_step": 0, "_wandb": {"runtime": 6}}