{"ARI": -0.0005263121707100147, "NMI": 0.0004003448778703194, "JSD": Infinity, "Precision": 0.5635359625416151, "Recall": 0.7503450995858805, "F1-Score": 0.6436601609110966, "ROC AUC": 0.5101225091686534, "Accuracy": 0.7503450995858805, "MEAPE-mu": 99.09254410568072, "MEAPE-std": 5.176717755661667, "_runtime": 3, "_timestamp": 1653905462, "_step": 0, "_wandb": {"runtime": 3}}