{"ARI": 0.0, "NMI": 1.6883267560046202e-15, "JSD": 0.1779992404031432, "Precision": 0.5036420395421436, "Recall": 0.7096774193548387, "F1-Score": 0.5891661594643944, "ROC AUC": 0.690041404029168, "Accuracy": 0.7096774193548387, "MEAPE-mu": 33.78758396352539, "MEAPE-std": 5.62045123790213, "_runtime": 2, "_timestamp": 1653942580, "_step": 0, "_wandb": {"runtime": 4}}