{"ARI": 0.0, "NMI": 6.72167951363937e-16, "JSD": 0.1763480429671087, "Precision": 0.4588969823100936, "Recall": 0.6774193548387096, "F1-Score": 0.5471464019851118, "ROC AUC": 0.4942972350230415, "Accuracy": 0.6774193548387096, "MEAPE-mu": 34.40204753958769, "MEAPE-std": 7.252709977738767, "_runtime": 2, "_timestamp": 1653930835, "_step": 0, "_wandb": {"runtime": 4}}