{"MAE": 30.520208126126196, "RMSE": 36.878077585908564, "MRAE": 0.49855514334326906, "JSD": 0.15475148310195605, "R^2-Score": 0.2967609510257694, "MEAPE-mu": 6.624523254494472, "MEAPE-std": 4.76598051630364, "_runtime": 2, "_timestamp": 1645189298, "_step": 0, "_wandb": {"runtime": 3}}