{"MAE": 25.507177180252153, "MRAE": 0.3407691725883958, "R^2-Score": 0.2232112554311193, "MEAPE-mu": 6.0850251567176885, "MEAPE-std": 4.301484609024663, "RMSE": 30.009373090583768, "JSD": 0.12145917564254755, "_runtime": 3, "_timestamp": 1646307058, "_step": 0, "_wandb": {"runtime": 4}}