{"MAE": 25.503225806451614, "MRAE": 0.39951478117971223, "R^2-Score": 0.1836075227580758, "MEAPE-mu": 8.882042248288634, "MEAPE-std": 5.749393676386214, "RMSE": 35.56507892174116, "JSD": 0.15034709391151577, "_runtime": 5, "_timestamp": 1646306247, "_step": 0, "_wandb": {"runtime": 4}}