{"MAE": 22.049917163307885, "MRAE": 0.46122899793601796, "R^2-Score": 0.3062505250422246, "MEAPE-mu": 0.21301099601057796, "MEAPE-std": 0.15534535927106424, "RMSE": 28.421621575979234, "JSD": Infinity, "_runtime": 5, "_timestamp": 1646985659, "_step": 0, "_wandb": {"runtime": 5}}