{"MAE": 28.632575004713047, "MRAE": 0.3423493260236019, "R^2-Score": 0.1491230027654995, "MEAPE-mu": 8.295502071475724, "MEAPE-std": 5.404564138069057, "RMSE": 39.759300322356054, "JSD": 0.1435870908831274, "_runtime": 3, "_timestamp": 1646307549, "_step": 0, "_wandb": {"runtime": 4}}