{"ARI": 0.0, "NMI": 6.72167951363937e-16, "JSD": 0.17634804296710868, "Precision": 0.4588969823100936, "Recall": 0.6774193548387096, "F1-Score": 0.5471464019851118, "ROC AUC": 0.7226766513056835, "Accuracy": 0.6774193548387096, "MEAPE-mu": 34.40578118985904, "MEAPE-std": 6.25752017692241, "_runtime": 8, "_timestamp": 1653932960, "_step": 0, "_wandb": {"runtime": 9}}