{"ARI": 0.0038448668724459898, "NMI": 0.00108969667454235, "JSD": 0.45622957308081336, "Precision": 0.4818021135135477, "Recall": 0.2821728034998177, "F1-Score": 0.3501065244934873, "Accuracy": 0.2821728034998177, "MEAPE-mu": 50.86240800216848, "MEAPE-std": 0.8101068849370577, "_runtime": 3, "_timestamp": 1645621648, "_step": 0, "_wandb": {"runtime": 5}}