{"ARI": 0.016285746454325997, "NMI": 0.004672185311089897, "JSD": 0.19407782901393567, "Precision": 0.4987768631033534, "Recall": 0.6178389172398491, "F1-Score": 0.49879246754491174, "ROC AUC": 0.6095403393151092, "Accuracy": 0.6178389172398491, "MEAPE-mu": 34.721746315843156, "MEAPE-std": 0.28657580155617096, "_runtime": 5, "_timestamp": 1645564752, "_step": 0, "_wandb": {"runtime": 5}}