{"ARI": 0.048115386782353935, "NMI": 0.04491302672007543, "JSD": 0.21325153838979463, "Precision": 0.6057347670250897, "Recall": 0.6774193548387096, "F1-Score": 0.6223118279569892, "ROC AUC": 0.7444745369250858, "Accuracy": 0.6774193548387096, "MEAPE-mu": 19.754124378414772, "MEAPE-std": 8.98214149515423, "_runtime": 2, "_timestamp": 1645461217, "_step": 0, "_wandb": {"runtime": 4}}