{"ARI": 0.10012832489161493, "NMI": 0.05120986924977065, "JSD": 0.21262358407728674, "Precision": 0.5560066987779906, "Recall": 0.5140891945861993, "F1-Score": 0.5226163697679038, "ROC AUC": 0.6071338995222828, "Accuracy": 0.5140891945861993, "MEAPE-mu": 5.467041310089746, "MEAPE-std": 0.4051859038625432, "_runtime": 5, "_timestamp": 1646932089, "_step": 0, "_wandb": {"runtime": 5}}