{"ARI": 0.2747021723896286, "NMI": 0.2629189185678862, "JSD": 0.16430254973710104, "Precision": 0.8557692307692308, "Recall": 0.8214285714285714, "F1-Score": 0.7813238770685579, "ROC AUC": 0.7414965986394558, "Accuracy": 0.8214285714285714, "MEAPE-mu": 22.880948396550433, "MEAPE-std": 8.08006574549114, "_runtime": 3, "_timestamp": 1645461417, "_step": 0, "_wandb": {"runtime": 3}}