{"ARI": -0.03263726980939763, "NMI": 0.060396596441616164, "JSD": 0.18944781100748442, "Precision": 0.6914750149897949, "Recall": 0.35107546481954066, "F1-Score": 0.3049500365471396, "ROC AUC": 0.7354236711455416, "Accuracy": 0.35107546481954066, "MEAPE-mu": 75.47109036317708, "MEAPE-std": 1.3240149502431957, "_runtime": 6, "_timestamp": 1646920170, "_step": 0, "_wandb": {"runtime": 6}}