{"ARI": 0.16585338649861975, "NMI": 0.1955251972331976, "JSD": 0.1620002928228905, "Precision": 0.7163515016685206, "Recall": 0.7419354838709677, "F1-Score": 0.6693906810035842, "ROC AUC": 0.7295314900153609, "Accuracy": 0.7419354838709677, "MEAPE-mu": 25.72339774346899, "MEAPE-std": 6.580880962339012, "_runtime": 2, "_timestamp": 1645460965, "_step": 0, "_wandb": {"runtime": 4}}