{"ARI": 0.4531284097431419, "NMI": 0.3505605346334247, "JSD": 0.1537296137989524, "Precision": 0.8047946977762396, "Recall": 0.8054581761704016, "F1-Score": 0.8000061423281764, "ROC AUC": 0.8715008893875968, "Accuracy": 0.8054581761704016, "MEAPE-mu": 3.998936151856164, "MEAPE-std": 0.2641957891365552, "_runtime": 2168, "_timestamp": 1647276421, "_step": 0, "_wandb": {"runtime": 2168}}