{"ARI": 0.2844846180901361, "NMI": 0.17054548787583035, "JSD": 0.17490712576825374, "Precision": 0.732843073559343, "Recall": 0.7657674079475028, "F1-Score": 0.7331458694362205, "ROC AUC": 0.7546687182946896, "Accuracy": 0.7657674079475028, "MEAPE-mu": 12.500671292343874, "MEAPE-std": 0.5824972505454933, "_runtime": 627, "_timestamp": 1646940749, "_step": 0, "_wandb": {"runtime": 629}}