{"ARI": 0.01916079626029592, "NMI": 0.0029209871535272767, "JSD": Infinity, "Precision": 0.6542564644661334, "Recall": 0.7389589905362776, "F1-Score": 0.6599508807204607, "ROC AUC": 0.6020442891241534, "Accuracy": 0.7389589905362776, "MEAPE-mu": 83.40306274446007, "MEAPE-std": 5.0554515551819295, "_runtime": 588, "_timestamp": 1653850068, "_step": 0, "_wandb": {"runtime": 590}}