{"ARI": 0.024696723479838253, "NMI": 0.023892987056052847, "JSD": 0.20251454307828737, "Precision": 0.596218020022247, "Recall": 0.6774193548387096, "F1-Score": 0.5935483870967742, "ROC AUC": 0.5323475359094646, "Accuracy": 0.6774193548387096, "MEAPE-mu": 28.850500415355878, "MEAPE-std": 7.98043184132328, "_runtime": 5, "_timestamp": 1646945226, "_step": 0, "_wandb": {"runtime": 5}}