{"ARI": -0.00017146775962188296, "NMI": 1.3913930866899276e-05, "JSD": Infinity, "Precision": 0.5683093050427735, "Recall": 0.6995182657567242, "F1-Score": 0.5768509762270829, "ROC AUC": 0.48311318755921545, "Accuracy": 0.6995182657567242, "MEAPE-mu": 149.93033781761065, "MEAPE-std": 4.29560870325963, "_runtime": 9, "_timestamp": 1653918239, "_step": 0, "_wandb": {"runtime": 10}}