{"ARI": 0.0, "NMI": 0.0, "JSD": 0.17808250847017623, "Precision": 0.3832618155944979, "Recall": 0.6190814288883958, "F1-Score": 0.4734311798729381, "ROC AUC": 0.572759460845237, "Accuracy": 0.6190814288883958, "MEAPE-mu": 39.267841337425914, "MEAPE-std": 0.2256985529020491, "_runtime": 1286, "_timestamp": 1646038128, "_step": 0, "_wandb": {"runtime": 1287}}