{"MAE": 25.281332034171765, "MRAE": 0.4884373157449518, "R^2-Score": 0.4669619655036985, "MEAPE-mu": 5.216829230856271, "MEAPE-std": 3.7146009318530897, "RMSE": 31.119465484081655, "JSD": 0.13751308803312745, "_runtime": 3, "_timestamp": 1646480981, "_step": 0, "_wandb": {"runtime": 4}}