{"MAE": 23.844666411922645, "RMSE": 29.824714522470206, "MRAE": 0.470515225434577, "JSD": 0.13404139889522337, "R^2-Score": 0.308771391997095, "MEAPE-mu": 5.723004757150159, "MEAPE-std": 0.5378075354232406, "_runtime": 7, "_timestamp": 1645221215, "_step": 0, "_wandb": {"runtime": 7}}