{"ARI": -0.02266009449190715, "NMI": 0.029301836603531167, "JSD": 0.2341527906495229, "Precision": 0.4683594669706464, "Recall": 0.5738185045484802, "F1-Score": 0.5021470209259342, "ROC AUC": 0.6235891918809711, "Accuracy": 0.5738185045484802, "MEAPE-mu": 22.512594532170933, "MEAPE-std": 0.364309156417973, "_runtime": 139, "_timestamp": 1647663551, "_step": 0, "_wandb": {"runtime": 140}}