{"ARI": 0.08818750311750814, "NMI": 0.05713351016158298, "JSD": 0.21683627858984164, "Precision": 0.6442878880746942, "Recall": 0.61742006615215, "F1-Score": 0.6151996252778892, "ROC AUC": 0.6875360710700358, "Accuracy": 0.61742006615215, "MEAPE-mu": 20.804341058200816, "MEAPE-std": 2.6722238945717285, "_runtime": 4, "_timestamp": 1654269442, "_step": 0, "_wandb": {"runtime": 4}}