{"MAE": 19.537716330153096, "MRAE": 0.4112937388413053, "R^2-Score": 0.4459220910996976, "MEAPE-mu": 0.20932234985103407, "MEAPE-std": 0.14407394947715474, "RMSE": 25.38781041537592, "JSD": Infinity, "_runtime": 5, "_timestamp": 1647014626, "_step": 0, "_wandb": {"runtime": 5}}