{"ARI": 0.04431330457640354, "NMI": 0.025766315698783848, "JSD": 0.22022785289839736, "Precision": 0.5646507987029235, "Recall": 0.607943199467495, "F1-Score": 0.5458812993992048, "ROC AUC": 0.6024383031899913, "Accuracy": 0.607943199467495, "MEAPE-mu": 22.818496835384508, "MEAPE-std": 0.3456663359190454, "_runtime": 3, "_timestamp": 1645985121, "_step": 0, "_wandb": {"runtime": 4}}