{"MAE": 23.411988295984024, "MRAE": 0.5032358348078941, "R^2-Score": 0.23231392328781852, "MEAPE-mu": 4.103122320107362, "MEAPE-std": 0.2756601083395669, "RMSE": 30.15143665507962, "JSD": Infinity, "_runtime": 5, "_timestamp": 1646946143, "_step": 0, "_wandb": {"runtime": 5}}