{"ARI": 0.22699369410366188, "NMI": 0.13861200245895303, "JSD": 0.1856873378967249, "Precision": 0.6849929873772791, "Recall": 0.6774193548387096, "F1-Score": 0.6733588991653509, "ROC AUC": 0.6710934855153068, "Accuracy": 0.6774193548387096, "MEAPE-mu": 11.588148910689007, "MEAPE-std": 6.3746315193722545, "_runtime": 168, "_timestamp": 1645493425, "_step": 0, "_wandb": {"runtime": 167}}