{"MAE": 0.16227755738094676, "MRAE": 0.002764790605618849, "R^2-Score": 0.9999377238148801, "MEAPE-mu": 0.004344137162083894, "MEAPE-std": 0.0024250718559869974, "RMSE": 0.27005546882217235, "JSD": 0.001372845822681262, "_runtime": 3300, "_timestamp": 1647516514, "_step": 0, "_wandb": {"runtime": 3300}}