{"ARI": 0.16700915115533801, "NMI": 0.11439506424565508, "JSD": 0.1973179080970753, "Precision": 0.6511087209734381, "Recall": 0.6784557355225205, "F1-Score": 0.6341248985774297, "ROC AUC": 0.7207396790846702, "Accuracy": 0.6784557355225205, "MEAPE-mu": 12.078632383794925, "MEAPE-std": 0.34537017563599387, "_runtime": 60, "_timestamp": 1647232576, "_step": 0, "_wandb": {"runtime": 60}}