{"MAE": 28.915572440936934, "RMSE": 37.353659166673374, "MRAE": 0.41857316648544207, "JSD": 0.14043924920707263, "R^2-Score": 0.18624695088689758, "MEAPE-mu": 7.703357771826553, "MEAPE-std": 4.8359621441020435, "_runtime": 4, "_timestamp": 1645389626, "_step": 0, "_wandb": {"runtime": 4}}