{"ARI": 0.21099456662442553, "NMI": 0.13407969514103388, "JSD": 0.18917897193565925, "Precision": 0.6712147041400522, "Recall": 0.6934546261371201, "F1-Score": 0.6683565031329549, "ROC AUC": 0.7984200705735571, "Accuracy": 0.6934546261371201, "MEAPE-mu": 12.170816293363213, "MEAPE-std": 0.3620974500001867, "_runtime": 9, "_timestamp": 1645807670, "_step": 0, "_wandb": {"runtime": 10}}