{"MAE": 19.741257700845637, "MRAE": 0.4108789867435991, "R^2-Score": 0.4466789214474055, "MEAPE-mu": 0.2368402106712906, "MEAPE-std": 0.158165637102262, "RMSE": 25.543794279610292, "JSD": Infinity, "_runtime": 5, "_timestamp": 1647019250, "_step": 0, "_wandb": {"runtime": 6}}