{"MAE": 24.470055192363326, "RMSE": 31.093139417883098, "MRAE": 0.4556385589187053, "JSD": Infinity, "R^2-Score": 0.23674380248875782, "MEAPE-mu": 0.6480487110578865, "MEAPE-std": 0.42224256697996415, "_runtime": 2, "_timestamp": 1645201785, "_step": 0, "_wandb": {"runtime": 3}}