{"ARI": 0.047314487283888054, "NMI": 0.05460815523971234, "JSD": 0.17541551309541673, "Precision": 0.7134868984626845, "Recall": 0.7109531620193184, "F1-Score": 0.6067619210604992, "ROC AUC": 0.7894793261032008, "Accuracy": 0.7109531620193184, "MEAPE-mu": 32.53741980059872, "MEAPE-std": 0.532528675133942, "_runtime": 2, "_timestamp": 1645786322, "_step": 0, "_wandb": {"runtime": 3}}