{"ARI": 0.15889163993059893, "NMI": 0.08189019269417999, "JSD": 0.1970597037910023, "Precision": 0.6866152799108804, "Recall": 0.7232635060639471, "F1-Score": 0.6831673831350971, "ROC AUC": 0.7608608853329037, "Accuracy": 0.7232635060639471, "MEAPE-mu": 15.42716228604916, "MEAPE-std": 1.4249944300098214, "_runtime": 22, "_timestamp": 1654285383, "_step": 0, "_wandb": {"runtime": 23}}