{"ARI": 0.07423208191126279, "NMI": 0.09708078739550755, "JSD": 0.1763086864963153, "Precision": 0.732258064516129, "Recall": 0.7096774193548387, "F1-Score": 0.6152224330592452, "ROC AUC": 0.6632103303187117, "MEAPE-mu": 32.09930125502593, "MEAPE-std": 6.839575178346572, "_runtime": 3, "_timestamp": 1645443907, "_step": 0, "_wandb": {"runtime": 4}}