{"MAE": 24.62767941856111, "MRAE": 0.4159850200243835, "R^2-Score": 0.23326210240715373, "MEAPE-mu": 4.536295342600628, "MEAPE-std": 0.4230871105705832, "RMSE": 29.2046396393457, "JSD": Infinity, "_runtime": 2, "_timestamp": 1645985248, "_step": 0, "_wandb": {"runtime": 3}}