{"ARI": 0.10236331153291327, "NMI": 0.08328284686873028, "JSD": 0.20821797263190964, "Precision": 0.6707486021257157, "Recall": 0.5816624134159679, "F1-Score": 0.6039558927685263, "ROC AUC": 0.6882945721436583, "Accuracy": 0.5816624134159679, "MEAPE-mu": 23.44808103556908, "MEAPE-std": 1.0539567964796048, "_runtime": 5, "_timestamp": 1646918187, "_step": 0, "_wandb": {"runtime": 5}}