{"ARI": 0.11804804102983045, "NMI": 0.05168161111291554, "JSD": 0.20931153456081444, "Precision": 0.5930876790337186, "Recall": 0.6453072997559353, "F1-Score": 0.5889845230818882, "ROC AUC": 0.7174032445092868, "Accuracy": 0.6453072997559353, "MEAPE-mu": 15.647995330906879, "MEAPE-std": 0.3900656209522188, "_runtime": 133, "_timestamp": 1647663691, "_step": 0, "_wandb": {"runtime": 133}}