{"ARI": 0.046052631578947366, "NMI": 0.014466163742351646, "JSD": 0.23183683433700303, "Precision": 0.653448275862069, "Recall": 0.6896551724137931, "F1-Score": 0.6641909814323605, "ROC AUC": 0.738095238095238, "Accuracy": 0.6896551724137931, "MEAPE-mu": 13.396084342222128, "MEAPE-std": 9.926787030917234, "_runtime": 3, "_timestamp": 1645461409, "_step": 0, "_wandb": {"runtime": 3}}