{"MAE": 21.453671662945666, "RMSE": 27.61668533689754, "MRAE": 0.3710652062498061, "JSD": Infinity, "R^2-Score": 0.4046117988882525, "MEAPE-mu": 0.3903985312978737, "MEAPE-std": 0.2937380811984477, "_runtime": 4, "_timestamp": 1645237778, "_step": 0, "_wandb": {"runtime": 5}}