{"MAE": 22.220493364665803, "RMSE": 29.246717707111067, "MRAE": 0.3534288195230447, "JSD": 0.12687709734932218, "R^2-Score": 0.5044793513225864, "MEAPE-mu": 9.690404920760331, "MEAPE-std": 5.319269907712664, "_runtime": 2, "_timestamp": 1645107683, "_step": 0, "_wandb": {"runtime": 3}}