{"ARI": 0.34251694826604595, "NMI": 0.22634984931482963, "JSD": 0.175070270610313, "Precision": 0.7359780551645586, "Recall": 0.743643221655203, "F1-Score": 0.7377736523553978, "ROC AUC": 0.7672722254510467, "Accuracy": 0.743643221655203, "MEAPE-mu": 5.070651647566184, "MEAPE-std": 0.32477421635574577, "_runtime": 38, "_timestamp": 1645867357, "_step": 0, "_wandb": {"runtime": 39}}