{"ARI": 0.7246264205455519, "NMI": 0.5863908369526407, "JSD": 0.10409739397780379, "Precision": 0.9126525317185127, "Recall": 0.9140022050716649, "F1-Score": 0.9128479661172122, "ROC AUC": 0.9698942583761329, "Accuracy": 0.9140022050716649, "MEAPE-mu": 2.4386427922561054, "MEAPE-std": 0.9634252210917041, "_runtime": 6, "_timestamp": 1654102454, "_step": 0, "_wandb": {"runtime": 7}}