{"MAE": 28.409677419354843, "MRAE": 0.6072369385347832, "R^2-Score": 0.21700883821950834, "MEAPE-mu": 6.333984690530005, "MEAPE-std": 4.607619371630555, "RMSE": 36.942295892465204, "JSD": 0.1699389186609284, "_runtime": 2, "_timestamp": 1646480123, "_step": 0, "_wandb": {"runtime": 4}}