{"MAE": 22.99041756703361, "MRAE": 0.7055365504516162, "R^2-Score": 0.18598655016747645, "MEAPE-mu": 16.376305686382096, "MEAPE-std": 9.450893227151735, "RMSE": 31.394779760014302, "JSD": 0.1637627719032425, "_runtime": 3, "_timestamp": 1646297853, "_step": 0, "_wandb": {"runtime": 4}}