{"MAE": 27.29368531737251, "RMSE": 33.59597759235205, "MRAE": 0.6192860662338582, "JSD": Infinity, "R^2-Score": 0.03500400149373395, "MEAPE-mu": 0.3119965692743957, "MEAPE-std": 0.20787518548812484, "_runtime": 3, "_timestamp": 1645193560, "_step": 0, "_wandb": {"runtime": 4}}