{"ARI": 0.01644106964852014, "NMI": 0.029472963629662684, "JSD": 0.2238804045762043, "Precision": 0.5066002397294882, "Recall": 0.4583092966496561, "F1-Score": 0.45602794684222403, "ROC AUC": 0.5625753450653652, "Accuracy": 0.4583092966496561, "MEAPE-mu": 5.9779492906751015, "MEAPE-std": 0.4313146809536954, "_runtime": 5, "_timestamp": 1646932053, "_step": 0, "_wandb": {"runtime": 5}}