{"ARI": 0.0572954068899378, "NMI": 0.04127494694146459, "JSD": 0.20001125058347607, "Precision": 0.6041565008859248, "Recall": 0.6315509207898824, "F1-Score": 0.5465501319210657, "ROC AUC": 0.6489268301002575, "Accuracy": 0.6315509207898824, "MEAPE-mu": 30.14937200332219, "MEAPE-std": 0.2630301884335528, "_runtime": 1657, "_timestamp": 1646088921, "_step": 0, "_wandb": {"runtime": 1657}}