{"ARI": 0.02884050841381484, "NMI": 0.015387500009586497, "JSD": 0.19533146142074614, "Precision": 0.5301430653464133, "Recall": 0.6258708675393831, "F1-Score": 0.5191015310147022, "ROC AUC": 0.6296314353495652, "Accuracy": 0.6258708675393831, "MEAPE-mu": 32.78459095871448, "MEAPE-std": 0.26552314229677676, "_runtime": 37, "_timestamp": 1645626855, "_step": 0, "_wandb": {"runtime": 38}}