{"ARI": 0.029730297609635584, "NMI": 0.009479353599443336, "JSD": 0.20422573748204248, "Precision": 0.6443294133180854, "Recall": 0.6995182657567242, "F1-Score": 0.6105986299176119, "ROC AUC": 0.6520262540344874, "Accuracy": 0.6995182657567242, "MEAPE-mu": 32.07490077937667, "MEAPE-std": 0.3148875965954349, "_runtime": 4, "_timestamp": 1645605560, "_step": 0, "_wandb": {"runtime": 4}}