{"MAE": 3.0762711864406778, "MRAE": 0.05727409097398163, "R^2-Score": 0.9159449953524738, "MEAPE-mu": 0.4121148934885997, "MEAPE-std": 0.17107662814319108, "RMSE": 10.240953014444885, "JSD": 0.04738549227448706, "_runtime": 146, "_timestamp": 1646551578, "_step": 0, "_wandb": {"runtime": 146}}