{"MAE": 26.460721672337513, "RMSE": 32.01544663846913, "MRAE": 0.4973171905777101, "JSD": 0.15389052226142247, "R^2-Score": 0.2718861502585701, "MEAPE-mu": 5.7358793889536415, "MEAPE-std": 4.296021250865934, "_runtime": 2, "_timestamp": 1645116608, "_step": 0, "_wandb": {"runtime": 3}}