{"ARI": 0.6964082782978133, "NMI": 0.5954190463263589, "JSD": 0.11096755738032732, "Precision": 0.900594295067072, "Recall": 0.8996228089638341, "F1-Score": 0.8999398977489006, "ROC AUC": 0.9774984892711391, "Accuracy": 0.8996228089638341, "MEAPE-mu": 1.4208923727440033, "MEAPE-std": 0.21900501044482473, "_runtime": 3370, "_timestamp": 1648012827, "_step": 0, "_wandb": {"runtime": 3370}}