{"ARI": 0.7076563514621362, "NMI": 0.5883669828413122, "JSD": 0.1127373361967597, "Precision": 0.9104334293184789, "Recall": 0.9114270092946966, "F1-Score": 0.91041689447599, "ROC AUC": 0.977006574059601, "Accuracy": 0.9114270092946966, "MEAPE-mu": 2.5253169116420033, "MEAPE-std": 0.40692800167776794, "_runtime": 565, "_timestamp": 1646919192, "_step": 0, "_wandb": {"runtime": 565}}