{"ARI": 0.03138201569100785, "NMI": 0.15932102784117633, "JSD": 0.29335352027200046, "Precision": 0.3181818181818182, "Recall": 0.16666666666666666, "F1-Score": 0.21874999999999997, "Accuracy": 0.16666666666666666, "MEAPE-mu": 13.468280919413637, "MEAPE-std": 8.808011004094453, "_runtime": 4, "_timestamp": 1645546010, "_step": 0, "_wandb": {"runtime": 4}}