{"MAE": 14.087268805895668, "MRAE": 0.26620610017655044, "R^2-Score": 0.13622415908118013, "MEAPE-mu": 0.9868249171798616, "MEAPE-std": 0.2004516800755984, "RMSE": 19.89059471196848, "JSD": 0.11237520099416524, "_runtime": 24, "_timestamp": 1648655236, "_step": 0, "_wandb": {"runtime": 24}}