{"ARI": 0.004918904225554876, "NMI": 0.003357784239992944, "JSD": 0.22419856897340662, "Precision": 0.4858858063701891, "Recall": 0.5877523851786111, "F1-Score": 0.504657419714062, "ROC AUC": 0.5598952053276993, "Accuracy": 0.5877523851786111, "MEAPE-mu": 25.73613811209996, "MEAPE-std": 0.36386130653441046, "_runtime": 2, "_timestamp": 1645771286, "_step": 0, "_wandb": {"runtime": 4}}