{"MAE": 26.846136852616336, "MRAE": 0.5921012703883448, "R^2-Score": 0.06186075625604803, "MEAPE-mu": 0.2278043649393037, "MEAPE-std": 0.19953920761736876, "RMSE": 33.30372193410503, "JSD": 0.17266095966925402, "_runtime": 7718, "_timestamp": 1646499062, "_step": 0, "_wandb": {"runtime": 7718}}