{"ARI": 0.5360343688145313, "NMI": 0.4022199565625223, "JSD": 0.14258365155246197, "Precision": 0.8518675447506034, "Recall": 0.8544652701212789, "F1-Score": 0.8501492617577389, "ROC AUC": 0.8822832998387308, "Accuracy": 0.8544652701212789, "MEAPE-mu": 3.6070453970556, "MEAPE-std": 1.3412457764500512, "_runtime": 8, "_timestamp": 1654103191, "_step": 0, "_wandb": {"runtime": 9}}