{"MAE": 21.887910430850727, "RMSE": 28.250532207614608, "MRAE": 0.38289330626997103, "JSD": 0.12646702275069366, "R^2-Score": 0.367426234179258, "MEAPE-mu": 0.5203488975712238, "MEAPE-std": 0.37699662374075593, "_runtime": 280, "_timestamp": 1645238252, "_step": 0, "_wandb": {"runtime": 281}}