{"ARI": 0.0, "NMI": 0.0, "JSD": 0.17878432623971877, "Precision": 0.49, "Recall": 0.7, "F1-Score": 0.5764705882352941, "ROC AUC": 0.6820450885668277, "Accuracy": 0.7, "MEAPE-mu": 34.342136727763, "MEAPE-std": 6.497321248400632, "_runtime": 21, "_timestamp": 1645475153, "_step": 0, "_wandb": {"runtime": 21}}