{"ARI": -0.024260175898115403, "NMI": 0.020137523732513058, "JSD": 0.22467033848824786, "Precision": 0.4595945678340865, "Recall": 0.5826048369203461, "F1-Score": 0.49211154731140033, "ROC AUC": 0.5888520522684808, "Accuracy": 0.5826048369203461, "MEAPE-mu": 27.74370905669672, "MEAPE-std": 0.33238790761973935, "_runtime": 5, "_timestamp": 1646916524, "_step": 0, "_wandb": {"runtime": 5}}