{"MAE": 25.43405194819443, "MRAE": 0.9849557432829666, "R^2-Score": 0.27889931689586167, "MEAPE-mu": 11.874056057376501, "MEAPE-std": 8.25834943653876, "RMSE": 31.935458786616714, "JSD": 0.17350676557580563, "_runtime": 5, "_timestamp": 1646310608, "_step": 0, "_wandb": {"runtime": 4}}