{"ARI": -0.054574203749717644, "NMI": 0.05770974515664698, "JSD": 0.30855496626641593, "Precision": 0.5247311827956989, "Recall": 0.3225806451612903, "F1-Score": 0.35926628716002534, "Accuracy": 0.3225806451612903, "MEAPE-mu": 14.57787347065478, "MEAPE-std": 8.797348955318254, "_runtime": 3, "_timestamp": 1645623582, "_step": 0, "_wandb": {"runtime": 4}}