{"MAE": 0.15835721046942347, "MRAE": 0.0027239892987268727, "R^2-Score": 0.9999439851415083, "MEAPE-mu": 0.003441644904176079, "MEAPE-std": 0.002194628388943427, "RMSE": 0.2588506671765023, "JSD": 0.0013393990226008312, "_runtime": 3405, "_timestamp": 1647505430, "_step": 0, "_wandb": {"runtime": 3406}}