{"MAE": 25.501737567575564, "RMSE": 32.48938521677576, "MRAE": 0.47389428259008526, "JSD": Infinity, "R^2-Score": 0.20385455407886433, "MEAPE-mu": 0.5680642613715867, "MEAPE-std": 0.3961482139413178, "_runtime": 2, "_timestamp": 1645192482, "_step": 0, "_wandb": {"runtime": 3}}