{"ARI": 0.13629892767677626, "NMI": 0.06838465136814412, "JSD": 0.2044053486960781, "Precision": 0.7134870690243905, "Recall": 0.732874993727104, "F1-Score": 0.6901801923570614, "ROC AUC": 0.8389701861916318, "Accuracy": 0.732874993727104, "MEAPE-mu": 22.718514993229302, "MEAPE-std": 0.377050757013152, "_runtime": 8, "_timestamp": 1646929097, "_step": 0, "_wandb": {"runtime": 9}}