{"MAE": 23.75883074535533, "MRAE": 0.360254604687365, "R^2-Score": 0.05054674797624148, "MEAPE-mu": 5.042770629093254, "MEAPE-std": 3.5878264035758285, "RMSE": 30.49418154046541, "JSD": 0.13338768529383146, "_runtime": 2, "_timestamp": 1646303891, "_step": 0, "_wandb": {"runtime": 3}}