{"MAE": 23.41962412427041, "RMSE": 28.51469421503393, "MRAE": 0.3774607833686114, "JSD": 0.12575857907114427, "R^2-Score": 0.3802546926278859, "MEAPE-mu": 4.999166904572553, "MEAPE-std": 3.8099948299975512, "_runtime": 2, "_timestamp": 1645185555, "_step": 0, "_wandb": {"runtime": 3}}