{"ARI": 0.3389652075408109, "NMI": 0.23635143819623985, "JSD": 0.17555309736098215, "Precision": 0.7451021925149626, "Recall": 0.750654537386288, "F1-Score": 0.742130659321841, "ROC AUC": 0.8692370567100305, "Accuracy": 0.750654537386288, "MEAPE-mu": 6.01456967435256, "MEAPE-std": 0.32908781658156727, "_runtime": 1002, "_timestamp": 1652630264, "_step": 0, "_wandb": {"runtime": 1003}}