{"MAE": 24.35173575556925, "RMSE": 28.936080220660905, "MRAE": 0.4014413575774784, "JSD": Infinity, "R^2-Score": 0.21199167307461864, "MEAPE-mu": 5.002592837826017, "MEAPE-std": 0.41504728917742006, "_runtime": 4, "_timestamp": 1645532072, "_step": 0, "_wandb": {"runtime": 5}}