{"MAE": 19.11826891865741, "MRAE": 0.2942857727416957, "R^2-Score": 0.3205881707723083, "MEAPE-mu": 6.703891886874994, "MEAPE-std": 4.778041398092993, "RMSE": 24.95532516393152, "JSD": 0.10511079191620504, "_runtime": 3, "_timestamp": 1646308272, "_step": 0, "_wandb": {"runtime": 4}}