{"MAE": 31.088717431003023, "MRAE": 0.6225168370438708, "R^2-Score": 0.06615811490932799, "MEAPE-mu": 2.973065078033585, "MEAPE-std": 0.3651102035881061, "RMSE": 37.079934011431725, "JSD": Infinity, "_runtime": 2, "_timestamp": 1645985832, "_step": 0, "_wandb": {"runtime": 3}}