{"MAE": 32.30955574057077, "MRAE": 0.9423937103944358, "R^2-Score": 0.041274840724574435, "MEAPE-mu": 6.358036577129167, "MEAPE-std": 0.4459555422967934, "RMSE": 39.4153751729458, "JSD": Infinity, "_runtime": 3, "_timestamp": 1645985824, "_step": 0, "_wandb": {"runtime": 4}}