{"MAE": 27.172677922750236, "MRAE": 0.5722939237487812, "R^2-Score": 0.276830337776204, "MEAPE-mu": 5.854799632042131, "MEAPE-std": 4.423305823500394, "RMSE": 33.21697262023011, "JSD": 0.16757569850540158, "_runtime": 3, "_timestamp": 1646303939, "_step": 0, "_wandb": {"runtime": 4}}