{"ARI": -0.04501963385777105, "NMI": 0.04487926048117294, "JSD": 0.18995566543602554, "Precision": 0.7946907584712333, "Recall": 0.3492071457246086, "F1-Score": 0.23593128366511992, "ROC AUC": 0.7628445657940894, "Accuracy": 0.3492071457246086, "MEAPE-mu": 81.30282872617461, "MEAPE-std": 0.6534709172185397, "_runtime": 4, "_timestamp": 1646914187, "_step": 0, "_wandb": {"runtime": 5}}