{"MAE": 28.13538939427557, "MRAE": 0.5482744603628026, "R^2-Score": -0.03599867184204508, "MEAPE-mu": 0.61310529569058, "MEAPE-std": 0.3355202621454817, "RMSE": 35.48517888595188, "JSD": 0.1779977283966136, "_runtime": 3, "_timestamp": 1645989639, "_step": 0, "_wandb": {"runtime": 4}}