{"MAE": 25.289787628388762, "MRAE": 0.5159536195287291, "R^2-Score": 0.24600129521939218, "MEAPE-mu": 1.3422256951071427, "MEAPE-std": 0.5529741811364942, "RMSE": 33.823235835330884, "JSD": Infinity, "_runtime": 2, "_timestamp": 1645985264, "_step": 0, "_wandb": {"runtime": 3}}