{"ARI": 0.1628790812847305, "NMI": 0.07873538142778364, "JSD": 0.1941619304069894, "Precision": 0.6987695403979439, "Recall": 0.7224348459996355, "F1-Score": 0.6736579212596142, "ROC AUC": 0.7227906362158715, "Accuracy": 0.7224348459996355, "MEAPE-mu": 18.79948543018998, "MEAPE-std": 0.6694148438247473, "_runtime": 89, "_timestamp": 1645507848, "_step": 0, "_wandb": {"runtime": 91}}