{"MAE": 30.0874956255713, "MRAE": 0.4281954531775038, "R^2-Score": 0.1122705395102559, "MEAPE-mu": 12.331332534327709, "MEAPE-std": 5.97039042482392, "RMSE": 39.00476904728505, "JSD": 0.15101809972143695, "_runtime": 3, "_timestamp": 1646310595, "_step": 0, "_wandb": {"runtime": 4}}