{"MAE": 24.09326029603265, "RMSE": 29.97885460553244, "MRAE": 0.48202443215467133, "JSD": 0.13429512413394618, "R^2-Score": 0.3224836774101417, "MEAPE-mu": 5.405875754927962, "MEAPE-std": 0.5679193897263253, "_runtime": 58, "_timestamp": 1645389690, "_step": 0, "_wandb": {"runtime": 58}}