{"ARI": 0.7522001252691553, "NMI": 0.6458672557723277, "JSD": 0.10046249590327441, "Precision": 0.927502067354677, "Recall": 0.9272326350606395, "F1-Score": 0.9262082246616682, "ROC AUC": 0.9750390176758166, "Accuracy": 0.9272326350606395, "MEAPE-mu": 1.5135480362110818, "MEAPE-std": 0.9772203398494228, "_runtime": 192, "_timestamp": 1654218005, "_step": 0, "_wandb": {"runtime": 192}}