{"ARI": 0.17404033485897086, "NMI": 0.07275762560167721, "JSD": 0.21372529176250454, "Precision": 0.7368822425309438, "Recall": 0.7397476340694006, "F1-Score": 0.7382628749173157, "ROC AUC": 0.7736180409663865, "Accuracy": 0.7397476340694006, "MEAPE-mu": 1.3019508830956381, "MEAPE-std": 0.7570383409607625, "_runtime": 3, "_timestamp": 1645785681, "_step": 0, "_wandb": {"runtime": 4}}