{"MAE": 20.577014218009477, "MRAE": 0.373026806355754, "R^2-Score": 0.4514896345795393, "MEAPE-mu": 0.4415051174877355, "MEAPE-std": 0.3200863573033867, "RMSE": 26.478650413590163, "JSD": Infinity, "_runtime": 2, "_timestamp": 1646316762, "_step": 0, "_wandb": {"runtime": 4}}