{"MAE": 28.98013566995551, "MRAE": 0.49309991238258044, "R^2-Score": 0.2681695931757375, "MEAPE-mu": 4.396966344081452, "MEAPE-std": 0.6219871863354726, "RMSE": 37.829563714861536, "JSD": Infinity, "_runtime": 3, "_timestamp": 1645985281, "_step": 0, "_wandb": {"runtime": 4}}