{"MAE": 12.265585125774699, "MRAE": 0.23703249464642476, "R^2-Score": 0.7273645198772437, "MEAPE-mu": 1.696315367429924, "MEAPE-std": 0.28415315677462133, "RMSE": 18.766122974420373, "JSD": 0.0884892881345737, "_runtime": 107, "_timestamp": 1646358579, "_step": 0, "_wandb": {"runtime": 108}}