{"ARI": 0.45968527193536385, "NMI": 0.3582141807045385, "JSD": 0.1531204531072741, "Precision": 0.8084202667579116, "Recall": 0.8085200798757488, "F1-Score": 0.8033648570962654, "ROC AUC": 0.872907296878324, "Accuracy": 0.8085200798757488, "MEAPE-mu": 4.04018780677489, "MEAPE-std": 0.30687200251075, "_runtime": 1968, "_timestamp": 1647264372, "_step": 0, "_wandb": {"runtime": 1968}}