{"MAE": 21.654382313812143, "MRAE": 0.4254902809572611, "R^2-Score": 0.42791833814316305, "MEAPE-mu": 1.0677814623794961, "MEAPE-std": 0.4641682014213474, "RMSE": 26.889291888671515, "JSD": 0.12609606026112855, "_runtime": 12, "_timestamp": 1646320218, "_step": 0, "_wandb": {"runtime": 13}}