{"MAE": 9.132421036781611, "MRAE": 0.19482677844571525, "R^2-Score": 0.8118862474201008, "MEAPE-mu": 0.11592028686415187, "MEAPE-std": 0.09108251904181135, "RMSE": 14.926224843181508, "JSD": Infinity, "_runtime": 13546, "_timestamp": 1650326790, "_step": 0, "_wandb": {"runtime": 13548}}