{"ARI": 0.02843578307399664, "NMI": 0.0256607006213876, "JSD": 0.17924660724718083, "Precision": 0.6665495539032407, "Recall": 0.7028800583302953, "F1-Score": 0.5941253390215555, "ROC AUC": 0.6972043420530359, "Accuracy": 0.7028800583302953, "MEAPE-mu": 32.8779382938131, "MEAPE-std": 0.5327866531514379, "_runtime": 5, "_timestamp": 1646919802, "_step": 0, "_wandb": {"runtime": 5}}