{"ARI": 0.9980049279002284, "NMI": 0.9945409406844326, "JSD": 0.009064028452516368, "Precision": 0.9994231313844523, "Recall": 0.9994231195917461, "F1-Score": 0.9994231058429033, "ROC AUC": 0.9994493857036499, "Accuracy": 0.9994231195917461, "MEAPE-mu": 0.017173529689916832, "MEAPE-std": 0.012849370009220977, "_runtime": 100, "_timestamp": 1648770715, "_step": 0, "_wandb": {"runtime": 101}}