{"MAE": 22.95672392869073, "MRAE": 0.5544454155071254, "R^2-Score": 0.24909098221717885, "MEAPE-mu": 3.486794650830062, "MEAPE-std": 0.27745019482737865, "RMSE": 29.820150992978125, "JSD": 0.15908480927555713, "_runtime": 7, "_timestamp": 1648646710, "_step": 0, "_wandb": {"runtime": 7}}