{"MAE": 27.023500746410214, "MRAE": 0.544633792236293, "R^2-Score": 0.2522470365030711, "MEAPE-mu": 3.6535504770629657, "MEAPE-std": 0.26205569834066106, "RMSE": 33.180379537376524, "JSD": Infinity, "_runtime": 5, "_timestamp": 1647002530, "_step": 0, "_wandb": {"runtime": 6}}