{"MAE": 28.26592081896762, "MRAE": 0.6933439942790295, "R^2-Score": 0.011470472303001245, "MEAPE-mu": 10.534621624620375, "MEAPE-std": 0.35643620818876537, "RMSE": 34.18440076052093, "JSD": 0.17382587016342654, "_runtime": 11, "_timestamp": 1645991754, "_step": 0, "_wandb": {"runtime": 12}}