{"ARI": 0.09464291294711684, "NMI": 0.041601770637101194, "JSD": 0.20770481970200044, "Precision": 0.5805727690007139, "Recall": 0.5358331484357666, "F1-Score": 0.5366961239555145, "ROC AUC": 0.6495608024313956, "Accuracy": 0.5358331484357666, "MEAPE-mu": 7.134772012644018, "MEAPE-std": 0.40731405550877353, "_runtime": 5, "_timestamp": 1646930775, "_step": 0, "_wandb": {"runtime": 5}}