{"ARI": 0.00966507137563571, "NMI": 0.0005340921375590825, "JSD": Infinity, "Precision": 0.6350831364860609, "Recall": 0.626577287066246, "F1-Score": 0.6306754990067521, "ROC AUC": 0.5058186545979151, "Accuracy": 0.626577287066246, "MEAPE-mu": 6.80967186152749, "MEAPE-std": 2.801790712419729, "_runtime": 18, "_timestamp": 1653730938, "_step": 0, "_wandb": {"runtime": 19}}