{"ARI": 0.06502490315439956, "NMI": 0.16551674001289918, "JSD": 0.20972077797702204, "Precision": 0.6669354838709678, "Recall": 0.6129032258064516, "F1-Score": 0.6087359160364255, "ROC AUC": 0.6609504387591152, "Accuracy": 0.6129032258064516, "MEAPE-mu": 30.86989067635633, "MEAPE-std": 14.008397846802755, "_runtime": 5, "_timestamp": 1646931866, "_step": 0, "_wandb": {"runtime": 5}}