{"ARI": 0.04229839346816824, "NMI": 0.06956728545477138, "JSD": 0.19366565407423156, "Precision": 0.6472673275003415, "Recall": 0.6168626580874196, "F1-Score": 0.5147172902042417, "ROC AUC": 0.728265448976387, "Accuracy": 0.6168626580874196, "MEAPE-mu": 34.40622401209141, "MEAPE-std": 0.26254363738066755, "_runtime": 8709, "_timestamp": 1648162856, "_step": 0, "_wandb": {"runtime": 8708}}