{"MAE": 0.005339553823442345, "MRAE": 5.2651256011677015e-05, "R^2-Score": 0.9999672809653569, "MEAPE-mu": 0.001548837446826231, "MEAPE-std": 0.0011355499156527331, "RMSE": 0.195533900474457, "JSD": 0.0008380057991045597, "_runtime": 4832, "_timestamp": 1648372203, "_step": 0, "_wandb": {"runtime": 4832}}