{"MAE": 26.661905304073056, "MRAE": 0.5949465866743459, "R^2-Score": 0.0763197909218617, "MEAPE-mu": 0.249471031751518, "MEAPE-std": 0.178340900901069, "RMSE": 33.14588632803531, "JSD": Infinity, "_runtime": 4788, "_timestamp": 1651319918, "_step": 0, "_wandb": {"runtime": 4788}}