{"ARI": 0.6034647820376866, "NMI": 0.4774232095112051, "JSD": 0.12508763369776546, "Precision": 0.8811715071174807, "Recall": 0.8765949690120306, "F1-Score": 0.8670528782535907, "ROC AUC": 0.9475824690687449, "Accuracy": 0.8765949690120306, "MEAPE-mu": 8.857466512691667, "MEAPE-std": 0.4656147527532667, "_runtime": 1100, "_timestamp": 1646930273, "_step": 0, "_wandb": {"runtime": 1101}}