{"MAE": 27.381773962909367, "MRAE": 0.4964537994886879, "R^2-Score": 0.33165423305132646, "MEAPE-mu": 0.9164685218392792, "MEAPE-std": 0.5345013769827137, "RMSE": 35.31621740469355, "JSD": 0.14844588034471864, "_runtime": 10, "_timestamp": 1645989289, "_step": 0, "_wandb": {"runtime": 11}}