{"ARI": 0.17900272024284408, "NMI": 0.0979039390682835, "JSD": 0.19040799290240096, "Precision": 0.740586468835959, "Recall": 0.7364939360529217, "F1-Score": 0.6903006477215432, "ROC AUC": 0.7680289404634992, "Accuracy": 0.7364939360529217, "MEAPE-mu": 16.566079270267092, "MEAPE-std": 1.7076085881025935, "_runtime": 57, "_timestamp": 1654286871, "_step": 0, "_wandb": {"runtime": 58}}