{"ARI": -0.001306324159295126, "NMI": 0.00037404234971780554, "JSD": Infinity, "Precision": 0.5909151075696142, "Recall": 0.749211356466877, "F1-Score": 0.6433446460746305, "ROC AUC": 0.5185197644032057, "Accuracy": 0.749211356466877, "MEAPE-mu": 98.93124966911356, "MEAPE-std": 4.920879445350156, "_runtime": 3, "_timestamp": 1653905452, "_step": 0, "_wandb": {"runtime": 3}}