{"MAE": 31.53906379249595, "MRAE": 0.6656862556660534, "R^2-Score": 0.06389904043669792, "MEAPE-mu": 2.0735591440606385, "MEAPE-std": 0.3664812693457327, "RMSE": 37.41539966871297, "JSD": Infinity, "_runtime": 3, "_timestamp": 1645989357, "_step": 0, "_wandb": {"runtime": 4}}