{"ARI": 0.2996629830375882, "NMI": 0.19007482183776359, "JSD": 0.17279965422406834, "Precision": 0.7318598306772638, "Recall": 0.772877618522602, "F1-Score": 0.744019754373439, "ROC AUC": 0.7827773325243802, "Accuracy": 0.772877618522602, "MEAPE-mu": 9.788492235306343, "MEAPE-std": 1.6318864148802523, "_runtime": 84, "_timestamp": 1654172466, "_step": 0, "_wandb": {"runtime": 84}}