{"MAE": 27.118146059485518, "MRAE": 0.4597933249971528, "R^2-Score": 0.29310178209614535, "MEAPE-mu": 10.24818360960443, "MEAPE-std": 5.408582623811611, "RMSE": 33.720758456324816, "JSD": 0.14191419831872035, "_runtime": 3, "_timestamp": 1646307028, "_step": 0, "_wandb": {"runtime": 4}}