{"ARI": 0.13187282666737396, "NMI": 0.0637844248511444, "JSD": 0.19776244736985227, "Precision": 0.6452938249201232, "Recall": 0.7177508269018743, "F1-Score": 0.666394860421436, "ROC AUC": 0.7018138177097888, "Accuracy": 0.7177508269018743, "MEAPE-mu": 18.175568431778107, "MEAPE-std": 1.6166635073526525, "_runtime": 4, "_timestamp": 1654269811, "_step": 0, "_wandb": {"runtime": 6}}