{"ARI": -0.04460179347186521, "NMI": 0.02748407342915043, "JSD": 0.23964241343453663, "Precision": 0.43354144973927533, "Recall": 0.5549145773241624, "F1-Score": 0.47449118849628624, "ROC AUC": 0.6255849164322168, "Accuracy": 0.5549145773241624, "MEAPE-mu": 24.475985729345776, "MEAPE-std": 0.3776266164992221, "_runtime": 3, "_timestamp": 1645789087, "_step": 0, "_wandb": {"runtime": 4}}