{"ARI": 0.07225964482547459, "NMI": 0.0770578818255809, "JSD": 0.23521341045147948, "Precision": 0.6138888888888889, "Recall": 0.6, "F1-Score": 0.6055284552845528, "ROC AUC": 0.5349378881987579, "Accuracy": 0.6, "MEAPE-mu": 11.94253474071855, "MEAPE-std": 8.944105170571921, "_runtime": 3, "_timestamp": 1645464074, "_step": 0, "_wandb": {"runtime": 4}}