{"MAE": 25.375975065978164, "MRAE": 0.5003458750957164, "R^2-Score": 0.1485314886389013, "MEAPE-mu": 13.184997522423073, "MEAPE-std": 7.75823809325689, "RMSE": 32.92580492846645, "JSD": 0.14698421127032227, "_runtime": 3, "_timestamp": 1646306356, "_step": 0, "_wandb": {"runtime": 4}}