{"MAE": 30.22337130775702, "MRAE": 0.5994238249626711, "R^2-Score": 0.12122679568413097, "MEAPE-mu": 7.42044617854124, "MEAPE-std": 5.125148396046771, "RMSE": 39.13666866529572, "JSD": 0.17388687655614923, "_runtime": 4, "_timestamp": 1646306206, "_step": 0, "_wandb": {"runtime": 4}}