{"ARI": 0.13897304201206534, "NMI": 0.06826350152225506, "JSD": 0.19468355019748948, "Precision": 0.7113871349121429, "Recall": 0.7182431201020594, "F1-Score": 0.6626433375782177, "ROC AUC": 0.7236962145080258, "Accuracy": 0.7182431201020594, "MEAPE-mu": 20.139627665979937, "MEAPE-std": 0.6491053470295672, "_runtime": 217, "_timestamp": 1645521261, "_step": 0, "_wandb": {"runtime": 217}}