{"ARI": 0.1113075905009296, "NMI": 0.02623031312540345, "JSD": 0.21216731144678255, "Precision": 0.6134397331939045, "Recall": 0.6601057043921997, "F1-Score": 0.6267082499174844, "ROC AUC": 0.6660499470163671, "Accuracy": 0.6601057043921997, "MEAPE-mu": 14.883420709548052, "MEAPE-std": 0.81145863790263, "_runtime": 3, "_timestamp": 1645474739, "_step": 0, "_wandb": {"runtime": 4}}