{"ARI": 0.07569934889896011, "NMI": 0.07574798227374782, "JSD": 0.1752550541792841, "Precision": 0.7799907358805198, "Recall": 0.7198323004010208, "F1-Score": 0.6276934171515189, "ROC AUC": 0.773691653176963, "Accuracy": 0.7198323004010208, "MEAPE-mu": 30.797701125047226, "MEAPE-std": 0.49917184729157166, "_runtime": 3, "_timestamp": 1645786371, "_step": 0, "_wandb": {"runtime": 4}}