{"ARI": 0.01949281367327257, "NMI": 0.03420711265968661, "JSD": 0.18621058407476707, "Precision": 0.639186359837273, "Recall": 0.6181495451519858, "F1-Score": 0.4976066701160493, "ROC AUC": 0.625756732722961, "Accuracy": 0.6181495451519858, "MEAPE-mu": 36.849907703641726, "MEAPE-std": 0.24418712387945926, "_runtime": 2, "_timestamp": 1645771328, "_step": 0, "_wandb": {"runtime": 4}}