{"MAE": 21.486345296230482, "MRAE": 0.4064130865242538, "R^2-Score": 0.45684110288809787, "MEAPE-mu": 0.8153718734988886, "MEAPE-std": 0.3928637310497981, "RMSE": 26.949709517982203, "JSD": 0.12383372816001458, "_runtime": 8, "_timestamp": 1646320233, "_step": 0, "_wandb": {"runtime": 10}}