{"ARI": -0.004152823920265781, "NMI": 0.1308533981963874, "JSD": 0.43594387543112384, "Precision": 0.45161290322580644, "Recall": 0.1935483870967742, "F1-Score": 0.2709677419354839, "Accuracy": 0.1935483870967742, "MEAPE-mu": 41.724801523722334, "MEAPE-std": 11.141310062178043, "_runtime": 4, "_timestamp": 1645616905, "_step": 0, "_wandb": {"runtime": 4}}