{"ARI": 0.0, "NMI": 0.0, "JSD": 0.1777606966275011, "Precision": 0.49015436717239064, "Recall": 0.7001102535832414, "F1-Score": 0.5766148002922936, "ROC AUC": 0.7174990377139907, "Accuracy": 0.7001102535832414, "MEAPE-mu": 34.39383617221028, "MEAPE-std": 1.2001829861051552, "_runtime": 2, "_timestamp": 1654269084, "_step": 0, "_wandb": {"runtime": 4}}