{"ARI": 0.09238776837996096, "NMI": 0.11016439952260915, "JSD": 0.17214572985488602, "Precision": 0.7402298850574713, "Recall": 0.7333333333333333, "F1-Score": 0.6463333333333333, "ROC AUC": 0.7271336553945249, "Accuracy": 0.7333333333333333, "MEAPE-mu": 28.819778910790696, "MEAPE-std": 7.67688159548951, "_runtime": 6, "_timestamp": 1646943112, "_step": 0, "_wandb": {"runtime": 6}}