{"ARI": 0.0829199328780449, "NMI": 0.03354621585518923, "JSD": 0.19631109726577706, "Precision": 0.7170623277692155, "Recall": 0.7574921135646687, "F1-Score": 0.6943218437378836, "ROC AUC": 0.7057080446893947, "Accuracy": 0.7574921135646687, "MEAPE-mu": 25.893528604963272, "MEAPE-std": 0.6816403344448482, "_runtime": 2, "_timestamp": 1645452547, "_step": 0, "_wandb": {"runtime": 3}}