{"ARI": 0.09047250089134908, "NMI": 0.07303442312847322, "JSD": 0.23657541441787944, "Precision": 0.5993125256983657, "Recall": 0.5840320816624134, "F1-Score": 0.5903153218760911, "ROC AUC": 0.5470889543718401, "Accuracy": 0.5840320816624134, "MEAPE-mu": 2.39382400336366, "MEAPE-std": 1.0733900675309078, "_runtime": 2, "_timestamp": 1645786771, "_step": 0, "_wandb": {"runtime": 4}}