{"ARI": -0.006324889251058181, "NMI": 0.06227102333377659, "JSD": 0.22516731024374784, "Precision": 0.533950283569726, "Recall": 0.5615265143110717, "F1-Score": 0.5281736659958006, "ROC AUC": 0.5737804425089248, "Accuracy": 0.5615265143110717, "MEAPE-mu": 18.78666532770451, "MEAPE-std": 0.3869269214768121, "_runtime": 228, "_timestamp": 1647633409, "_step": 0, "_wandb": {"runtime": 228}}