{"MAE": 15.217236611560692, "RMSE": 23.35912172617265, "MRAE": 0.20181903235301255, "JSD": 0.09490386777183969, "R^2-Score": 0.49724419295980093, "MEAPE-mu": 5.461967997714529, "MEAPE-std": 3.894534333745655, "_runtime": 1, "_timestamp": 1645116320, "_step": 0, "_wandb": {"runtime": 3}}