{"MAE": 22.177639237468576, "RMSE": 27.484981380391805, "MRAE": 0.3496247601737118, "JSD": 0.1165004128974604, "R^2-Score": 0.39441238679656065, "MEAPE-mu": 4.989587890500333, "MEAPE-std": 4.284883797713627, "_runtime": 4, "_timestamp": 1645483318, "_step": 0, "_wandb": {"runtime": 4}}