{"ARI": 0.11433069946603798, "NMI": 0.09548186745510681, "JSD": 0.20948033320040985, "Precision": 0.6051458830024875, "Recall": 0.5810960727756823, "F1-Score": 0.5861588391402727, "ROC AUC": 0.6764132785015471, "Accuracy": 0.5810960727756823, "MEAPE-mu": 12.202228407614477, "MEAPE-std": 0.4356801543794526, "_runtime": 6, "_timestamp": 1646915826, "_step": 0, "_wandb": {"runtime": 5}}