{"MAE": 19.443801810081162, "MRAE": 0.34691514254236056, "R^2-Score": 0.4889590363699361, "MEAPE-mu": 0.39862643559895156, "MEAPE-std": 0.27661208066019505, "RMSE": 25.344080642049096, "JSD": Infinity, "_runtime": 4, "_timestamp": 1646485002, "_step": 0, "_wandb": {"runtime": 4}}