{"ARI": 0.710297987757377, "NMI": 0.5841760753621756, "JSD": 0.10335219003060202, "Precision": 0.9097683705612694, "Recall": 0.9117971334068358, "F1-Score": 0.9089573966582225, "ROC AUC": 0.9581326130759659, "Accuracy": 0.9117971334068358, "MEAPE-mu": 2.5018824633744723, "MEAPE-std": 0.9751682743162146, "_runtime": 6, "_timestamp": 1654102481, "_step": 0, "_wandb": {"runtime": 6}}