{"ARI": -0.041827197237847, "NMI": 0.04511154609840778, "JSD": 0.1752519806462789, "Precision": 0.7088871148624233, "Recall": 0.2750832039050366, "F1-Score": 0.13097204923398084, "ROC AUC": 0.6401926137427417, "Accuracy": 0.2750832039050366, "MEAPE-mu": 77.41163756483763, "MEAPE-std": 0.6172997376271382, "_runtime": 3, "_timestamp": 1645788896, "_step": 0, "_wandb": {"runtime": 4}}