{"ARI": 0.07423208191126279, "NMI": 0.09708078739550755, "JSD": 0.17630868649631531, "Precision": 0.732258064516129, "Recall": 0.7096774193548387, "F1-Score": 0.6152224330592452, "ROC AUC": 0.5958843159065629, "Accuracy": 0.7096774193548387, "MEAPE-mu": 31.2981207160631, "MEAPE-std": 7.997760002671052, "_runtime": 2, "_timestamp": 1645453919, "_step": 0, "_wandb": {"runtime": 3}}