{"ARI": 0.13237298765348934, "NMI": 0.058040106812928274, "JSD": 0.19606765663550535, "Precision": 0.674922794950025, "Recall": 0.7140513942044833, "F1-Score": 0.6569457187475911, "ROC AUC": 0.7067191198188361, "Accuracy": 0.7140513942044833, "MEAPE-mu": 20.354436255958287, "MEAPE-std": 0.7435396445448545, "_runtime": 240, "_timestamp": 1645495526, "_step": 0, "_wandb": {"runtime": 242}}