{"ARI": 0.0732808706283835, "NMI": 0.12147708322332348, "JSD": 0.20473771079823463, "Precision": 0.5842844054059678, "Recall": 0.6082982027956512, "F1-Score": 0.5820093282644007, "ROC AUC": 0.6536389157733553, "Accuracy": 0.6082982027956512, "MEAPE-mu": 15.434552550647204, "MEAPE-std": 0.3333145847830323, "_runtime": 41, "_timestamp": 1645794212, "_step": 0, "_wandb": {"runtime": 41}}