{"MAE": 20.845424191463948, "MRAE": 0.3489482432393025, "R^2-Score": 0.4223899516407611, "MEAPE-mu": 1.8001196258386734, "MEAPE-std": 0.5090316728255925, "RMSE": 27.07779520749485, "JSD": 0.12082218720582774, "_runtime": 169, "_timestamp": 1646515863, "_step": 0, "_wandb": {"runtime": 170}}