{"MAE": 23.826953907775533, "MRAE": 0.3893066689269432, "R^2-Score": 0.3334114002112202, "MEAPE-mu": 5.494839791195683, "MEAPE-std": 4.299795909768355, "RMSE": 29.57270398503608, "JSD": 0.12997721851485725, "_runtime": 4, "_timestamp": 1646306971, "_step": 0, "_wandb": {"runtime": 4}}