{"ARI": 0.20484458354981336, "NMI": 0.12857232568809426, "JSD": 0.19111494569554097, "Precision": 0.6674688551133408, "Recall": 0.6902152207676947, "F1-Score": 0.6645225572695794, "ROC AUC": 0.7968138717522117, "Accuracy": 0.6902152207676947, "MEAPE-mu": 11.846867035352158, "MEAPE-std": 0.33454800327702666, "_runtime": 9, "_timestamp": 1645807635, "_step": 0, "_wandb": {"runtime": 9}}