{"MAE": 19.76396784416197, "MRAE": 0.4139552719336298, "R^2-Score": 0.4414429512607604, "MEAPE-mu": 0.3915913196045188, "MEAPE-std": 0.2322576530031277, "RMSE": 25.595642482329147, "JSD": Infinity, "_runtime": 6, "_timestamp": 1647019225, "_step": 0, "_wandb": {"runtime": 6}}