{"MAE": 24.777709625243542, "RMSE": 31.51793049147755, "MRAE": 0.455849629920075, "JSD": Infinity, "R^2-Score": 0.23862402063042387, "MEAPE-mu": 0.43694915171376836, "MEAPE-std": 0.27776600967133713, "_runtime": 4, "_timestamp": 1645387950, "_step": 0, "_wandb": {"runtime": 4}}