{"MAE": 20.818156052839118, "MRAE": 0.3886679366680017, "R^2-Score": 0.42717802782527936, "MEAPE-mu": 0.6306736524559969, "MEAPE-std": 0.3981076756239719, "RMSE": 26.93591721277336, "JSD": Infinity, "_runtime": 3, "_timestamp": 1646317273, "_step": 0, "_wandb": {"runtime": 4}}