{"ARI": 0.07343843682365317, "NMI": 0.106800940111636, "JSD": 0.20064732307641672, "Precision": 0.5416759214679451, "Recall": 0.3920124251164855, "F1-Score": 0.4140347227947946, "ROC AUC": 0.6844453536608356, "Accuracy": 0.3920124251164855, "MEAPE-mu": 23.787468431127945, "MEAPE-std": 0.42470616383247667, "_runtime": 6, "_timestamp": 1646916257, "_step": 0, "_wandb": {"runtime": 6}}