{"MAE": 16.509032848828532, "MRAE": 0.28938632209660753, "R^2-Score": 0.588215428225211, "MEAPE-mu": 0.8875232358347338, "MEAPE-std": 0.38558870209589435, "RMSE": 23.091752601046743, "JSD": Infinity, "_runtime": 163, "_timestamp": 1646532818, "_step": 0, "_wandb": {"runtime": 163}}