{"ARI": 0.4507553346916367, "NMI": 0.34912990410245603, "JSD": 0.1546038248480559, "Precision": 0.8039522497356575, "Recall": 0.804481917017972, "F1-Score": 0.7993778015451205, "ROC AUC": 0.8690541124107, "Accuracy": 0.804481917017972, "MEAPE-mu": 3.7247056260936704, "MEAPE-std": 0.27713706078812267, "_runtime": 1980, "_timestamp": 1647270315, "_step": 0, "_wandb": {"runtime": 1979}}