{"MAE": 0.06756157088972709, "MRAE": 0.0007759257016760927, "R^2-Score": 0.9992034369326176, "MEAPE-mu": 0.021590689893764215, "MEAPE-std": 0.008201201812293253, "RMSE": 0.9673078572988545, "JSD": 0.004253858436896015, "_runtime": 48, "_timestamp": 1649098607, "_step": 0, "_wandb": {"runtime": 48}}