{"ARI": 0.005138211563292729, "NMI": 0.07048053662481424, "JSD": 0.23796953596046383, "Precision": 0.525014604091533, "Recall": 0.5390725538051919, "F1-Score": 0.5308952891321661, "ROC AUC": 0.5341413206594613, "Accuracy": 0.5390725538051919, "MEAPE-mu": 4.378064820981124, "MEAPE-std": 0.47016220294743166, "_runtime": 227, "_timestamp": 1647632926, "_step": 0, "_wandb": {"runtime": 228}}