{"ARI": -0.07402254069848337, "NMI": 0.030532491223914684, "JSD": 0.24828178849735616, "Precision": 0.4880893300248139, "Recall": 0.5806451612903226, "F1-Score": 0.5276824525280256, "ROC AUC": 0.5828341013824885, "Accuracy": 0.5806451612903226, "MEAPE-mu": 16.268361723286922, "MEAPE-std": 9.706096459502765, "_runtime": 5, "_timestamp": 1646933840, "_step": 0, "_wandb": {"runtime": 5}}