{"MAE": 21.95333617029456, "MRAE": 0.3886015646005586, "R^2-Score": 0.3765941165533845, "MEAPE-mu": 0.4461469593382532, "MEAPE-std": 0.3127597104753925, "RMSE": 28.271465624738372, "JSD": Infinity, "_runtime": 3, "_timestamp": 1646320685, "_step": 0, "_wandb": {"runtime": 4}}