{"MAE": 27.402921005993868, "RMSE": 34.964608066379924, "MRAE": 0.43843818126266154, "JSD": 0.14718353242213925, "R^2-Score": 0.3678447349530619, "MEAPE-mu": 7.667474347915022, "MEAPE-std": 5.425890764025452, "_runtime": 1, "_timestamp": 1645185563, "_step": 0, "_wandb": {"runtime": 3}}