{"ARI": -0.07175158275550196, "NMI": 0.05979627865271165, "JSD": 0.4600056462794788, "Precision": 0.45000000000000007, "Recall": 0.3, "F1-Score": 0.36000000000000004, "Accuracy": 0.3, "MEAPE-mu": 51.27430113116112, "MEAPE-std": 9.588580879798732, "_runtime": 3, "_timestamp": 1645622300, "_step": 0, "_wandb": {"runtime": 4}}