{"ARI": 0.0, "NMI": 0.0, "JSD": 0.17878432623971877, "Precision": 0.49, "Recall": 0.7, "F1-Score": 0.5764705882352941, "ROC AUC": 0.7605906372210721, "Accuracy": 0.7, "MEAPE-mu": 32.86184997875013, "MEAPE-std": 6.827320568676498, "_runtime": 2, "_timestamp": 1645451935, "_step": 0, "_wandb": {"runtime": 3}}