{"ARI": 0.06352499091858128, "NMI": 0.021060865952456057, "JSD": 0.21512546115032546, "Precision": 0.6565835926242037, "Recall": 0.7009233239662787, "F1-Score": 0.6428610503604774, "ROC AUC": 0.6969235412929214, "Accuracy": 0.7009233239662787, "MEAPE-mu": 25.415318478814196, "MEAPE-std": 0.396012940988191, "_runtime": 8, "_timestamp": 1646929071, "_step": 0, "_wandb": {"runtime": 8}}