{"MAE": 20.936012922790592, "MRAE": 0.37171051982503506, "R^2-Score": 0.45898007082387393, "MEAPE-mu": 3.9206578918132866, "MEAPE-std": 0.4816833706512447, "RMSE": 26.46308116544294, "JSD": 0.11755515217413855, "_runtime": 181, "_timestamp": 1646342523, "_step": 0, "_wandb": {"runtime": 181}}