{"ARI": 0.03066922090998122, "NMI": 0.011934911516247712, "JSD": 0.19243716082315823, "Precision": 0.4852248150110552, "Recall": 0.619347681384513, "F1-Score": 0.49683673604392686, "ROC AUC": 0.6337878892234907, "Accuracy": 0.619347681384513, "MEAPE-mu": 34.97293890987866, "MEAPE-std": 0.2759264334067094, "_runtime": 5, "_timestamp": 1645737708, "_step": 0, "_wandb": {"runtime": 5}}