{"MAE": 20.740095908511027, "MRAE": 0.3794830866566323, "R^2-Score": 0.4445513606819924, "MEAPE-mu": 0.33891990610968553, "MEAPE-std": 0.23331910321588054, "RMSE": 26.650239760715813, "JSD": Infinity, "_runtime": 3, "_timestamp": 1646316753, "_step": 0, "_wandb": {"runtime": 4}}