{"MAE": 24.331256936677708, "MRAE": 0.487363671764543, "R^2-Score": 0.352708612804878, "MEAPE-mu": 6.719445259234763, "MEAPE-std": 4.903027382047965, "RMSE": 31.86380076708387, "JSD": 0.14487047962779004, "_runtime": 11, "_timestamp": 1646310465, "_step": 0, "_wandb": {"runtime": 12}}