{"MAE": 22.158177508671113, "MRAE": 0.46708379854384346, "R^2-Score": 0.30873695068169915, "MEAPE-mu": 0.2007046339028409, "MEAPE-std": 0.16255879973299914, "RMSE": 28.452845370043903, "JSD": Infinity, "_runtime": 5, "_timestamp": 1646988378, "_step": 0, "_wandb": {"runtime": 5}}