{"ARI": 0.13301794907471823, "NMI": 0.05059570135495269, "JSD": 0.2080397563907922, "Precision": 0.5853598014888337, "Recall": 0.6774193548387096, "F1-Score": 0.622969572180279, "ROC AUC": 0.6510752688172045, "Accuracy": 0.6774193548387096, "MEAPE-mu": 16.32458965666306, "MEAPE-std": 9.851350839152884, "_runtime": 4, "_timestamp": 1646942138, "_step": 0, "_wandb": {"runtime": 5}}