{"MAE": 24.75687735866304, "RMSE": 31.458449391496472, "MRAE": 0.42609661396579795, "JSD": Infinity, "R^2-Score": 0.18495713580165762, "MEAPE-mu": 1.1113296729579805, "MEAPE-std": 0.4817404780688006, "_runtime": 5, "_timestamp": 1645517934, "_step": 0, "_wandb": {"runtime": 5}}