{"MAE": 22.922580645161293, "MRAE": 0.4332469790980015, "R^2-Score": 0.29705368404317334, "MEAPE-mu": 9.481741348333763, "MEAPE-std": 6.206568661825172, "RMSE": 28.77776919776792, "JSD": 0.12864008222569326, "_runtime": 2, "_timestamp": 1646480114, "_step": 0, "_wandb": {"runtime": 3}}