{"MAE": 26.566670223924277, "MRAE": 0.45086191702610884, "R^2-Score": 0.33054826346546773, "MEAPE-mu": 7.020782946803647, "MEAPE-std": 4.365370748858526, "RMSE": 32.800492877746365, "JSD": 0.14051569320199042, "_runtime": 7, "_timestamp": 1646306315, "_step": 0, "_wandb": {"runtime": 4}}