{"MAE": 10.914524956381525, "MRAE": 0.20118650616913936, "R^2-Score": 0.6921473173983813, "MEAPE-mu": 2.5793997878391015, "MEAPE-std": 0.1817143715365758, "RMSE": 19.120557134742246, "JSD": 0.09512480565918952, "_runtime": 3320, "_timestamp": 1649037755, "_step": 0, "_wandb": {"runtime": 3319}}