{"MAE": 27.00735200084639, "MRAE": 0.4425620787745024, "R^2-Score": -0.020735820310885833, "MEAPE-mu": 10.893008130991435, "MEAPE-std": 0.2246300610337449, "RMSE": 32.153137370844746, "JSD": Infinity, "_runtime": 3, "_timestamp": 1645988974, "_step": 0, "_wandb": {"runtime": 4}}