{"MAE": 19.22355382222148, "MRAE": 0.2949187464263491, "R^2-Score": 0.21945195010735752, "MEAPE-mu": 2.6579945744169198, "MEAPE-std": 0.45656221183345225, "RMSE": 26.521470905797457, "JSD": Infinity, "_runtime": 63, "_timestamp": 1646409647, "_step": 0, "_wandb": {"runtime": 64}}