{"ARI": -0.0871778847996419, "NMI": 0.06042261517438181, "JSD": 0.18231435729694184, "Precision": 0.7366942362921456, "Recall": 0.33029529711994166, "F1-Score": 0.27076937422879793, "ROC AUC": 0.7769442433752791, "Accuracy": 0.33029529711994166, "MEAPE-mu": 80.08743001246644, "MEAPE-std": 1.6045477485105595, "_runtime": 3, "_timestamp": 1645786182, "_step": 0, "_wandb": {"runtime": 4}}