{"ARI": 0.1863654768515452, "NMI": 0.11055167306998577, "JSD": 0.1861660146459787, "Precision": 0.7491405602209066, "Recall": 0.743109151047409, "F1-Score": 0.6953689834608875, "ROC AUC": 0.7706461860557955, "Accuracy": 0.743109151047409, "MEAPE-mu": 18.172983271987007, "MEAPE-std": 1.7554277155215194, "_runtime": 64, "_timestamp": 1654286941, "_step": 0, "_wandb": {"runtime": 64}}