{"ARI": 0.0, "NMI": 1.6883267560046202e-15, "JSD": 0.1779992404031432, "Precision": 0.5036420395421436, "Recall": 0.7096774193548387, "F1-Score": 0.5891661594643944, "ROC AUC": 0.5976779755283649, "Accuracy": 0.7096774193548387, "MEAPE-mu": 32.81783941753975, "MEAPE-std": 6.147569843104152, "_runtime": 15, "_timestamp": 1646936146, "_step": 0, "_wandb": {"runtime": 16}}