{"ARI": -0.03316569220591619, "NMI": 0.01572528733499286, "JSD": 0.2183485714618012, "Precision": 0.42330963888683415, "Recall": 0.5806966940315066, "F1-Score": 0.47038665053961876, "ROC AUC": 0.530479201645897, "Accuracy": 0.5806966940315066, "MEAPE-mu": 31.910719552871115, "MEAPE-std": 0.3371223310009151, "_runtime": 10, "_timestamp": 1646920883, "_step": 0, "_wandb": {"runtime": 10}}