{"ARI": 0.26151402858655376, "NMI": 0.22917857536088967, "JSD": 0.1677625397918022, "Precision": 0.6209677419354839, "Recall": 0.7096774193548387, "F1-Score": 0.6308243727598567, "ROC AUC": 0.7099462365591398, "Accuracy": 0.7096774193548387, "MEAPE-mu": 23.951106197833962, "MEAPE-std": 6.930375577745001, "_runtime": 10, "_timestamp": 1645460189, "_step": 0, "_wandb": {"runtime": 12}}