{"MAE": 25.91642529793828, "RMSE": 32.17191697699877, "MRAE": 0.6350594371173045, "JSD": 0.1475450683692978, "R^2-Score": 0.41490236203654063, "MEAPE-mu": 6.1355836886410735, "MEAPE-std": 4.167106173026433, "_runtime": 1, "_timestamp": 1645117878, "_step": 0, "_wandb": {"runtime": 3}}