{"ARI": 0.08735251969135431, "NMI": 0.09360605703046986, "JSD": 0.2167609901759608, "Precision": 0.5753433789938718, "Recall": 0.6325715553583315, "F1-Score": 0.5892996937216586, "ROC AUC": 0.6422095068888457, "Accuracy": 0.6325715553583315, "MEAPE-mu": 8.428508652333939, "MEAPE-std": 0.43183327400755844, "_runtime": 10, "_timestamp": 1646920777, "_step": 0, "_wandb": {"runtime": 10}}