{"ARI": 0.3448753595782003, "NMI": 0.21545306506853018, "JSD": 0.16864034338844983, "Precision": 0.7694568143884175, "Recall": 0.7816259569814072, "F1-Score": 0.7627998797824396, "ROC AUC": 0.7668952560579517, "Accuracy": 0.7816259569814072, "MEAPE-mu": 13.03881397287779, "MEAPE-std": 0.6110952617993692, "_runtime": 22, "_timestamp": 1646029253, "_step": 0, "_wandb": {"runtime": 23}}