{"ARI": 0.10955909022075415, "NMI": 0.04064939383534422, "JSD": 0.1993913224557234, "Precision": 0.6444996722017511, "Recall": 0.7000182248952068, "F1-Score": 0.6363902159015175, "ROC AUC": 0.7427102674147145, "Accuracy": 0.7000182248952068, "MEAPE-mu": 22.716133745036835, "MEAPE-std": 0.6877608109853006, "_runtime": 7, "_timestamp": 1646914784, "_step": 0, "_wandb": {"runtime": 7}}