{"ARI": 0.698242886734877, "NMI": 0.5805602142772727, "JSD": 0.1099321980882765, "Precision": 0.8975044391278849, "Recall": 0.8982471710672287, "F1-Score": 0.8973754076289062, "ROC AUC": 0.9693694455213563, "Accuracy": 0.8982471710672287, "MEAPE-mu": 2.388864552602596, "MEAPE-std": 0.21101152316771404, "_runtime": 14, "_timestamp": 1647592552, "_step": 0, "_wandb": {"runtime": 14}}