{"ARI": 0.08144313934362811, "NMI": 0.02298886536963115, "JSD": 0.21635851652663526, "Precision": 0.6220243994775148, "Recall": 0.550309879693766, "F1-Score": 0.5794105410913588, "ROC AUC": 0.6392640336011042, "Accuracy": 0.550309879693766, "MEAPE-mu": 4.233282752432971, "MEAPE-std": 0.9171575297790623, "_runtime": 5, "_timestamp": 1645475106, "_step": 0, "_wandb": {"runtime": 5}}