{"MAE": 24.63860555731514, "RMSE": 31.020659834598916, "MRAE": 0.4732948533943263, "JSD": Infinity, "R^2-Score": 0.25287995989287637, "MEAPE-mu": 0.666719845285733, "MEAPE-std": 0.48220084631524446, "_runtime": 2, "_timestamp": 1645387586, "_step": 0, "_wandb": {"runtime": 3}}