{"MAE": 11.028488453327384, "MRAE": 0.20250050325556807, "R^2-Score": 0.6795540281228172, "MEAPE-mu": 2.375906391504744, "MEAPE-std": 0.15647419829041231, "RMSE": 19.191240737589503, "JSD": 0.09584601973457663, "_runtime": 3297, "_timestamp": 1649041059, "_step": 0, "_wandb": {"runtime": 3298}}