{"ARI": 0.0, "NMI": 0.0, "JSD": 0.17878432623971877, "Precision": 0.49, "Recall": 0.7, "F1-Score": 0.5764705882352941, "ROC AUC": 0.5507994018863585, "Accuracy": 0.7, "MEAPE-mu": 33.30034909111782, "MEAPE-std": 6.111178868359246, "_runtime": 3, "_timestamp": 1645463481, "_step": 0, "_wandb": {"runtime": 4}}