{"ARI": 0.0, "NMI": 1.6358757808590291e-15, "JSD": Infinity, "Precision": 0.4900983590101402, "Recall": 0.7000702529104778, "F1-Score": 0.5765624781341878, "ROC AUC": 0.5263821688488883, "Accuracy": 0.7000702529104778, "MEAPE-mu": 150.09629081033842, "MEAPE-std": 3.972625637158328, "_runtime": 3, "_timestamp": 1653982352, "_step": 0, "_wandb": {"runtime": 4}}