{"ARI": 0.9874860282517974, "NMI": 0.9675565755573872, "JSD": 0.022667477944340143, "Precision": 0.9961754283543525, "Recall": 0.996172772006561, "F1-Score": 0.996169213287873, "ROC AUC": 0.9999396373443388, "Accuracy": 0.996172772006561, "MEAPE-mu": 0.13370665450847735, "MEAPE-std": 0.08225644850012706, "_runtime": 128, "_timestamp": 1647393499, "_step": 0, "_wandb": {"runtime": 129}}