{"MAE": 29.489893787442476, "RMSE": 34.61910416347719, "MRAE": 0.550959403341612, "JSD": Infinity, "R^2-Score": -0.043824446783928606, "MEAPE-mu": 7.39573777901119, "MEAPE-std": 0.2963614540642219, "_runtime": 3, "_timestamp": 1645193997, "_step": 0, "_wandb": {"runtime": 4}}