{"MAE": 20.81824652435417, "MRAE": 0.3777807319432271, "R^2-Score": 0.43337787263689054, "MEAPE-mu": 0.3746254396303872, "MEAPE-std": 0.2656149098370449, "RMSE": 26.994840993512693, "JSD": Infinity, "_runtime": 3, "_timestamp": 1646317312, "_step": 0, "_wandb": {"runtime": 4}}