{"MAE": 21.785726931301216, "RMSE": 25.334303435346932, "MRAE": 0.5289644433034811, "JSD": 0.12365983292418525, "R^2-Score": 0.481782720035845, "MEAPE-mu": 5.6169329454317145, "MEAPE-std": 4.166906578985643, "_runtime": 1, "_timestamp": 1645116285, "_step": 0, "_wandb": {"runtime": 3}}