{"ARI": 0.08524943676408132, "NMI": 0.027665680878523377, "JSD": 0.21211217810758765, "Precision": 0.6315480726698508, "Recall": 0.5475756471017135, "F1-Score": 0.5821236013439288, "ROC AUC": 0.6423981207055889, "Accuracy": 0.5475756471017135, "MEAPE-mu": 5.062117681501944, "MEAPE-std": 0.9205391256835254, "_runtime": 5, "_timestamp": 1645475118, "_step": 0, "_wandb": {"runtime": 5}}