{"ARI": 0.15653711418326924, "NMI": 0.0744109062845914, "JSD": 0.19508341159200057, "Precision": 0.7028095490063844, "Recall": 0.7201968647466278, "F1-Score": 0.6692587397230125, "ROC AUC": 0.7387328713157624, "Accuracy": 0.7201968647466278, "MEAPE-mu": 18.76602142068387, "MEAPE-std": 0.7463170343707377, "_runtime": 49, "_timestamp": 1645558527, "_step": 0, "_wandb": {"runtime": 50}}