{"ARI": 0.5987817984051396, "NMI": 0.4421382272181348, "JSD": 0.1329531745676109, "Precision": 0.8655703538335342, "Recall": 0.8691213999270871, "F1-Score": 0.8653815949519634, "ROC AUC": 0.9462801865322391, "Accuracy": 0.8691213999270871, "MEAPE-mu": 4.739442187351946, "MEAPE-std": 0.5315436816459772, "_runtime": 4057, "_timestamp": 1647428499, "_step": 0, "_wandb": {"runtime": 4057}}