{"MAE": 22.868663600005245, "MRAE": 0.34995619708180875, "R^2-Score": 0.20039649532413573, "MEAPE-mu": 4.887137645348051, "MEAPE-std": 3.868127915888941, "RMSE": 28.22545070322903, "JSD": 0.1280513262421529, "_runtime": 4, "_timestamp": 1646308482, "_step": 0, "_wandb": {"runtime": 4}}