{"ARI": 0.09238776837996096, "NMI": 0.11016439952260915, "JSD": 0.17214572985488602, "Precision": 0.7402298850574713, "Recall": 0.7333333333333333, "F1-Score": 0.6463333333333333, "ROC AUC": 0.7065907522429262, "Accuracy": 0.7333333333333333, "MEAPE-mu": 30.73118668070505, "MEAPE-std": 7.148518668220872, "_runtime": 4, "_timestamp": 1645460903, "_step": 0, "_wandb": {"runtime": 5}}