{"MAE": 22.162363922521536, "MRAE": 0.3503046687263229, "R^2-Score": 0.04349472895856821, "MEAPE-mu": 5.150322032790499, "MEAPE-std": 3.889890330680789, "RMSE": 29.392521810051655, "JSD": 0.12512633829012557, "_runtime": 2, "_timestamp": 1646479912, "_step": 0, "_wandb": {"runtime": 4}}