{"MAE": 24.246593026207513, "RMSE": 30.258838013228853, "MRAE": 0.45653735536813567, "JSD": 0.13175775271984122, "R^2-Score": 0.49603725355281136, "MEAPE-mu": 4.602834494021374, "MEAPE-std": 3.4732136747563986, "_runtime": 2, "_timestamp": 1645189356, "_step": 0, "_wandb": {"runtime": 3}}