{"MAE": 20.80631291625903, "MRAE": 0.5058499260467856, "R^2-Score": 0.5290353896911, "MEAPE-mu": 5.160494243997505, "MEAPE-std": 0.25422838705027, "RMSE": 26.53891604407682, "JSD": 0.14223530865071723, "_runtime": 7608, "_timestamp": 1648643255, "_step": 0, "_wandb": {"runtime": 7606}}