{"MAE": 20.807080570114774, "MRAE": 0.3905761959383942, "R^2-Score": 0.4771483906457533, "MEAPE-mu": 0.8440174081032922, "MEAPE-std": 0.6142035783879886, "RMSE": 26.686923869815857, "JSD": Infinity, "_runtime": 2, "_timestamp": 1655388306, "_step": 0, "_wandb": {"runtime": 3}}