{"ARI": 0.9886238794869897, "NMI": 0.9664036827529102, "JSD": 0.0216011992676868, "Precision": 0.9958360774449652, "Recall": 0.9958075100255195, "F1-Score": 0.9958055329370981, "ROC AUC": 0.9999668265001421, "Accuracy": 0.9958075100255195, "MEAPE-mu": 0.17333031335961976, "MEAPE-std": 0.09281678594641281, "_runtime": 121, "_timestamp": 1647393900, "_step": 0, "_wandb": {"runtime": 121}}