{"ARI": 0.0, "NMI": 1.6883267560046202e-15, "JSD": 0.1779992404031432, "Precision": 0.0, "Recall": 0.0, "F1-Score": 0.0, "Accuracy": 0.0, "MEAPE-mu": 165.01102643603463, "MEAPE-std": 6.749788088330853, "_runtime": 2, "_timestamp": 1645617905, "_step": 0, "_wandb": {"runtime": 3}}