{"MAE": 20.805927706932458, "MRAE": 0.3875850082750157, "R^2-Score": 0.3504997047586116, "MEAPE-mu": 0.2599359265819982, "MEAPE-std": 0.20664636597120825, "RMSE": 27.983980247125118, "JSD": Infinity, "_runtime": 5, "_timestamp": 1646985256, "_step": 0, "_wandb": {"runtime": 5}}