{"ARI": 0.045065218553873826, "NMI": 0.025901534329688208, "JSD": 0.22097984213991015, "Precision": 0.5623324537241473, "Recall": 0.6067006878189483, "F1-Score": 0.5461163339652972, "ROC AUC": 0.6037421850528418, "Accuracy": 0.6067006878189483, "MEAPE-mu": 22.56862495509905, "MEAPE-std": 0.40348369989480176, "_runtime": 5, "_timestamp": 1645720933, "_step": 0, "_wandb": {"runtime": 6}}