{"MAE": 19.949032883971714, "RMSE": 24.986707340859056, "MRAE": 0.36975907861753565, "JSD": 0.10883195293681858, "R^2-Score": 0.31528407266797, "MEAPE-mu": 11.536584051320146, "MEAPE-std": 6.2342136395754, "_runtime": 4, "_timestamp": 1645389105, "_step": 0, "_wandb": {"runtime": 4}}