{"ARI": 0.2664443677687636, "NMI": 0.1604551286018611, "JSD": 0.17674587508634534, "Precision": 0.7378368661222278, "Recall": 0.7625296154547111, "F1-Score": 0.7273818193899962, "ROC AUC": 0.818050508083024, "Accuracy": 0.7625296154547111, "MEAPE-mu": 14.33992393310815, "MEAPE-std": 0.6622150568393677, "_runtime": 39, "_timestamp": 1645779644, "_step": 0, "_wandb": {"runtime": 40}}