{"ARI": 0.10562230616255808, "NMI": 0.039877816756298166, "JSD": 0.19972848916978483, "Precision": 0.6432087174327584, "Recall": 0.6981407218374043, "F1-Score": 0.6307242214635366, "ROC AUC": 0.7473976071458471, "Accuracy": 0.6981407218374043, "MEAPE-mu": 23.702283088643156, "MEAPE-std": 0.6118358918784228, "_runtime": 7, "_timestamp": 1646914813, "_step": 0, "_wandb": {"runtime": 7}}