{"MAE": 20.32170602664679, "MRAE": 0.37592509256716056, "R^2-Score": 0.4611271290624178, "MEAPE-mu": 4.358051260050449, "MEAPE-std": 0.25781198346452755, "RMSE": 28.10291365227237, "JSD": Infinity, "_runtime": 3430, "_timestamp": 1648623963, "_step": 0, "_wandb": {"runtime": 3429}}