{"ARI": 0.2153622158671479, "NMI": 0.1362367685733231, "JSD": 0.1886305239854611, "Precision": 0.6732716878740197, "Recall": 0.695140891945862, "F1-Score": 0.6706509704793808, "ROC AUC": 0.8005044675415973, "Accuracy": 0.695140891945862, "MEAPE-mu": 11.797383919557399, "MEAPE-std": 0.32162676058489875, "_runtime": 9, "_timestamp": 1645807686, "_step": 0, "_wandb": {"runtime": 10}}