{"MAE": 21.621602446760043, "MRAE": 0.37883945804796726, "R^2-Score": 0.4523792940937944, "MEAPE-mu": 0.9787558269991401, "MEAPE-std": 0.7267431717086905, "RMSE": 27.567238454023148, "JSD": Infinity, "_runtime": 2, "_timestamp": 1655388315, "_step": 0, "_wandb": {"runtime": 3}}