{"ARI": -0.02390957300401857, "NMI": 0.08051271718878768, "JSD": 0.2541814544373228, "Precision": 0.5126728110599079, "Recall": 0.41935483870967744, "F1-Score": 0.4333800841514727, "ROC AUC": 0.43824928933382773, "Accuracy": 0.41935483870967744, "MEAPE-mu": 37.681735135297934, "MEAPE-std": 18.787191525729625, "_runtime": 4, "_timestamp": 1646932362, "_step": 0, "_wandb": {"runtime": 6}}