{"ARI": -0.11940298507462686, "NMI": 0.08918326388955441, "JSD": 0.17306863144163812, "Precision": 0.06282051282051282, "Recall": 0.23333333333333334, "F1-Score": 0.09898989898989899, "ROC AUC": 0.5640844260409478, "Accuracy": 0.23333333333333334, "MEAPE-mu": 91.75167516975196, "MEAPE-std": 17.921733905329916, "_runtime": 3, "_timestamp": 1645463283, "_step": 0, "_wandb": {"runtime": 4}}