{"ARI": -0.05019227348201321, "NMI": 0.02889336285658503, "JSD": 0.2693804585540288, "Precision": 0.506082685926141, "Recall": 0.5725612203934163, "F1-Score": 0.5336643247566294, "ROC AUC": 0.6070329904276575, "Accuracy": 0.5725612203934163, "MEAPE-mu": 15.623385774552823, "MEAPE-std": 0.49882823810312676, "_runtime": 7, "_timestamp": 1646928984, "_step": 0, "_wandb": {"runtime": 7}}