{"ARI": 0.0, "NMI": 0.0, "JSD": 0.1780825084701762, "Precision": 0.3832618155944979, "Recall": 0.6190814288883958, "F1-Score": 0.4734311798729381, "ROC AUC": 0.5858596408126426, "Accuracy": 0.6190814288883958, "MEAPE-mu": 39.23649207016143, "MEAPE-std": 0.21758608853115918, "_runtime": 1533, "_timestamp": 1646034190, "_step": 0, "_wandb": {"runtime": 1534}}