{"ARI": 0.010000679901219797, "NMI": 0.0005374973799302493, "JSD": Infinity, "Precision": 0.6350133861637278, "Recall": 0.6318280418063499, "F1-Score": 0.6333987745372492, "ROC AUC": 0.5206205341260104, "Accuracy": 0.6318280418063499, "MEAPE-mu": 3.367893837712918, "MEAPE-std": 2.6161348573628938, "_runtime": 16, "_timestamp": 1653731033, "_step": 0, "_wandb": {"runtime": 18}}