{"MAE": 18.787293200806513, "RMSE": 22.9652251716629, "MRAE": 0.3489290518869881, "JSD": 0.1134057239970271, "R^2-Score": 0.517475858650041, "MEAPE-mu": 4.805172509892341, "MEAPE-std": 3.451473980677972, "_runtime": 2, "_timestamp": 1645117945, "_step": 0, "_wandb": {"runtime": 4}}