{"MAE": 19.49062136859734, "MRAE": 0.3448654173149029, "R^2-Score": 0.4974459242672137, "MEAPE-mu": 0.35354195514931847, "MEAPE-std": 0.27630249699398324, "RMSE": 25.29382471509011, "JSD": Infinity, "_runtime": 4, "_timestamp": 1646483611, "_step": 0, "_wandb": {"runtime": 4}}