{"ARI": 0.12950280148196894, "NMI": 0.07840005132189336, "JSD": 0.20881356422272163, "Precision": 0.6631378445935856, "Recall": 0.6471885336273429, "F1-Score": 0.641893165875717, "ROC AUC": 0.7112628987479502, "Accuracy": 0.6471885336273429, "MEAPE-mu": 18.40372650639628, "MEAPE-std": 2.0951994322909697, "_runtime": 3, "_timestamp": 1654269504, "_step": 0, "_wandb": {"runtime": 4}}