{"MAE": 22.285763278578262, "MRAE": 0.38585020437213263, "R^2-Score": 0.36552485753108865, "MEAPE-mu": 0.8316125129288716, "MEAPE-std": 0.4746964572488882, "RMSE": 28.580785361327532, "JSD": Infinity, "_runtime": 3, "_timestamp": 1646321507, "_step": 0, "_wandb": {"runtime": 4}}