{"ARI": 0.04778328243616166, "NMI": 0.07740104806246491, "JSD": 0.17535490221739553, "Precision": 0.6599284608420724, "Recall": 0.6481473263811848, "F1-Score": 0.534505989011575, "ROC AUC": 0.6804268387332655, "Accuracy": 0.6481473263811848, "MEAPE-mu": 35.713381963095586, "MEAPE-std": 0.2452522711042955, "_runtime": 6, "_timestamp": 1646916573, "_step": 0, "_wandb": {"runtime": 5}}