{"MAE": 23.883870967741938, "MRAE": 0.2961340209068569, "R^2-Score": 0.08932401668241208, "MEAPE-mu": 8.802342995187999, "MEAPE-std": 4.207379756050721, "RMSE": 28.6797332061195, "JSD": 0.11424505082287746, "_runtime": 3, "_timestamp": 1646306916, "_step": 0, "_wandb": {"runtime": 4}}