{"MAE": 23.76520861540289, "RMSE": 28.5239236313778, "MRAE": 0.5106753300701176, "JSD": 0.1265056476729849, "R^2-Score": 0.5002478266643818, "MEAPE-mu": 5.073700060739984, "MEAPE-std": 3.7521634115203937, "_runtime": 2, "_timestamp": 1645116633, "_step": 0, "_wandb": {"runtime": 3}}