{"MAE": 27.329148978828357, "RMSE": 33.56817855015482, "MRAE": 0.6163344179603477, "JSD": Infinity, "R^2-Score": 0.03713343375869693, "MEAPE-mu": 0.2683198588856542, "MEAPE-std": 0.2101454578765231, "_runtime": 3, "_timestamp": 1645193526, "_step": 0, "_wandb": {"runtime": 3}}