{"ARI": 0.7525269751906117, "NMI": 0.6398675843237616, "JSD": 0.09721807920495386, "Precision": 0.9172147565158809, "Recall": 0.9175504770357222, "F1-Score": 0.916664176724125, "ROC AUC": 0.9853525833561223, "Accuracy": 0.9175504770357222, "MEAPE-mu": 2.6180000215043293, "MEAPE-std": 0.22203427668894113, "_runtime": 416, "_timestamp": 1647989586, "_step": 0, "_wandb": {"runtime": 416}}