{"ARI": 0.6970305957633879, "NMI": 0.5776872274638739, "JSD": 0.10961791830850041, "Precision": 0.8967675353644624, "Recall": 0.8974927889948968, "F1-Score": 0.8965230748282534, "ROC AUC": 0.9686953413196956, "Accuracy": 0.8974927889948968, "MEAPE-mu": 2.6412370410226083, "MEAPE-std": 0.2035271406272616, "_runtime": 15, "_timestamp": 1648727092, "_step": 0, "_wandb": {"runtime": 15}}