{"MAE": 27.521792508759965, "RMSE": 33.49760707555604, "MRAE": 0.49269531532132554, "JSD": 0.15030079018067943, "R^2-Score": 0.2234947666613174, "MEAPE-mu": 5.852915659197756, "MEAPE-std": 4.086895099417966, "_runtime": 3, "_timestamp": 1645389157, "_step": 0, "_wandb": {"runtime": 4}}