{"ARI": -0.027918781725888325, "NMI": 0.13718327311294856, "JSD": 0.23785581355818775, "Precision": 0.4846153846153846, "Recall": 0.6, "F1-Score": 0.5361702127659576, "ROC AUC": 0.5695565907522429, "Accuracy": 0.6, "MEAPE-mu": 20.17699986172224, "MEAPE-std": 9.780654937820717, "_runtime": 5, "_timestamp": 1646933053, "_step": 0, "_wandb": {"runtime": 5}}