{"MAE": 21.297655773684035, "RMSE": 27.390800913581984, "MRAE": 0.3566341446718739, "JSD": Infinity, "R^2-Score": 0.41396222014273143, "MEAPE-mu": 0.5381841280678623, "MEAPE-std": 0.39410445153870755, "_runtime": 159, "_timestamp": 1645214054, "_step": 0, "_wandb": {"runtime": 160}}