{"ARI": 0.15649446355013039, "NMI": 0.18281523034129096, "JSD": 0.16893321381773982, "Precision": 0.7486095661846497, "Recall": 0.7419354838709677, "F1-Score": 0.672258064516129, "ROC AUC": 0.737075010881656, "Accuracy": 0.7419354838709677, "MEAPE-mu": 27.39068237714624, "MEAPE-std": 7.158387294474384, "_runtime": 7, "_timestamp": 1645453912, "_step": 0, "_wandb": {"runtime": 3}}