{"ARI": 0.0, "NMI": 1.6883267560046202e-15, "JSD": 0.1779992404031432, "Precision": 0.0, "Recall": 0.0, "F1-Score": 0.0, "Accuracy": 0.0, "MEAPE-mu": 166.23554631791438, "MEAPE-std": 6.856715245133036, "_runtime": 4, "_timestamp": 1645622948, "_step": 0, "_wandb": {"runtime": 4}}