{"ARI": 2.496992467765257e-06, "NMI": 4.059273516262861e-09, "JSD": Infinity, "Precision": 0.6259253590139031, "Recall": 0.7503450995858805, "F1-Score": 0.6440291830009426, "ROC AUC": 0.5059506887711843, "Accuracy": 0.7503450995858805, "MEAPE-mu": 99.34210447902022, "MEAPE-std": 4.742504879098535, "_runtime": 3, "_timestamp": 1653905490, "_step": 0, "_wandb": {"runtime": 4}}