{"ARI": -0.06414081716276739, "NMI": 0.06714509612443822, "JSD": 0.18724631935600936, "Precision": 0.7122131864562983, "Recall": 0.3627342888643881, "F1-Score": 0.3253791162014006, "ROC AUC": 0.7523808597411894, "Accuracy": 0.3627342888643881, "MEAPE-mu": 72.49536781994593, "MEAPE-std": 3.077248647819005, "_runtime": 5, "_timestamp": 1654163309, "_step": 0, "_wandb": {"runtime": 5}}