{"ARI": -0.04766709574969339, "NMI": 0.04789076477775118, "JSD": 0.19003355481664114, "Precision": 0.7950766707556627, "Recall": 0.3531389571937572, "F1-Score": 0.2431973935622255, "ROC AUC": 0.7625907915827878, "Accuracy": 0.3531389571937572, "MEAPE-mu": 80.91874829121367, "MEAPE-std": 0.7311168021561888, "_runtime": 5, "_timestamp": 1646914212, "_step": 0, "_wandb": {"runtime": 6}}