{"ARI": 0.32595097671934353, "NMI": 0.22880268956095443, "JSD": 0.1777664608489132, "Precision": 0.7389460585882055, "Recall": 0.7449301087197693, "F1-Score": 0.737125316496349, "ROC AUC": 0.863124820401127, "Accuracy": 0.7449301087197693, "MEAPE-mu": 5.715346836640844, "MEAPE-std": 0.33945119344841806, "_runtime": 3783, "_timestamp": 1652538903, "_step": 0, "_wandb": {"runtime": 3783}}