{"MAE": 21.790840387027643, "MRAE": 0.4052434243513942, "R^2-Score": 0.3579053223097428, "MEAPE-mu": 5.208074931921368, "MEAPE-std": 0.22845448212699032, "RMSE": 27.167125626408254, "JSD": Infinity, "_runtime": 5, "_timestamp": 1647000666, "_step": 0, "_wandb": {"runtime": 5}}