{"ARI": 0.7302330613600692, "NMI": 0.6262023867919803, "JSD": 0.10320305141082083, "Precision": 0.9116261595774846, "Recall": 0.9112047925449301, "F1-Score": 0.9112839966267533, "ROC AUC": 0.9818594161016346, "Accuracy": 0.9112047925449301, "MEAPE-mu": 0.8702221006620341, "MEAPE-std": 0.18105075553514374, "_runtime": 2798, "_timestamp": 1647153767, "_step": 0, "_wandb": {"runtime": 2799}}