{"MAE": 23.979881129940168, "MRAE": 0.4268140873692309, "R^2-Score": 0.24790741130067606, "MEAPE-mu": 6.672471895313239, "MEAPE-std": 0.5460823123249857, "RMSE": 30.219184619591797, "JSD": 0.13156048346403582, "_runtime": 10, "_timestamp": 1645989272, "_step": 0, "_wandb": {"runtime": 11}}