{"ARI": 0.0, "NMI": 1.2053129287859264e-15, "JSD": Infinity, "Precision": 0.5755053507728894, "Recall": 0.7586206896551724, "F1-Score": 0.6544962812711291, "ROC AUC": 0.3344155844155844, "Accuracy": 0.7586206896551724, "MEAPE-mu": 120.52684924225106, "MEAPE-std": 105.50250905739692, "_runtime": 2, "_timestamp": 1653671526, "_step": 0, "_wandb": {"runtime": 4}}