{"ARI": 0.016248865980954784, "NMI": 0.0025429005102805234, "JSD": Infinity, "Precision": 0.6544938289387371, "Recall": 0.7415220820189274, "F1-Score": 0.6578360106269241, "ROC AUC": 0.5402635441043506, "Accuracy": 0.7415220820189274, "MEAPE-mu": 86.95834912082604, "MEAPE-std": 4.340185157692744, "_runtime": 828, "_timestamp": 1654009943, "_step": 0, "_wandb": {"runtime": 829}}