{"ARI": 0.02707808564231738, "NMI": 0.03931078942511817, "JSD": 0.21603365320122012, "Precision": 0.5817777777777777, "Recall": 0.6333333333333333, "F1-Score": 0.5944927536231883, "ROC AUC": 0.6409822866344606, "Accuracy": 0.6333333333333333, "MEAPE-mu": 16.363116151610537, "MEAPE-std": 7.693712210138613, "_runtime": 8, "_timestamp": 1645466216, "_step": 0, "_wandb": {"runtime": 8}}