{"ARI": 0.1994042633474093, "NMI": 0.12426890478849342, "JSD": 0.19069486899431748, "Precision": 0.7315030517379896, "Recall": 0.7420066152149944, "F1-Score": 0.7072789234548214, "ROC AUC": 0.7824821687415658, "Accuracy": 0.7420066152149944, "MEAPE-mu": 15.405682083563217, "MEAPE-std": 1.3848569195985314, "_runtime": 40, "_timestamp": 1654285519, "_step": 0, "_wandb": {"runtime": 41}}