{"ARI": -0.033627371821631655, "NMI": 0.05885770444072336, "JSD": 0.19031082199749827, "Precision": 0.6851086861290394, "Recall": 0.3537452159650082, "F1-Score": 0.3093910384078815, "ROC AUC": 0.7369808896393467, "Accuracy": 0.3537452159650082, "MEAPE-mu": 74.97509239137979, "MEAPE-std": 1.232812829532803, "_runtime": 5, "_timestamp": 1646920092, "_step": 0, "_wandb": {"runtime": 5}}