{"MAE": 10.918171732859996, "MRAE": 0.1734713413157997, "R^2-Score": 0.6873368970709008, "MEAPE-mu": 0.5340488774368641, "MEAPE-std": 0.17291940964928854, "RMSE": 19.07023899746558, "JSD": 0.09068363313051515, "_runtime": 10, "_timestamp": 1646998126, "_step": 0, "_wandb": {"runtime": 10}}