{"ARI": 0.346075827939149, "NMI": 0.2142082777301822, "JSD": 0.16924675646064097, "Precision": 0.7655559065481924, "Recall": 0.7783448778709442, "F1-Score": 0.7615459397993273, "ROC AUC": 0.775981932920572, "Accuracy": 0.7783448778709442, "MEAPE-mu": 12.14412338098497, "MEAPE-std": 0.6858379377392276, "_runtime": 17, "_timestamp": 1646029388, "_step": 0, "_wandb": {"runtime": 18}}