{"MAE": 24.687859523024468, "MRAE": 0.4999075610104674, "R^2-Score": 0.18102994591826527, "MEAPE-mu": 11.631312038679305, "MEAPE-std": 7.431273398803127, "RMSE": 30.49381488147265, "JSD": 0.1429453292573563, "_runtime": 3, "_timestamp": 1646308469, "_step": 0, "_wandb": {"runtime": 4}}