{"MAE": 21.82826707242655, "RMSE": 28.088332671552127, "MRAE": 0.3834202268969534, "JSD": 0.12682642427425167, "R^2-Score": 0.3903541331254883, "MEAPE-mu": 0.7408955697278106, "MEAPE-std": 0.3960250605176957, "_runtime": 96, "_timestamp": 1645351412, "_step": 0, "_wandb": {"runtime": 97}}