{"ARI": 0.0, "NMI": 7.024775910151136e-16, "JSD": 0.1813021946042139, "Precision": 0.4588969823100936, "Recall": 0.6774193548387096, "F1-Score": 0.5471464019851118, "ROC AUC": 0.6014629781883253, "Accuracy": 0.6774193548387096, "MEAPE-mu": 37.83214696650497, "MEAPE-std": 6.496679396677835, "_runtime": 5, "_timestamp": 1646932432, "_step": 0, "_wandb": {"runtime": 5}}