{"ARI": 0.0, "NMI": 0.0, "JSD": 0.17878432623971877, "Precision": 0.49, "Recall": 0.7, "F1-Score": 0.5764705882352941, "ROC AUC": 0.6828847481021395, "Accuracy": 0.7, "MEAPE-mu": 34.427192555397475, "MEAPE-std": 6.275812717420985, "_runtime": 16, "_timestamp": 1646936301, "_step": 0, "_wandb": {"runtime": 16}}