{"MAE": 24.445270295762565, "RMSE": 30.565079582625224, "MRAE": 0.45913682608960643, "JSD": 0.13274378945536305, "R^2-Score": 0.29223294291116786, "MEAPE-mu": 4.943421830927613, "MEAPE-std": 0.47929294361749236, "_runtime": 57, "_timestamp": 1645389754, "_step": 0, "_wandb": {"runtime": 58}}