{"MAE": 0.4223391280032231, "MRAE": 0.006212512140061891, "R^2-Score": 0.9975852289006676, "MEAPE-mu": 0.0310555231968183, "MEAPE-std": 0.02142725257655243, "RMSE": 1.7473013044798027, "JSD": 0.007888263683281029, "_runtime": 1222, "_timestamp": 1646770241, "_step": 0, "_wandb": {"runtime": 1223}}