{"MAE": 8.791796017601012, "MRAE": 0.19139006828527133, "R^2-Score": 0.8130367364519208, "MEAPE-mu": 0.30648899825472725, "MEAPE-std": 0.13098953646597639, "RMSE": 14.795233685792155, "JSD": Infinity, "_runtime": 12239, "_timestamp": 1650351122, "_step": 0, "_wandb": {"runtime": 12239}}