{"MAE": 21.2760777433467, "MRAE": 0.3852272361880316, "R^2-Score": 0.41276756620767363, "MEAPE-mu": 0.5218840085974346, "MEAPE-std": 0.37198979780681873, "RMSE": 27.47091965411457, "JSD": Infinity, "_runtime": 3, "_timestamp": 1646316783, "_step": 0, "_wandb": {"runtime": 4}}