{"MAE": 24.8420586503313, "RMSE": 31.449913018500332, "MRAE": 0.45607823104814804, "JSD": Infinity, "R^2-Score": 0.24173943505938533, "MEAPE-mu": 0.5129505629745442, "MEAPE-std": 0.3517992804586417, "_runtime": 3, "_timestamp": 1645192439, "_step": 0, "_wandb": {"runtime": 3}}