{"MAE": 26.41285816593488, "RMSE": 34.56800131097192, "MRAE": 0.5210232975138411, "JSD": 0.1564746194581998, "R^2-Score": 0.23097459051641722, "MEAPE-mu": 6.8297347162850475, "MEAPE-std": 4.577163215751113, "_runtime": 2, "_timestamp": 1645118819, "_step": 0, "_wandb": {"runtime": 3}}