{"ARI": 0.27209980123663374, "NMI": 0.14890509383218303, "JSD": 0.1847939168260314, "Precision": 0.7888656094937386, "Recall": 0.8033918359297969, "F1-Score": 0.7818882693507899, "ROC AUC": 0.8239666354117833, "Accuracy": 0.8033918359297969, "MEAPE-mu": 14.864532850839588, "MEAPE-std": 0.7941918007108746, "_runtime": 29, "_timestamp": 1646926741, "_step": 0, "_wandb": {"runtime": 30}}