{"ARI": 0.03374367916182153, "NMI": 0.07631066511520714, "JSD": 0.1790798348732829, "Precision": 0.7216723572109496, "Recall": 0.30210783226092747, "F1-Score": 0.16247717189875605, "ROC AUC": 0.6917883707480035, "Accuracy": 0.30210783226092747, "MEAPE-mu": 76.52146878426065, "MEAPE-std": 0.6062299980718397, "_runtime": 5, "_timestamp": 1646914982, "_step": 0, "_wandb": {"runtime": 5}}