{"ARI": -0.028085366192101686, "NMI": 0.05952474215766716, "JSD": 0.1697518369002294, "Precision": 0.0793718166383701, "Recall": 0.22580645161290322, "F1-Score": 0.11712158808933003, "ROC AUC": 0.748195084485407, "Accuracy": 0.22580645161290322, "MEAPE-mu": 68.11101488021215, "MEAPE-std": 12.570485870127843, "_runtime": 3, "_timestamp": 1645463252, "_step": 0, "_wandb": {"runtime": 4}}