{"MAE": 17.058836103131977, "MRAE": 0.31587846686851595, "R^2-Score": 0.5840002725980658, "MEAPE-mu": 0.2856795204987012, "MEAPE-std": 0.2395965933611776, "RMSE": 23.14104148672914, "JSD": Infinity, "_runtime": 291, "_timestamp": 1646353352, "_step": 0, "_wandb": {"runtime": 292}}