{"ARI": 0.028256273299817808, "NMI": 0.03943243175273055, "JSD": 0.23046503944953542, "Precision": 0.5112326882388423, "Recall": 0.5953405813179499, "F1-Score": 0.5460110425673814, "ROC AUC": 0.6296625762255156, "Accuracy": 0.5953405813179499, "MEAPE-mu": 12.961875551588518, "MEAPE-std": 0.4379838985654779, "_runtime": 10, "_timestamp": 1646920812, "_step": 0, "_wandb": {"runtime": 10}}