{"ARI": -0.040386803185438, "NMI": 0.027484918779312785, "JSD": 0.2094482676392456, "Precision": 0.45161290322580644, "Recall": 0.6451612903225806, "F1-Score": 0.5313092979127134, "ROC AUC": 0.5488296174493398, "Accuracy": 0.6451612903225806, "MEAPE-mu": 33.51249696537334, "MEAPE-std": 7.808946556898202, "_runtime": 5, "_timestamp": 1646933816, "_step": 0, "_wandb": {"runtime": 5}}