{"ARI": 0.0, "NMI": 1.6883267560046202e-15, "JSD": 0.17799924040314316, "Precision": 0.5036420395421436, "Recall": 0.7096774193548387, "F1-Score": 0.5891661594643944, "ROC AUC": 0.7365127919911013, "Accuracy": 0.7096774193548387, "MEAPE-mu": 33.463831020046904, "MEAPE-std": 6.187969555878433, "_runtime": 5, "_timestamp": 1646933595, "_step": 0, "_wandb": {"runtime": 5}}