{"ARI": 0.08869560247612399, "NMI": 0.03772892152982171, "JSD": 0.20993861940445976, "Precision": 0.5710561301391515, "Recall": 0.5303305968493455, "F1-Score": 0.5305616738648474, "ROC AUC": 0.6447437588493876, "Accuracy": 0.5303305968493455, "MEAPE-mu": 7.1443222016005725, "MEAPE-std": 0.41159949817953567, "_runtime": 5, "_timestamp": 1646930849, "_step": 0, "_wandb": {"runtime": 5}}