{"MAE": 20.010752688172037, "RMSE": 25.539850246571216, "MRAE": 0.3641795561015004, "JSD": 0.1184265431027913, "R^2-Score": 0.48427948558076117, "MEAPE-mu": 9.642203094873429, "MEAPE-std": 6.861844629677099, "_runtime": 2, "_timestamp": 1645116846, "_step": 0, "_wandb": {"runtime": 3}}