{"MAE": 21.31154760676467, "RMSE": 27.389415821505267, "MRAE": 0.38756872571201323, "JSD": 0.12400268224360468, "R^2-Score": 0.42313147099100235, "MEAPE-mu": 0.3841632491519115, "MEAPE-std": 0.27355310726951804, "_runtime": 158, "_timestamp": 1645214708, "_step": 0, "_wandb": {"runtime": 158}}