{"ARI": 0.0234493454755661, "NMI": 0.0024677671784121705, "JSD": Infinity, "Precision": 0.645581238309308, "Recall": 0.649970420035496, "F1-Score": 0.6477286547367517, "ROC AUC": 0.5531553301213953, "Accuracy": 0.649970420035496, "MEAPE-mu": 3.9676687442230736, "MEAPE-std": 2.5527213183058146, "_runtime": 4, "_timestamp": 1653902645, "_step": 0, "_wandb": {"runtime": 5}}