{"ARI": 0.0648336727766463, "NMI": 0.05490026515130333, "JSD": Infinity, "Precision": 0.4710953346855984, "Recall": 0.3448275862068966, "F1-Score": 0.3734169278996865, "ROC AUC": 0.27976190476190477, "Accuracy": 0.3448275862068966, "MEAPE-mu": 140.9801865229191, "MEAPE-std": 58.016559445875004, "_runtime": 4, "_timestamp": 1653672718, "_step": 0, "_wandb": {"runtime": 5}}