{"MAE": 22.212678203007545, "MRAE": 0.48802619736595115, "R^2-Score": 0.34242879855134656, "MEAPE-mu": 7.926288870267813, "MEAPE-std": 0.3238432845873299, "RMSE": 27.90823586098494, "JSD": 0.14045687313566776, "_runtime": 18, "_timestamp": 1646991260, "_step": 0, "_wandb": {"runtime": 19}}