{"MAE": 21.81695832058668, "RMSE": 28.04187438426927, "MRAE": 0.38312899728926014, "JSD": 0.1260474501735133, "R^2-Score": 0.3941685466873668, "MEAPE-mu": 0.4353933750237878, "MEAPE-std": 0.3450764600788326, "_runtime": 311, "_timestamp": 1645237965, "_step": 0, "_wandb": {"runtime": 312}}