{"ARI": -0.034942256440627775, "NMI": 0.20729180323187504, "JSD": 0.2688513572466769, "Precision": 0.6505050505050505, "Recall": 0.4, "F1-Score": 0.45629629629629626, "Accuracy": 0.4, "MEAPE-mu": 34.87454536644594, "MEAPE-std": 18.44632486372856, "_runtime": 3, "_timestamp": 1645623089, "_step": 0, "_wandb": {"runtime": 4}}