{"MAE": 24.844988661013605, "RMSE": 31.576422914682777, "MRAE": 0.4529471201896158, "JSD": Infinity, "R^2-Score": 0.23498804638146564, "MEAPE-mu": 0.9961838313813567, "MEAPE-std": 0.5092882153898274, "_runtime": 1, "_timestamp": 1645387594, "_step": 0, "_wandb": {"runtime": 3}}