{"MAE": 26.265448313623953, "RMSE": 30.797129859477504, "MRAE": 0.5458201974085408, "JSD": 0.14212421710818524, "R^2-Score": 0.2313458695654247, "MEAPE-mu": 5.8477900142132455, "MEAPE-std": 5.087528023013503, "_runtime": 2, "_timestamp": 1645101848, "_step": 0, "_wandb": {"runtime": 3}}