{"MAE": 22.67037824585863, "MRAE": 0.40235357440418973, "R^2-Score": 0.3614083524429281, "MEAPE-mu": 0.4141770164728163, "MEAPE-std": 0.30065386674081557, "RMSE": 29.1921925904255, "JSD": Infinity, "_runtime": 3, "_timestamp": 1646321476, "_step": 0, "_wandb": {"runtime": 4}}