{"MAE": 22.3687077512064, "RMSE": 29.38391763814843, "MRAE": 0.4276582189246997, "JSD": 0.1282766202143394, "R^2-Score": 0.5247596169391399, "MEAPE-mu": 5.1891816532431925, "MEAPE-std": 3.9295649104846615, "_runtime": 1, "_timestamp": 1645188886, "_step": 0, "_wandb": {"runtime": 3}}