{"MAE": 23.899851617177887, "RMSE": 30.331762448611972, "MRAE": 0.4895550329571822, "JSD": 0.13655000365445102, "R^2-Score": 0.43952699604824275, "MEAPE-mu": 6.209290942537001, "MEAPE-std": 5.463354784435222, "_runtime": 1, "_timestamp": 1645107691, "_step": 0, "_wandb": {"runtime": 3}}