{"MAE": 23.971326164874558, "RMSE": 33.439151035624, "MRAE": 0.5124756716728287, "JSD": 0.14621491135229725, "R^2-Score": 0.31516663378616827, "MEAPE-mu": 6.398401311428395, "MEAPE-std": 4.898208838028368, "_runtime": 2, "_timestamp": 1645116830, "_step": 0, "_wandb": {"runtime": 3}}