{"MAE": 23.5681274067061, "RMSE": 27.973964188311374, "MRAE": 0.6387532738828327, "JSD": 0.1432414639485117, "R^2-Score": 0.4570472806293556, "MEAPE-mu": 6.237669852134967, "MEAPE-std": 5.156562099941609, "_runtime": 1, "_timestamp": 1645118810, "_step": 0, "_wandb": {"runtime": 3}}