{"ARI": 0.1514997816419481, "NMI": 0.07778499714142012, "JSD": 0.19312220778584946, "Precision": 0.6915285752630488, "Recall": 0.7220196864746627, "F1-Score": 0.6712231110917386, "ROC AUC": 0.7390813936832964, "Accuracy": 0.7220196864746627, "MEAPE-mu": 19.498468211140473, "MEAPE-std": 0.6907229036014666, "_runtime": 47, "_timestamp": 1645558637, "_step": 0, "_wandb": {"runtime": 49}}