{"ARI": 0.7167237497570761, "NMI": 0.6144166376261561, "JSD": 0.10619231014734112, "Precision": 0.9072827004522066, "Recall": 0.9067672509429776, "F1-Score": 0.9069319516687068, "ROC AUC": 0.9799588395834649, "Accuracy": 0.9067672509429776, "MEAPE-mu": 0.9677976417879464, "MEAPE-std": 0.21482262022920262, "_runtime": 773, "_timestamp": 1654109279, "_step": 0, "_wandb": {"runtime": 773}}