{"ARI": 0.10384735689709103, "NMI": 0.07724721856552379, "JSD": 0.20332169917803974, "Precision": 0.6416666666666667, "Recall": 0.6666666666666666, "F1-Score": 0.6448484848484848, "ROC AUC": 0.6493213710605015, "Accuracy": 0.6666666666666666, "MEAPE-mu": 13.27887816255628, "MEAPE-std": 8.133202489880613, "_runtime": 10, "_timestamp": 1646947724, "_step": 0, "_wandb": {"runtime": 11}}