{"MAE": 22.076694695935313, "RMSE": 31.106456243740684, "MRAE": 0.3060156259938112, "JSD": 0.11653047611978996, "R^2-Score": 0.4069779842509762, "MEAPE-mu": 6.810684971925497, "MEAPE-std": 4.489045339499876, "_runtime": 2, "_timestamp": 1645118720, "_step": 0, "_wandb": {"runtime": 3}}