{"ARI": 0.029041348914322907, "NMI": 0.04209102131970656, "JSD": 0.19840614575026627, "Precision": 0.6203988170428769, "Recall": 0.6261371200355004, "F1-Score": 0.5288416971058104, "ROC AUC": 0.6343727891230979, "Accuracy": 0.6261371200355004, "MEAPE-mu": 32.39070805384315, "MEAPE-std": 0.26565862256450934, "_runtime": 1426, "_timestamp": 1648675807, "_step": 0, "_wandb": {"runtime": 1427}}