{"MAE": 13.607910024306872, "MRAE": 0.1947164263407239, "R^2-Score": 0.7227289268906275, "MEAPE-mu": 0.30300424798510794, "MEAPE-std": 0.23260556986092623, "RMSE": 18.928020465485595, "JSD": Infinity, "_runtime": 1133, "_timestamp": 1646535507, "_step": 0, "_wandb": {"runtime": 1134}}