{"ARI": -0.04424202992843201, "NMI": 0.02649549439276696, "JSD": 0.20753322595280907, "Precision": 0.4827586206896552, "Recall": 0.6666666666666666, "F1-Score": 0.5599999999999999, "ROC AUC": 0.5128249367379802, "Accuracy": 0.6666666666666666, "MEAPE-mu": 28.810886527436605, "MEAPE-std": 7.94187603155955, "_runtime": 4, "_timestamp": 1645462233, "_step": 0, "_wandb": {"runtime": 4}}