{"ARI": 0.13474834644950817, "NMI": 0.041166491517581914, "JSD": 0.20995505447806492, "Precision": 0.6340408332915548, "Recall": 0.6724389354721109, "F1-Score": 0.644845930764418, "ROC AUC": 0.7029862282992289, "Accuracy": 0.6724389354721109, "MEAPE-mu": 13.38979178043706, "MEAPE-std": 0.804280318654051, "_runtime": 5, "_timestamp": 1646917212, "_step": 0, "_wandb": {"runtime": 5}}