{"ARI": 0.44461382259880794, "NMI": 0.34270519265696764, "JSD": 0.15568726998166293, "Precision": 0.80115905442447, "Recall": 0.8019081428888396, "F1-Score": 0.7963748319865287, "ROC AUC": 0.869415755106517, "Accuracy": 0.8019081428888396, "MEAPE-mu": 4.304642132346612, "MEAPE-std": 0.3429887148010519, "_runtime": 2007, "_timestamp": 1647274244, "_step": 0, "_wandb": {"runtime": 2007}}