{"ARI": 0.10901987408800648, "NMI": 0.08373135923863827, "JSD": 0.2063230584664313, "Precision": 0.67457341877034, "Recall": 0.5880422894640904, "F1-Score": 0.6105532776856197, "ROC AUC": 0.6988332739511625, "Accuracy": 0.5880422894640904, "MEAPE-mu": 22.578040063071413, "MEAPE-std": 0.9825417154598979, "_runtime": 3, "_timestamp": 1645776056, "_step": 0, "_wandb": {"runtime": 4}}