{"MAE": 26.120135838719154, "RMSE": 30.91663592144432, "MRAE": 0.5141888606547059, "JSD": 0.15222359257038579, "R^2-Score": 0.2497554049375641, "MEAPE-mu": 6.753195309095393, "MEAPE-std": 5.010262592420439, "_runtime": 3, "_timestamp": 1645390872, "_step": 0, "_wandb": {"runtime": 4}}