{"ARI": 0.7287857833127053, "NMI": 0.6037400281009027, "JSD": 0.10560661317491365, "Precision": 0.9182394633358342, "Recall": 0.918412348401323, "F1-Score": 0.9165265750586139, "ROC AUC": 0.9754358564517054, "Accuracy": 0.918412348401323, "MEAPE-mu": 3.4979372977617724, "MEAPE-std": 0.9841144868344456, "_runtime": 193, "_timestamp": 1654217413, "_step": 0, "_wandb": {"runtime": 193}}