{"MAE": 23.98858523555677, "RMSE": 29.697440043893355, "MRAE": 0.43506070752206666, "JSD": Infinity, "R^2-Score": 0.20969623610111054, "MEAPE-mu": 0.905427315846185, "MEAPE-std": 0.49783770083784895, "_runtime": 1, "_timestamp": 1645391505, "_step": 0, "_wandb": {"runtime": 3}}