{"ARI": 0.33702258113182443, "NMI": 0.23542820422241192, "JSD": 0.1758532080167419, "Precision": 0.7440233199292683, "Recall": 0.7498557798979365, "F1-Score": 0.7414869788737791, "ROC AUC": 0.8673681805484643, "Accuracy": 0.7498557798979365, "MEAPE-mu": 6.127382209875907, "MEAPE-std": 0.34002692219529795, "_runtime": 992, "_timestamp": 1652635217, "_step": 0, "_wandb": {"runtime": 992}}