{"MAE": 28.37481039305272, "MRAE": 0.6219187821862401, "R^2-Score": 0.23424118612609912, "MEAPE-mu": 6.249742284960828, "MEAPE-std": 4.877702844760561, "RMSE": 36.53351463652728, "JSD": 0.1684678278504686, "_runtime": 3, "_timestamp": 1646480933, "_step": 0, "_wandb": {"runtime": 4}}