{"MAE": 26.83253476457498, "MRAE": 0.4591982407102119, "R^2-Score": -0.14066082441590866, "MEAPE-mu": 6.008890293126046, "MEAPE-std": 4.175722864811696, "RMSE": 33.025454602244224, "JSD": 0.15455812974690766, "_runtime": 2, "_timestamp": 1646480608, "_step": 0, "_wandb": {"runtime": 4}}