{"ARI": 0.0, "NMI": 0.0, "JSD": 0.17878432623971877, "Precision": 0.49, "Recall": 0.7, "F1-Score": 0.5764705882352941, "ROC AUC": 0.6149327122153209, "Accuracy": 0.7, "MEAPE-mu": 33.371711138754335, "MEAPE-std": 6.33497500597418, "_runtime": 6, "_timestamp": 1646943099, "_step": 0, "_wandb": {"runtime": 6}}