{"ARI": 0.7129800123209843, "NMI": 0.5844673890786967, "JSD": 0.11094759641667512, "Precision": 0.9121558051822748, "Recall": 0.9117971334068358, "F1-Score": 0.911596150747563, "ROC AUC": 0.9705307359958721, "Accuracy": 0.9117971334068358, "MEAPE-mu": 1.0643664490899785, "MEAPE-std": 0.7518760213814932, "_runtime": 191, "_timestamp": 1654217212, "_step": 0, "_wandb": {"runtime": 193}}