{"ARI": 0.16863518883917405, "NMI": 0.1525383559947328, "JSD": 0.18967524240914962, "Precision": 0.6435483870967742, "Recall": 0.6774193548387096, "F1-Score": 0.6548387096774193, "ROC AUC": 0.6073732718894009, "Accuracy": 0.6774193548387096, "MEAPE-mu": 12.427884424277657, "MEAPE-std": 7.8930360399053985, "_runtime": 144, "_timestamp": 1645493749, "_step": 0, "_wandb": {"runtime": 144}}