{"ARI": 0.05565838823592989, "NMI": 0.01767101029679441, "JSD": 0.21436502887729925, "Precision": 0.6516425972867904, "Recall": 0.6992171818546769, "F1-Score": 0.6363933727152035, "ROC AUC": 0.6994767184320531, "Accuracy": 0.6992171818546769, "MEAPE-mu": 26.602893333044907, "MEAPE-std": 0.33778458736396577, "_runtime": 8, "_timestamp": 1646929103, "_step": 0, "_wandb": {"runtime": 8}}