{"MAE": 16.565308192902677, "MRAE": 0.28846483186668387, "R^2-Score": 0.5786792070653636, "MEAPE-mu": 0.8156600882146309, "MEAPE-std": 0.3842413272585301, "RMSE": 23.2699894110833, "JSD": Infinity, "_runtime": 152, "_timestamp": 1646532157, "_step": 0, "_wandb": {"runtime": 152}}