{"ARI": -0.03132688035964456, "NMI": 0.05490541267817349, "JSD": 0.1907373241004244, "Precision": 0.6832105697186738, "Recall": 0.35216915785636166, "F1-Score": 0.30868238079164173, "ROC AUC": 0.7289407947506145, "Accuracy": 0.35216915785636166, "MEAPE-mu": 75.04803275574595, "MEAPE-std": 1.1875878800135908, "_runtime": 5, "_timestamp": 1646920129, "_step": 0, "_wandb": {"runtime": 5}}