{"MAE": 22.605548977954413, "MRAE": 0.5718850436647752, "R^2-Score": 0.39373306912396877, "MEAPE-mu": 7.420020810526293, "MEAPE-std": 0.31727083355734287, "RMSE": 30.110709124308528, "JSD": Infinity, "_runtime": 5, "_timestamp": 1646946544, "_step": 0, "_wandb": {"runtime": 5}}