{"MAE": 24.348694926644797, "RMSE": 28.93328040685396, "MRAE": 0.4014263050298836, "JSD": Infinity, "R^2-Score": 0.21214415881828552, "MEAPE-mu": 5.044780857660952, "MEAPE-std": 0.40403279262337755, "_runtime": 1, "_timestamp": 1645391497, "_step": 0, "_wandb": {"runtime": 3}}