{"ARI": 0.20642370872223947, "NMI": 0.1195324489214656, "JSD": 0.18366336900691094, "Precision": 0.7267648284520718, "Recall": 0.7448049580751003, "F1-Score": 0.6993505143208297, "ROC AUC": 0.7758017426565179, "Accuracy": 0.7448049580751003, "MEAPE-mu": 17.81188755731678, "MEAPE-std": 0.6176948080697291, "_runtime": 36, "_timestamp": 1646923231, "_step": 0, "_wandb": {"runtime": 36}}