{"ARI": 0.022004494720353266, "NMI": 0.0022246612058920592, "JSD": Infinity, "Precision": 0.6445942782389567, "Recall": 0.6474068231118123, "F1-Score": 0.6459814720866699, "ROC AUC": 0.5398377156670091, "Accuracy": 0.6474068231118123, "MEAPE-mu": 3.4391771538645104, "MEAPE-std": 2.4793036255054077, "_runtime": 4, "_timestamp": 1653902635, "_step": 0, "_wandb": {"runtime": 5}}