{"MAE": 10.82781783891724, "MRAE": 0.17582045787165831, "R^2-Score": 0.6912600519199186, "MEAPE-mu": 0.5556615884788898, "MEAPE-std": 0.19980588486433812, "RMSE": 19.05794787096352, "JSD": 0.0913103420543272, "_runtime": 10, "_timestamp": 1646998091, "_step": 0, "_wandb": {"runtime": 10}}