{"MAE": 22.120064373601657, "MRAE": 0.38633230612276603, "R^2-Score": 0.36221797015763957, "MEAPE-mu": 0.6174896841955004, "MEAPE-std": 0.44378685340832896, "RMSE": 28.27763398019713, "JSD": Infinity, "_runtime": 3, "_timestamp": 1646321466, "_step": 0, "_wandb": {"runtime": 4}}