{"MAE": 0.0031824737683154953, "MRAE": 2.9389013673572338e-05, "R^2-Score": 0.999996348992316, "MEAPE-mu": 0.0008304319489525502, "MEAPE-std": 0.00046059531565243155, "RMSE": 0.06571183314386717, "JSD": 0.0002599856148721847, "_runtime": 5012, "_timestamp": 1648352419, "_step": 0, "_wandb": {"runtime": 5013}}