{"MAE": 33.37051812023621, "MRAE": 0.554065725293588, "R^2-Score": 0.1359444046484095, "MEAPE-mu": 11.000880039446715, "MEAPE-std": 6.336934479989297, "RMSE": 39.62085770636066, "JSD": 0.16433444878594447, "_runtime": 3, "_timestamp": 1646306990, "_step": 0, "_wandb": {"runtime": 4}}