{"MAE": 11.873142857599978, "MRAE": 0.21969744053484844, "R^2-Score": 0.7969931419390665, "MEAPE-mu": 0.2657471434927599, "MEAPE-std": 0.17039024765964267, "RMSE": 16.272338483081207, "JSD": Infinity, "_runtime": 1128, "_timestamp": 1646538158, "_step": 0, "_wandb": {"runtime": 1129}}