{"MAE": 23.791612261593656, "RMSE": 30.859538906471705, "MRAE": 0.3912633157481667, "JSD": 0.13660874866989756, "R^2-Score": 0.32290158702304794, "MEAPE-mu": 5.188236442255823, "MEAPE-std": 3.8398609514758735, "_runtime": 3, "_timestamp": 1645389573, "_step": 0, "_wandb": {"runtime": 4}}