{"ARI": 0.018719261708810025, "NMI": 0.009468644699534273, "JSD": 0.22911563006369742, "Precision": 0.5081369671773145, "Recall": 0.4729531839360994, "F1-Score": 0.48143009822953425, "ROC AUC": 0.5181575780656391, "Accuracy": 0.4729531839360994, "MEAPE-mu": 5.333936565403062, "MEAPE-std": 0.3745362291256913, "_runtime": 4, "_timestamp": 1646931990, "_step": 0, "_wandb": {"runtime": 5}}