{"ARI": 0.7122491644633273, "NMI": 0.5953477443745301, "JSD": 0.112414474519366, "Precision": 0.9122306251731646, "Recall": 0.9130514035727306, "F1-Score": 0.9121848301368352, "ROC AUC": 0.9767477342508387, "Accuracy": 0.9130514035727306, "MEAPE-mu": 2.0966134787006654, "MEAPE-std": 0.45203653905034424, "_runtime": 573, "_timestamp": 1646921540, "_step": 0, "_wandb": {"runtime": 573}}