{"MAE": 17.785745534086768, "MRAE": 0.301968862078635, "R^2-Score": 0.5525108746255207, "MEAPE-mu": 3.135802707539562, "MEAPE-std": 0.3722830016925567, "RMSE": 24.041207029507785, "JSD": 0.10464006776195654, "_runtime": 60, "_timestamp": 1646422056, "_step": 0, "_wandb": {"runtime": 61}}