{"MAE": 27.10476643225169, "RMSE": 33.54909218872451, "MRAE": 0.6101484900090917, "JSD": Infinity, "R^2-Score": 0.03469177032031945, "MEAPE-mu": 0.27391104823627155, "MEAPE-std": 0.19319510282754, "_runtime": 6, "_timestamp": 1645193550, "_step": 0, "_wandb": {"runtime": 5}}