{"MAE": 22.756862547464575, "RMSE": 30.5379629843545, "MRAE": 0.4733898411372383, "JSD": 0.14279150034771632, "R^2-Score": 0.34846730153881966, "MEAPE-mu": 6.254804209016357, "MEAPE-std": 4.849296898699177, "_runtime": 4, "_timestamp": 1645390204, "_step": 0, "_wandb": {"runtime": 4}}