{"MAE": 19.183312876964507, "MRAE": 0.4141524431244708, "R^2-Score": 0.4911499464594683, "MEAPE-mu": 3.627679541330858, "MEAPE-std": 0.24417313951674532, "RMSE": 24.459953045830964, "JSD": 0.12691781491682902, "_runtime": 16, "_timestamp": 1647528132, "_step": 0, "_wandb": {"runtime": 16}}