{"MAE": 10.855164189039272, "MRAE": 0.17706539080366335, "R^2-Score": 0.6836363374355943, "MEAPE-mu": 0.7399796179693482, "MEAPE-std": 0.163050420085941, "RMSE": 19.259265370532766, "JSD": 0.09208836526469438, "_runtime": 9, "_timestamp": 1646998178, "_step": 0, "_wandb": {"runtime": 10}}