{"ARI": 0.05541178526060798, "NMI": 0.03649267359534879, "JSD": 0.2071483991517451, "Precision": 0.5973642483529408, "Recall": 0.6262702462835589, "F1-Score": 0.5487896309024034, "ROC AUC": 0.6389328823170114, "Accuracy": 0.6262702462835589, "MEAPE-mu": 27.736369413173954, "MEAPE-std": 0.31162620576125616, "_runtime": 588, "_timestamp": 1645725517, "_step": 0, "_wandb": {"runtime": 589}}