{"MAE": 21.05594635822036, "MRAE": 0.35714975568074697, "R^2-Score": 0.40738131366550334, "MEAPE-mu": 1.8452568375047342, "MEAPE-std": 0.419526484539395, "RMSE": 27.51728246148056, "JSD": 0.12286592706643724, "_runtime": 179, "_timestamp": 1646514569, "_step": 0, "_wandb": {"runtime": 181}}