{"MAE": 22.860080301220908, "RMSE": 33.201311754480976, "MRAE": 0.44596107447745104, "JSD": 0.14542849870626562, "R^2-Score": 0.109119771359112, "MEAPE-mu": 5.657354008920492, "MEAPE-std": 4.0042578283198, "_runtime": 4, "_timestamp": 1645389073, "_step": 0, "_wandb": {"runtime": 5}}