{"ARI": 0.029759511393414984, "NMI": 0.06332353910688793, "JSD": 0.2333573403591909, "Precision": 0.5963760955209075, "Recall": 0.5079278294149808, "F1-Score": 0.5315832840354393, "ROC AUC": 0.6276870219217384, "Accuracy": 0.5079278294149808, "MEAPE-mu": 21.184804169923172, "MEAPE-std": 1.085708501919082, "_runtime": 2, "_timestamp": 1645786723, "_step": 0, "_wandb": {"runtime": 4}}