{"MAE": 31.33928571428571, "RMSE": 38.05407336935167, "MRAE": 0.7090818031567887, "JSD": 0.17492622531504026, "R^2-Score": 0.18818197614428722, "MEAPE-mu": 7.40762204469463, "MEAPE-std": 4.885417335098792, "_runtime": 3, "_timestamp": 1645389943, "_step": 0, "_wandb": {"runtime": 4}}