{"ARI": 0.2772565114452811, "NMI": 0.1549370375551432, "JSD": 0.1831905465140628, "Precision": 0.7926052571509828, "Recall": 0.8059554328534806, "F1-Score": 0.7838280674065118, "ROC AUC": 0.8210813774093692, "Accuracy": 0.8059554328534806, "MEAPE-mu": 15.18220525963469, "MEAPE-std": 0.736371978520275, "_runtime": 29, "_timestamp": 1646926705, "_step": 0, "_wandb": {"runtime": 28}}