{"MAE": 28.87038953676232, "MRAE": 0.7823804146477404, "R^2-Score": 0.3016231841715761, "MEAPE-mu": 8.024837829652432, "MEAPE-std": 7.51614563164476, "RMSE": 37.21400349599797, "JSD": 0.18003520812065243, "_runtime": 3, "_timestamp": 1646304183, "_step": 0, "_wandb": {"runtime": 4}}