{"ARI": 0.18065253392126374, "NMI": 0.12678647838911158, "JSD": 0.19404281598938838, "Precision": 0.6694139494946081, "Recall": 0.6867983137341913, "F1-Score": 0.643651659843386, "ROC AUC": 0.7274953877100804, "Accuracy": 0.6867983137341913, "MEAPE-mu": 12.642002768527737, "MEAPE-std": 0.3542695281095618, "_runtime": 59, "_timestamp": 1647232642, "_step": 0, "_wandb": {"runtime": 59}}