{"ARI": 0.694575993355917, "NMI": 0.591507543366239, "JSD": 0.11069550716218207, "Precision": 0.8997789562343248, "Recall": 0.898513423563346, "F1-Score": 0.89888070499734, "ROC AUC": 0.9779554649196887, "Accuracy": 0.898513423563346, "MEAPE-mu": 1.7500389631165194, "MEAPE-std": 0.20384155080205646, "_runtime": 3322, "_timestamp": 1648019388, "_step": 0, "_wandb": {"runtime": 3321}}