{"MAE": 23.27234832831258, "RMSE": 28.653889516791047, "MRAE": 0.38637943601684177, "JSD": 0.12291808221847085, "R^2-Score": 0.4372258106122522, "MEAPE-mu": 8.968316872053734, "MEAPE-std": 4.76096605720984, "_runtime": 4, "_timestamp": 1645389084, "_step": 0, "_wandb": {"runtime": 4}}