{"MAE": 24.464098252708066, "RMSE": 32.79161690818827, "MRAE": 0.418925224154408, "JSD": 0.13914345129197447, "R^2-Score": 0.30752891633906965, "MEAPE-mu": 6.563459479071001, "MEAPE-std": 4.892827403151636, "_runtime": 2, "_timestamp": 1645118784, "_step": 0, "_wandb": {"runtime": 3}}