{"ARI": 0.0662724683762163, "NMI": 0.030513886199939454, "JSD": 0.18591849826232743, "Precision": 0.6334121444011432, "Recall": 0.7111356119073869, "F1-Score": 0.6209680481885455, "ROC AUC": 0.7314546528001235, "Accuracy": 0.7111356119073869, "MEAPE-mu": 29.01503571455886, "MEAPE-std": 1.224856827542486, "_runtime": 6, "_timestamp": 1654269273, "_step": 0, "_wandb": {"runtime": 7}}