{"ARI": 0.0, "NMI": 0.0, "JSD": 0.18673225075971536, "Precision": 0.5243757431629014, "Recall": 0.7241379310344828, "F1-Score": 0.6082758620689656, "ROC AUC": 0.4047619047619047, "Accuracy": 0.7241379310344828, "MEAPE-mu": 34.31070315343064, "MEAPE-std": 6.982418513634237, "_runtime": 5, "_timestamp": 1646933380, "_step": 0, "_wandb": {"runtime": 5}}