{"ARI": 0.04886401251448403, "NMI": 0.013860639050086726, "JSD": 0.20818276194962343, "Precision": 0.6178811073093498, "Recall": 0.6765081100783671, "F1-Score": 0.5960842613995978, "ROC AUC": 0.6604454942786646, "Accuracy": 0.6765081100783671, "MEAPE-mu": 25.160704746286118, "MEAPE-std": 0.7450858834107552, "_runtime": 4, "_timestamp": 1645774379, "_step": 0, "_wandb": {"runtime": 4}}