{"ARI": 0.13725490196078433, "NMI": 0.1439034471387111, "JSD": Infinity, "Precision": 0.8333333333333333, "Recall": 0.7857142857142857, "F1-Score": 0.7187500000000001, "ROC AUC": 0.5782312925170068, "Accuracy": 0.7857142857142857, "MEAPE-mu": 111.47070707070708, "MEAPE-std": 92.3612687341626, "_runtime": 2, "_timestamp": 1653670896, "_step": 0, "_wandb": {"runtime": 4}}