{"ARI": 0.04758852104509234, "NMI": 0.02707579651747335, "JSD": 0.18207710243284075, "Precision": 0.7062578700844234, "Recall": 0.7034269048487058, "F1-Score": 0.600189996119586, "ROC AUC": 0.6713962275037278, "Accuracy": 0.7034269048487058, "MEAPE-mu": 31.706899922864018, "MEAPE-std": 0.5674989828306094, "_runtime": 150, "_timestamp": 1645461057, "_step": 0, "_wandb": {"runtime": 151}}