{"ARI": 0.1421395087403138, "NMI": 0.06332211199077083, "JSD": 0.19519155823289092, "Precision": 0.6887134978474246, "Recall": 0.7161866569449508, "F1-Score": 0.6597317364700682, "ROC AUC": 0.7234155990136049, "Accuracy": 0.7161866569449508, "MEAPE-mu": 20.255218646092906, "MEAPE-std": 0.6238622543140117, "_runtime": 216, "_timestamp": 1645522898, "_step": 0, "_wandb": {"runtime": 216}}