{"ARI": 0.03119401446289021, "NMI": 0.01204528748880732, "JSD": 0.2005933949749952, "Precision": 0.6574822053417027, "Recall": 0.7027800080289041, "F1-Score": 0.6099712046454318, "ROC AUC": 0.6671698659162563, "Accuracy": 0.7027800080289041, "MEAPE-mu": 32.93128416780932, "MEAPE-std": 0.3054278414002491, "_runtime": 5, "_timestamp": 1645772212, "_step": 0, "_wandb": {"runtime": 5}}