{"MAE": 24.903757620537007, "RMSE": 31.424571886077715, "MRAE": 0.4627035114184187, "JSD": Infinity, "R^2-Score": 0.2394127098917761, "MEAPE-mu": 0.4721312273797987, "MEAPE-std": 0.36965096104828915, "_runtime": 4, "_timestamp": 1645429840, "_step": 0, "_wandb": {"runtime": 5}}