{"ARI": -0.0007839681113428859, "NMI": 0.00016458503494710895, "JSD": Infinity, "Precision": 0.59917485487224, "Recall": 0.7498028391167192, "F1-Score": 0.6438043945469644, "ROC AUC": 0.5104248384480374, "Accuracy": 0.7498028391167192, "MEAPE-mu": 99.21038918219048, "MEAPE-std": 4.801810457207593, "_runtime": 2, "_timestamp": 1653905415, "_step": 0, "_wandb": {"runtime": 3}}