{"ARI": 0.6132924845794833, "NMI": 0.4490222927185515, "JSD": 0.12988643519529963, "Precision": 0.8686677403919034, "Recall": 0.8722201968647466, "F1-Score": 0.8690471949291202, "ROC AUC": 0.9478011759434158, "Accuracy": 0.8722201968647466, "MEAPE-mu": 3.709290848110308, "MEAPE-std": 0.501497503122422, "_runtime": 4106, "_timestamp": 1647432612, "_step": 0, "_wandb": {"runtime": 4106}}