{"ARI": 0.0, "NMI": 1.6883267560046202e-15, "JSD": 0.17799924040314316, "Precision": 0.0, "Recall": 0.0, "F1-Score": 0.0, "Accuracy": 0.0, "MEAPE-mu": 167.56596374793463, "MEAPE-std": 7.239813006149055, "_runtime": 2, "_timestamp": 1645617897, "_step": 0, "_wandb": {"runtime": 3}}