{"ARI": 0.09180935785625187, "NMI": 0.03948146075394237, "JSD": 0.2081275992643684, "Precision": 0.5766764047102411, "Recall": 0.5303305968493455, "F1-Score": 0.5323227855929131, "ROC AUC": 0.6463621645079362, "Accuracy": 0.5303305968493455, "MEAPE-mu": 6.763855311931826, "MEAPE-std": 0.3963162851929497, "_runtime": 5, "_timestamp": 1646930887, "_step": 0, "_wandb": {"runtime": 5}}