{"ARI": 0.07121692585693262, "NMI": 0.11834809454925724, "JSD": 0.18145505961045413, "Precision": 0.7565329877672256, "Recall": 0.3298424672731307, "F1-Score": 0.20392442695224952, "ROC AUC": 0.7319264154774446, "Accuracy": 0.3298424672731307, "MEAPE-mu": 74.3044468180612, "MEAPE-std": 0.5993678388506413, "_runtime": 2, "_timestamp": 1645788485, "_step": 0, "_wandb": {"runtime": 3}}