{"ARI": 0.1255220291655521, "NMI": 0.061248944611609936, "JSD": 0.1939216675150251, "Precision": 0.672602818649356, "Recall": 0.7162383816293056, "F1-Score": 0.6571182514638835, "ROC AUC": 0.7134006744434234, "Accuracy": 0.7162383816293056, "MEAPE-mu": 21.28472614035064, "MEAPE-std": 0.64145149102443, "_runtime": 238, "_timestamp": 1645495772, "_step": 0, "_wandb": {"runtime": 239}}