{"ARI": 0.7837269032572437, "NMI": 0.646616142900659, "JSD": 0.09083259561737388, "Precision": 0.9301440569533512, "Recall": 0.9312796208530806, "F1-Score": 0.9299867473524437, "ROC AUC": 0.983936725463668, "Accuracy": 0.9312796208530806, "MEAPE-mu": 2.183979903656016, "MEAPE-std": 0.39142794664134994, "_runtime": 600, "_timestamp": 1647225987, "_step": 0, "_wandb": {"runtime": 600}}