{"ARI": 0.9964997562161075, "NMI": 0.9890706529597686, "JSD": 0.011841118472757439, "Precision": 0.998907765416885, "Recall": 0.998906306963179, "F1-Score": 0.9989062635524122, "ROC AUC": 0.9999965191897974, "Accuracy": 0.998906306963179, "MEAPE-mu": 0.0588368480349654, "MEAPE-std": 0.04207355517507307, "_runtime": 103, "_timestamp": 1646793460, "_step": 0, "_wandb": {"runtime": 104}}