{"ARI": 0.0005303305099909537, "NMI": 7.349850560388113e-05, "JSD": Infinity, "Precision": 0.6467713973261167, "Recall": 0.7503450995858805, "F1-Score": 0.6443969559255301, "ROC AUC": 0.4568859246624306, "Accuracy": 0.7503450995858805, "MEAPE-mu": 98.65090008485166, "MEAPE-std": 4.7275051140740025, "_runtime": 4, "_timestamp": 1653905436, "_step": 0, "_wandb": {"runtime": 3}}