{"ARI": 0.09527132454780184, "NMI": 0.03427202524846192, "JSD": 0.2034831218822549, "Precision": 0.6521634719904211, "Recall": 0.6963179001093693, "F1-Score": 0.6350764900900532, "ROC AUC": 0.6519033681314274, "Accuracy": 0.6963179001093693, "MEAPE-mu": 21.49096610880811, "MEAPE-std": 0.698338866438215, "_runtime": 139, "_timestamp": 1645471618, "_step": 0, "_wandb": {"runtime": 138}}