{"MAE": 20.657419459025064, "RMSE": 24.858845544241028, "MRAE": 0.3029738810022332, "JSD": 0.11832409766280626, "R^2-Score": -0.20405963428551677, "MEAPE-mu": 5.1993380196349905, "MEAPE-std": 3.870815682303547, "_runtime": 1, "_timestamp": 1645190344, "_step": 0, "_wandb": {"runtime": 3}}