{"ARI": 0.027335345502581366, "NMI": 0.04513356377695524, "JSD": 0.21390570693504116, "Precision": 0.526406474252766, "Recall": 0.6193033059684935, "F1-Score": 0.5452350629272762, "ROC AUC": 0.7683016208465907, "Accuracy": 0.6193033059684935, "MEAPE-mu": 24.40033429084821, "MEAPE-std": 0.30690163567295586, "_runtime": 209, "_timestamp": 1645944969, "_step": 0, "_wandb": {"runtime": 210}}