{"ARI": 0.05251726915048678, "NMI": 0.041057508553672434, "JSD": 0.20032168998219868, "Precision": 0.6065258770487229, "Recall": 0.6309740403816286, "F1-Score": 0.5457520517529649, "ROC AUC": 0.6541648050471488, "Accuracy": 0.6309740403816286, "MEAPE-mu": 30.257011912136917, "MEAPE-std": 0.2939550108227335, "_runtime": 1562, "_timestamp": 1646079069, "_step": 0, "_wandb": {"runtime": 1562}}