{"ARI": -0.000975125110391522, "NMI": 0.14393564723756455, "JSD": 0.4331235398442446, "Precision": 0.6850094876660341, "Recall": 0.1935483870967742, "F1-Score": 0.2303565365025467, "Accuracy": 0.1935483870967742, "MEAPE-mu": 22.619521309973784, "MEAPE-std": 13.792163227699413, "_runtime": 4, "_timestamp": 1645545958, "_step": 0, "_wandb": {"runtime": 4}}