{"ARI": 0.3465956546372989, "NMI": 0.20963178380834185, "JSD": 0.17380031778887456, "Precision": 0.817607175438301, "Recall": 0.8264642082429501, "F1-Score": 0.8106773352936406, "ROC AUC": 0.8557817794003717, "Accuracy": 0.8264642082429501, "MEAPE-mu": 13.062318425712826, "MEAPE-std": 0.602251018540846, "_runtime": 31, "_timestamp": 1645782212, "_step": 0, "_wandb": {"runtime": 32}}