{"ARI": -0.025717789275988424, "NMI": 0.021410135237700845, "JSD": 0.24285619791032637, "Precision": 0.459847047623262, "Recall": 0.5573552252052363, "F1-Score": 0.49642854881304227, "ROC AUC": 0.5416450293439654, "Accuracy": 0.5573552252052363, "MEAPE-mu": 18.214014377253733, "MEAPE-std": 0.36997540501351384, "_runtime": 10, "_timestamp": 1646920794, "_step": 0, "_wandb": {"runtime": 11}}