{"ARI": 0.03131342993185419, "NMI": 0.004354950821653498, "JSD": Infinity, "Precision": 0.6522967301601684, "Recall": 0.6517452179057385, "F1-Score": 0.6520201919440457, "ROC AUC": 0.5566334749778057, "Accuracy": 0.6517452179057385, "MEAPE-mu": 2.857498371011421, "MEAPE-std": 2.2035917272082015, "_runtime": 4, "_timestamp": 1653902623, "_step": 0, "_wandb": {"runtime": 6}}