{"MAE": 0.004659435973089917, "MRAE": 4.5382544698494934e-05, "R^2-Score": 0.9999906692733052, "MEAPE-mu": 0.0012842648698323592, "MEAPE-std": 0.0008466623435026854, "RMSE": 0.10417519324094497, "JSD": 0.00045116031353777315, "_runtime": 5036, "_timestamp": 1648342447, "_step": 0, "_wandb": {"runtime": 5036}}