{"ARI": -0.013346186668999463, "NMI": 0.05241130955753168, "JSD": 0.22874605333657586, "Precision": 0.45265214524573716, "Recall": 0.5689815842023519, "F1-Score": 0.48832466499968963, "ROC AUC": 0.5786191734528281, "Accuracy": 0.5689815842023519, "MEAPE-mu": 25.25067079894905, "MEAPE-std": 0.35739429098581255, "_runtime": 400, "_timestamp": 1647387361, "_step": 0, "_wandb": {"runtime": 401}}