{"ARI": 0.11432420068830886, "NMI": 0.05937743349063317, "JSD": 0.19322744002725747, "Precision": 0.6471240876724624, "Recall": 0.7199558985667034, "F1-Score": 0.6584017147229816, "ROC AUC": 0.7157979965979219, "Accuracy": 0.7199558985667034, "MEAPE-mu": 22.049964213490327, "MEAPE-std": 1.531372759214575, "_runtime": 3, "_timestamp": 1654268807, "_step": 0, "_wandb": {"runtime": 4}}