{"ARI": 0.37410522279157965, "NMI": 0.26058760691733673, "JSD": 0.1629041520858307, "Precision": 0.7638068901333395, "Recall": 0.7684934546261372, "F1-Score": 0.7526961235658528, "ROC AUC": 0.7638717032622392, "Accuracy": 0.7684934546261372, "MEAPE-mu": 11.612040544636757, "MEAPE-std": 0.28663085044630293, "_runtime": 529, "_timestamp": 1647717811, "_step": 0, "_wandb": {"runtime": 529}}