{"ARI": 0.21691094825671775, "NMI": 0.14806915423116324, "JSD": 0.19326851502448184, "Precision": 0.6487455197132617, "Recall": 0.6774193548387096, "F1-Score": 0.6612903225806451, "ROC AUC": 0.708352534562212, "Accuracy": 0.6774193548387096, "MEAPE-mu": 8.618774530733512, "MEAPE-std": 7.067939287995973, "_runtime": 8, "_timestamp": 1645466201, "_step": 0, "_wandb": {"runtime": 9}}