{"ARI": 0.7135593180996357, "NMI": 0.591218644094404, "JSD": 0.11151313790599064, "Precision": 0.9134793992722623, "Recall": 0.9140022050716649, "F1-Score": 0.9125481619457725, "ROC AUC": 0.9682192844716524, "Accuracy": 0.9140022050716649, "MEAPE-mu": 3.0821812808439244, "MEAPE-std": 1.054856924582943, "_runtime": 191, "_timestamp": 1654216616, "_step": 0, "_wandb": {"runtime": 193}}