{"MAE": 17.218987103819575, "RMSE": 22.865582691596035, "MRAE": 0.2603590471608762, "JSD": 0.10039464133642224, "R^2-Score": 0.435594077153019, "MEAPE-mu": 4.916180228040388, "MEAPE-std": 3.4539140534761517, "_runtime": 2, "_timestamp": 1645118192, "_step": 0, "_wandb": {"runtime": 3}}