{"MAE": 26.793331487003012, "MRAE": 0.5406351606792089, "R^2-Score": 0.1413430773302392, "MEAPE-mu": 5.8268482607056695, "MEAPE-std": 4.540465429230067, "RMSE": 33.80585349355089, "JSD": 0.1572505859202608, "_runtime": 3, "_timestamp": 1646310573, "_step": 0, "_wandb": {"runtime": 4}}