{"ARI": 0.04197785217615246, "NMI": 0.03091201995696271, "JSD": 0.1972523050278199, "Precision": 0.6268075639599554, "Recall": 0.7096774193548387, "F1-Score": 0.634619439173519, "ROC AUC": 0.7897509578544062, "Accuracy": 0.7096774193548387, "MEAPE-mu": 25.21819426953997, "MEAPE-std": 9.06433033359512, "_runtime": 4, "_timestamp": 1646942080, "_step": 0, "_wandb": {"runtime": 5}}