{"ARI": 0.03271552097880063, "NMI": 0.018716139400485676, "JSD": 0.2038475812157458, "Precision": 0.558354631907613, "Recall": 0.6175282893277124, "F1-Score": 0.5243687465460807, "ROC AUC": 0.6053396438084341, "Accuracy": 0.6175282893277124, "MEAPE-mu": 30.530967832313255, "MEAPE-std": 0.31098695852159675, "_runtime": 3, "_timestamp": 1645606146, "_step": 0, "_wandb": {"runtime": 4}}