{"ARI": 0.13067797568702894, "NMI": 0.11100606648161866, "JSD": 0.2024893082744866, "Precision": 0.6276782639725156, "Recall": 0.5850011093854005, "F1-Score": 0.5957237397538072, "ROC AUC": 0.7018623523138792, "Accuracy": 0.5850011093854005, "MEAPE-mu": 14.591302375109233, "MEAPE-std": 0.4458082969105324, "_runtime": 2, "_timestamp": 1645787397, "_step": 0, "_wandb": {"runtime": 4}}