{"ARI": 0.16585338649861975, "NMI": 0.1955251972331976, "JSD": 0.1620002928228905, "Precision": 0.7163515016685206, "Recall": 0.7419354838709677, "F1-Score": 0.6693906810035842, "ROC AUC": 0.6685867895545314, "Accuracy": 0.7419354838709677, "MEAPE-mu": 26.930950948091652, "MEAPE-std": 6.293433441924012, "_runtime": 3, "_timestamp": 1645459566, "_step": 0, "_wandb": {"runtime": 4}}