{"MAE": 20.729961727720063, "RMSE": 27.44449304781121, "MRAE": 0.3379088498174041, "JSD": 0.12982379234862904, "R^2-Score": 0.16417596544169666, "MEAPE-mu": 0.4033103397295738, "MEAPE-std": 0.30827496596219267, "_runtime": 97, "_timestamp": 1645530912, "_step": 0, "_wandb": {"runtime": 98}}