{"MAE": 32.63242361339552, "MRAE": 0.5764877593391678, "R^2-Score": 0.1853129754867966, "MEAPE-mu": 9.022549739939038, "MEAPE-std": 6.078917382849164, "RMSE": 38.472324667276965, "JSD": 0.16404887815756336, "_runtime": 5, "_timestamp": 1646307015, "_step": 0, "_wandb": {"runtime": 4}}