{"ARI": 0.19642869587473605, "NMI": 0.098924179585113, "JSD": 0.194063580418007, "Precision": 0.6664551027190063, "Recall": 0.7276704338315713, "F1-Score": 0.689269395107976, "ROC AUC": 0.7392958415901826, "Accuracy": 0.7276704338315713, "MEAPE-mu": 11.521172582028989, "MEAPE-std": 0.657496829436625, "_runtime": 6, "_timestamp": 1645784556, "_step": 0, "_wandb": {"runtime": 7}}