{"ARI": 0.190468204384147, "NMI": 0.11570370477117657, "JSD": 0.18468229812378553, "Precision": 0.7284536464105592, "Recall": 0.7382427998541743, "F1-Score": 0.6870958747636768, "ROC AUC": 0.7488546815336712, "Accuracy": 0.7382427998541743, "MEAPE-mu": 21.99353023025277, "MEAPE-std": 0.6408639147283425, "_runtime": 2942, "_timestamp": 1646893095, "_step": 0, "_wandb": {"runtime": 2942}}