{"MAE": 25.056725259220606, "RMSE": 32.0069198121738, "MRAE": 0.33050977990037045, "JSD": 0.12394765692588805, "R^2-Score": 0.16518585545880937, "MEAPE-mu": 9.527406555300248, "MEAPE-std": 4.746586752107897, "_runtime": 1, "_timestamp": 1645102021, "_step": 4, "_wandb": {"runtime": 3}}