{"MAE": 25.118896047694726, "MRAE": 0.4835691945456221, "R^2-Score": 0.46190790977847995, "MEAPE-mu": 5.172155257271669, "MEAPE-std": 3.760556021198018, "RMSE": 31.266648653062525, "JSD": 0.13747326063791548, "_runtime": 3, "_timestamp": 1646479978, "_step": 0, "_wandb": {"runtime": 3}}