{"ARI": 0.15198323493463173, "NMI": 0.0704456265953557, "JSD": 0.2042172835303824, "Precision": 0.6020944683637772, "Recall": 0.6438429110272909, "F1-Score": 0.5964521190912653, "ROC AUC": 0.7109745489843394, "Accuracy": 0.6438429110272909, "MEAPE-mu": 21.238866114230387, "MEAPE-std": 0.3547650747863582, "_runtime": 5, "_timestamp": 1646929587, "_step": 0, "_wandb": {"runtime": 5}}