{"MAE": 28.36202097943523, "MRAE": 0.544160913299513, "R^2-Score": 0.326072181844382, "MEAPE-mu": 7.141559433233414, "MEAPE-std": 5.89479388153378, "RMSE": 36.1013528154226, "JSD": 0.15588446321128294, "_runtime": 3, "_timestamp": 1646315731, "_step": 0, "_wandb": {"runtime": 4}}