{"ARI": -0.04424202992843201, "NMI": 0.02649549439276696, "JSD": 0.18038214459499546, "Precision": 0.7563218390804598, "Recall": 0.26666666666666666, "F1-Score": 0.1543771043771044, "ROC AUC": 0.724447895100069, "Accuracy": 0.26666666666666666, "MEAPE-mu": 94.29643920447533, "MEAPE-std": 21.263464633086926, "_runtime": 2, "_timestamp": 1645454392, "_step": 0, "_wandb": {"runtime": 3}}