{"ARI": 0.6552431242426241, "NMI": 0.5078305131895239, "JSD": 0.1167387018750297, "Precision": 0.8917834610681002, "Recall": 0.8919514884233738, "F1-Score": 0.8856142475090739, "ROC AUC": 0.9647601362862722, "Accuracy": 0.8919514884233738, "MEAPE-mu": 5.161184710597822, "MEAPE-std": 1.2200439373364405, "_runtime": 51, "_timestamp": 1654115997, "_step": 0, "_wandb": {"runtime": 52}}