{"MAE": 17.50258840685381, "MRAE": 0.2961559228981503, "R^2-Score": 0.564947801915064, "MEAPE-mu": 3.151358239329966, "MEAPE-std": 0.38017562192776433, "RMSE": 23.781981019621657, "JSD": 0.10358193400345374, "_runtime": 60, "_timestamp": 1646421989, "_step": 0, "_wandb": {"runtime": 62}}