{"ARI": 0.8498937600236087, "NMI": 0.7839302966335275, "JSD": 0.08402291937351743, "Precision": 0.957419630980479, "Recall": 0.957710535909588, "F1-Score": 0.9573174746345204, "ROC AUC": 0.9662955591870503, "Accuracy": 0.957710535909588, "MEAPE-mu": 1.7102734858082562, "MEAPE-std": 0.3526333125455308, "_runtime": 2525, "_timestamp": 1647071807, "_step": 0, "_wandb": {"runtime": 2525}}