{"ARI": 0.0, "NMI": 0.0, "JSD": 0.17788960611064744, "Precision": 0.48861178947521966, "Recall": 0.6990077177508269, "F1-Score": 0.5751731253134644, "ROC AUC": 0.6881995873134422, "Accuracy": 0.6990077177508269, "MEAPE-mu": 34.52093200946158, "MEAPE-std": 1.2903514406202803, "_runtime": 3, "_timestamp": 1654269144, "_step": 0, "_wandb": {"runtime": 4}}