{"ARI": 0.09554255830844718, "NMI": 0.07629998375964855, "JSD": 0.2105216251899017, "Precision": 0.6663513453337933, "Recall": 0.5736419978126139, "F1-Score": 0.5971345623578843, "ROC AUC": 0.6794861789446328, "Accuracy": 0.5736419978126139, "MEAPE-mu": 24.039803734259678, "MEAPE-std": 1.0654652070864767, "_runtime": 5, "_timestamp": 1646918162, "_step": 0, "_wandb": {"runtime": 5}}