{"MAE": 22.2888477886677, "MRAE": 0.4038767515568999, "R^2-Score": 0.37213600907899036, "MEAPE-mu": 0.40671870805882854, "MEAPE-std": 0.275905838024079, "RMSE": 28.35906408257963, "JSD": Infinity, "_runtime": 3, "_timestamp": 1646321851, "_step": 0, "_wandb": {"runtime": 4}}