{"ARI": 0.2543059683927998, "NMI": 0.20067370894859007, "JSD": 0.1881517096006387, "Precision": 0.6508450009885295, "Recall": 0.6758819613933881, "F1-Score": 0.602387713666931, "ROC AUC": 0.7834797312861148, "Accuracy": 0.6758819613933881, "MEAPE-mu": 24.13586278618458, "MEAPE-std": 0.3021553027578712, "_runtime": 2274, "_timestamp": 1649119745, "_step": 0, "_wandb": {"runtime": 2274}}