{"ARI": 0.41846169545841555, "NMI": 0.2648738239376375, "JSD": 0.16396004389289265, "Precision": 0.790481580031494, "Recall": 0.8018592781625957, "F1-Score": 0.7871466424947908, "ROC AUC": 0.8724483020381618, "Accuracy": 0.8018592781625957, "MEAPE-mu": 10.513599781629237, "MEAPE-std": 0.598879255188348, "_runtime": 198, "_timestamp": 1647286721, "_step": 0, "_wandb": {"runtime": 198}}