{"ARI": 0.1656010230179028, "NMI": 0.19476717414178418, "JSD": 0.19707528490391077, "Precision": 0.701851851851852, "Recall": 0.7333333333333333, "F1-Score": 0.6796296296296297, "ROC AUC": 0.6065792500575108, "Accuracy": 0.7333333333333333, "MEAPE-mu": 24.306524315993965, "MEAPE-std": 8.80093296354886, "_runtime": 5, "_timestamp": 1646934199, "_step": 0, "_wandb": {"runtime": 6}}