{"ARI": 0.0349802207627852, "NMI": 0.0049341697814592285, "JSD": Infinity, "Precision": 0.6538600538008206, "Recall": 0.6626577287066246, "F1-Score": 0.6580487721989287, "ROC AUC": 0.5566850850308478, "Accuracy": 0.6626577287066246, "MEAPE-mu": 8.29854032944219, "MEAPE-std": 3.3911394320664385, "_runtime": 4, "_timestamp": 1653902573, "_step": 0, "_wandb": {"runtime": 6}}