{"MAE": 26.383441943127963, "RMSE": 34.66483184004814, "MRAE": 0.5652021578936405, "JSD": Infinity, "R^2-Score": 0.23383753177205702, "MEAPE-mu": 0.44946115082275895, "MEAPE-std": 0.376747843110464, "_runtime": 1, "_timestamp": 1645391513, "_step": 0, "_wandb": {"runtime": 3}}