{"ARI": 0.07288016818500351, "NMI": 0.027344470815121542, "JSD": 0.2028513386980001, "Precision": 0.7019230769230769, "Recall": 0.75, "F1-Score": 0.693853427895981, "ROC AUC": 0.8231292517006802, "Accuracy": 0.75, "MEAPE-mu": 23.07706053791261, "MEAPE-std": 8.917356263412092, "_runtime": 2, "_timestamp": 1645450820, "_step": 0, "_wandb": {"runtime": 3}}