{"MAE": 20.96205960332197, "MRAE": 0.3585909504993542, "R^2-Score": 0.4194190245594659, "MEAPE-mu": 2.091051634829175, "MEAPE-std": 0.44090718356599284, "RMSE": 27.392632474068012, "JSD": 0.12233877029786623, "_runtime": 184, "_timestamp": 1646515497, "_step": 0, "_wandb": {"runtime": 185}}