{"ARI": 0.3868511468102888, "NMI": 0.3125746397729275, "JSD": 0.14748929188934184, "Precision": 0.8338008415147266, "Recall": 0.7741935483870968, "F1-Score": 0.7785923753665689, "ROC AUC": 0.7622527445954442, "Accuracy": 0.7741935483870968, "MEAPE-mu": 12.155259047915502, "MEAPE-std": 5.664729098900455, "_runtime": 7, "_timestamp": 1645466157, "_step": 0, "_wandb": {"runtime": 8}}