{"MAE": 13.5530673041194, "MRAE": 0.2012089834922886, "R^2-Score": 0.7180291174536809, "MEAPE-mu": 0.32299385100301864, "MEAPE-std": 0.2175753522202909, "RMSE": 18.90725580356903, "JSD": Infinity, "_runtime": 206, "_timestamp": 1646554772, "_step": 0, "_wandb": {"runtime": 207}}