{"ARI": -0.0008008269898442668, "NMI": 0.0008129385956037194, "JSD": Infinity, "Precision": 0.48992965840912156, "Recall": 0.6993526371255081, "F1-Score": 0.5762023026843952, "ROC AUC": 0.47740102891430286, "Accuracy": 0.6993526371255081, "MEAPE-mu": 149.47275078878394, "MEAPE-std": 4.083901736476289, "_runtime": 9, "_timestamp": 1653918317, "_step": 0, "_wandb": {"runtime": 10}}