{"ARI": 0.08648150416238738, "NMI": 0.06194013001978262, "JSD": 0.19892312625851186, "Precision": 0.5711210223038897, "Recall": 0.6530286221433326, "F1-Score": 0.5810472470412346, "ROC AUC": 0.7041125899701283, "Accuracy": 0.6530286221433326, "MEAPE-mu": 24.377361482568222, "MEAPE-std": 0.31045003154530104, "_runtime": 3, "_timestamp": 1645787627, "_step": 0, "_wandb": {"runtime": 4}}