{"ARI": 0.7071830110625879, "NMI": 0.6087193386716365, "JSD": 0.108808986514929, "Precision": 0.9046450800754674, "Recall": 0.9038828489017084, "F1-Score": 0.9041492583222652, "ROC AUC": 0.9790969725243666, "Accuracy": 0.9038828489017084, "MEAPE-mu": 1.1860875229004189, "MEAPE-std": 0.24043316469396367, "_runtime": 3205, "_timestamp": 1648002834, "_step": 0, "_wandb": {"runtime": 3206}}