{"ARI": 0.5535536104334509, "NMI": 0.4137362309670911, "JSD": 0.13678479252235926, "Precision": 0.8586181085772725, "Recall": 0.8610804851157663, "F1-Score": 0.8543944832185144, "ROC AUC": 0.8921305826052178, "Accuracy": 0.8610804851157663, "MEAPE-mu": 6.033697077358363, "MEAPE-std": 1.4505729892444728, "_runtime": 8, "_timestamp": 1654103256, "_step": 0, "_wandb": {"runtime": 9}}