{"ARI": 0.10599347989634707, "NMI": 0.09294671086134322, "JSD": 0.18749840449818883, "Precision": 0.6344086021505375, "Recall": 0.7096774193548387, "F1-Score": 0.6433179723502305, "ROC AUC": 0.5980414746543777, "Accuracy": 0.7096774193548387, "MEAPE-mu": 20.311680184641194, "MEAPE-std": 8.178939161455828, "_runtime": 2, "_timestamp": 1645451919, "_step": 0, "_wandb": {"runtime": 3}}