{"MAE": 24.186551727685924, "RMSE": 30.12269447848013, "MRAE": 0.47944424942412134, "JSD": 0.13507216384613305, "R^2-Score": 0.3009260201418569, "MEAPE-mu": 6.5475555432254104, "MEAPE-std": 0.5396441688405804, "_runtime": 8, "_timestamp": 1645221170, "_step": 0, "_wandb": {"runtime": 8}}