{"ARI": 0.5885642052272009, "NMI": 0.4537207418279803, "JSD": 0.12615597939003415, "Precision": 0.8730872981524116, "Recall": 0.8704209950792783, "F1-Score": 0.8589857551765687, "ROC AUC": 0.9528586546236779, "Accuracy": 0.8704209950792783, "MEAPE-mu": 8.977029838762348, "MEAPE-std": 0.5114996969372502, "_runtime": 1096, "_timestamp": 1646926775, "_step": 0, "_wandb": {"runtime": 1096}}