{"MAE": 21.958672282586253, "MRAE": 0.5120837555893308, "R^2-Score": 0.48925130521857196, "MEAPE-mu": 3.311542506662066, "MEAPE-std": 0.25243790142930955, "RMSE": 27.42242836903251, "JSD": Infinity, "_runtime": 5, "_timestamp": 1647417028, "_step": 0, "_wandb": {"runtime": 5}}