{"ARI": 0.4070557921520158, "NMI": 0.25949173594481506, "JSD": 0.1647036650152014, "Precision": 0.7891373249255653, "Recall": 0.8000364564345607, "F1-Score": 0.7840997665293745, "ROC AUC": 0.8701388194962291, "Accuracy": 0.8000364564345607, "MEAPE-mu": 11.24464123944822, "MEAPE-std": 0.6336461613471562, "_runtime": 202, "_timestamp": 1647286515, "_step": 0, "_wandb": {"runtime": 203}}