{"MAE": 23.825638165843085, "RMSE": 30.681119979634246, "MRAE": 0.43436838691553686, "JSD": Infinity, "R^2-Score": 0.26099279545207243, "MEAPE-mu": 0.6666603373280152, "MEAPE-std": 0.4372711825493135, "_runtime": 52, "_timestamp": 1645201838, "_step": 0, "_wandb": {"runtime": 53}}