{"ARI": 0.0307867226866509, "NMI": 0.019943752650093047, "JSD": 0.22668120665512323, "Precision": 0.5255709560204852, "Recall": 0.49877967605946305, "F1-Score": 0.5091591502179877, "ROC AUC": 0.5964078109336115, "Accuracy": 0.49877967605946305, "MEAPE-mu": 8.485178820124757, "MEAPE-std": 0.4850752372324063, "_runtime": 2, "_timestamp": 1645606764, "_step": 0, "_wandb": {"runtime": 3}}