{"ARI": 0.9998690070890092, "NMI": 0.999520659019622, "JSD": 0.0015132326704107941, "Precision": 0.9999556415990939, "Recall": 0.9999556245839805, "F1-Score": 0.9999556280433446, "ROC AUC": 0.9999990546883506, "Accuracy": 0.9999556245839805, "MEAPE-mu": 0.0028556826268514844, "MEAPE-std": 0.0024313743716462095, "_runtime": 2017, "_timestamp": 1649264105, "_step": 0, "_wandb": {"runtime": 2018}}