{"ARI": 0.0, "NMI": 0.0, "JSD": 0.17878432623971874, "Precision": 0.49, "Recall": 0.7, "F1-Score": 0.5764705882352941, "ROC AUC": 0.5452610996089258, "Accuracy": 0.7, "MEAPE-mu": 33.22247653640623, "MEAPE-std": 7.078398220586331, "_runtime": 8, "_timestamp": 1653932974, "_step": 0, "_wandb": {"runtime": 10}}