{"MAE": 23.4195938798532, "RMSE": 28.514672162332328, "MRAE": 0.3774592230314675, "JSD": 0.12575848248026852, "R^2-Score": 0.3802556512250882, "MEAPE-mu": 5.47835648326253, "MEAPE-std": 3.667688180350698, "_runtime": 2, "_timestamp": 1645190271, "_step": 0, "_wandb": {"runtime": 4}}