{"MAE": 29.829101379870217, "MRAE": 0.6865899947059453, "R^2-Score": -0.10561106048910807, "MEAPE-mu": 8.841599965193915, "MEAPE-std": 6.715442213371622, "RMSE": 40.38136571495299, "JSD": 0.17396022550903337, "_runtime": 2, "_timestamp": 1646307630, "_step": 0, "_wandb": {"runtime": 4}}