{"MAE": 21.27331405311204, "RMSE": 28.53972808469656, "MRAE": 0.3279723102918149, "JSD": 0.1205274964547389, "R^2-Score": 0.09819356199263896, "MEAPE-mu": 4.573533277846382, "MEAPE-std": 3.1083457418268803, "_runtime": 2, "_timestamp": 1645189295, "_step": 0, "_wandb": {"runtime": 3}}