{"ARI": 0.0071174377224199285, "NMI": 0.030622595722108417, "JSD": 0.2290394297756889, "Precision": 0.5722084367245658, "Recall": 0.6451612903225806, "F1-Score": 0.5982788659521674, "ROC AUC": 0.7356821589205398, "Accuracy": 0.6451612903225806, "MEAPE-mu": 17.432366575903306, "MEAPE-std": 8.977052628651183, "_runtime": 6, "_timestamp": 1645462375, "_step": 0, "_wandb": {"runtime": 7}}