{"MAE": 24.052691527963763, "RMSE": 30.746858934509472, "MRAE": 0.436846264770557, "JSD": Infinity, "R^2-Score": 0.2896354211006633, "MEAPE-mu": 1.7357457237804377, "MEAPE-std": 0.5190349252502939, "_runtime": 51, "_timestamp": 1645202072, "_step": 0, "_wandb": {"runtime": 52}}