{"ARI": 0.26830545141778683, "NMI": 0.1354792118275478, "JSD": 0.19215565574274143, "Precision": 0.7780838419691941, "Recall": 0.7925458489449813, "F1-Score": 0.781030015020696, "ROC AUC": 0.810604964871506, "Accuracy": 0.7925458489449813, "MEAPE-mu": 8.990276901465563, "MEAPE-std": 0.7278703983897509, "_runtime": 4, "_timestamp": 1645785714, "_step": 0, "_wandb": {"runtime": 4}}