{"MAE": 21.137103104946792, "MRAE": 0.40167570515288087, "R^2-Score": 0.4425376638137202, "MEAPE-mu": 8.529321025466892, "MEAPE-std": 0.27371034739862554, "RMSE": 26.030059740043757, "JSD": 0.12469451358430796, "_runtime": 29, "_timestamp": 1648655155, "_step": 0, "_wandb": {"runtime": 29}}