{"ARI": 0.06407270882356747, "NMI": 0.02983217615309125, "JSD": 0.21239454705465294, "Precision": 0.6273145544872528, "Recall": 0.529529711994167, "F1-Score": 0.5693000035945656, "ROC AUC": 0.6189598363033797, "Accuracy": 0.529529711994167, "MEAPE-mu": 4.409731168606658, "MEAPE-std": 0.9069126144891659, "_runtime": 4, "_timestamp": 1645775240, "_step": 0, "_wandb": {"runtime": 4}}