{"MAE": 26.479884429849275, "MRAE": 0.462765864224086, "R^2-Score": -0.15143480411052224, "MEAPE-mu": 6.332966859381002, "MEAPE-std": 4.824896969105511, "RMSE": 33.181057087548695, "JSD": 0.15563623817941202, "_runtime": 3, "_timestamp": 1646315682, "_step": 0, "_wandb": {"runtime": 4}}