{"MAE": 21.924178512024817, "MRAE": 0.3916976621744787, "R^2-Score": 0.377689254492255, "MEAPE-mu": 0.5689356618083887, "MEAPE-std": 0.3549333736965771, "RMSE": 28.10081471289735, "JSD": Infinity, "_runtime": 3, "_timestamp": 1646321807, "_step": 0, "_wandb": {"runtime": 4}}