{"ARI": 0.5897365592035004, "NMI": 0.45751079323658594, "JSD": 0.1280620666584604, "Precision": 0.8743562538312842, "Recall": 0.8702150929639081, "F1-Score": 0.8593543641512136, "ROC AUC": 0.9535031243111225, "Accuracy": 0.8702150929639081, "MEAPE-mu": 9.06837725841411, "MEAPE-std": 0.5195094754891327, "_runtime": 1127, "_timestamp": 1646932525, "_step": 0, "_wandb": {"runtime": 1127}}