{"ARI": 0.7341971186119172, "NMI": 0.6359927891973688, "JSD": 0.10256070849319612, "Precision": 0.9144118865944493, "Recall": 0.912713556689594, "F1-Score": 0.9131812427283247, "ROC AUC": 0.9831945015734621, "Accuracy": 0.912713556689594, "MEAPE-mu": 2.238530492140476, "MEAPE-std": 0.23153855348802485, "_runtime": 10177, "_timestamp": 1655270852, "_step": 0, "_wandb": {"runtime": 10177}}