{"ARI": 0.3099411600107995, "NMI": 0.20415517114553422, "JSD": 0.16505110784479, "Precision": 0.7468979404510072, "Recall": 0.7850055126791621, "F1-Score": 0.7460261592756795, "ROC AUC": 0.794967548611179, "Accuracy": 0.7850055126791621, "MEAPE-mu": 14.902577475858353, "MEAPE-std": 1.592888631501785, "_runtime": 5, "_timestamp": 1654262094, "_step": 0, "_wandb": {"runtime": 7}}