{"MAE": 28.262569336587532, "MRAE": 0.6744374270829019, "R^2-Score": 0.2044390723022338, "MEAPE-mu": 0.30334033245487324, "MEAPE-std": 0.20449892847470938, "RMSE": 35.40257799801665, "JSD": 0.2070983007276809, "_runtime": 184, "_timestamp": 1648756354, "_step": 0, "_wandb": {"runtime": 185}}