{"ARI": 0.03061830152376473, "NMI": 0.020954160212280054, "JSD": 0.22463080622913661, "Precision": 0.5276982950159956, "Recall": 0.4910583536720657, "F1-Score": 0.5057928654891632, "ROC AUC": 0.5970159769199156, "Accuracy": 0.4910583536720657, "MEAPE-mu": 8.786781832933139, "MEAPE-std": 0.44635399441468315, "_runtime": 2, "_timestamp": 1645606682, "_step": 0, "_wandb": {"runtime": 3}}