{"ARI": 0.0, "NMI": 0.0, "JSD": 0.17878432623971877, "Precision": 0.49, "Recall": 0.7, "F1-Score": 0.5764705882352941, "ROC AUC": 0.2137738670347366, "Accuracy": 0.7, "MEAPE-mu": 34.44938204296384, "MEAPE-std": 5.85407471326058, "_runtime": 5, "_timestamp": 1646933964, "_step": 0, "_wandb": {"runtime": 5}}