{"ARI": 0.09062945294808794, "NMI": 0.05917463269184076, "JSD": 0.19975229437343892, "Precision": 0.568774537346436, "Recall": 0.652806745063235, "F1-Score": 0.5818643270563572, "ROC AUC": 0.7111604901100425, "Accuracy": 0.652806745063235, "MEAPE-mu": 23.782541591413676, "MEAPE-std": 0.3478273272836941, "_runtime": 3, "_timestamp": 1645787598, "_step": 0, "_wandb": {"runtime": 4}}