{"ARI": 0.012705426310097499, "NMI": 0.009802826954120146, "JSD": 0.18533100168081781, "Precision": 0.5996234054374142, "Recall": 0.6941305140357273, "F1-Score": 0.5849055263242222, "ROC AUC": 0.6357826836405839, "Accuracy": 0.6941305140357273, "MEAPE-mu": 32.381805454393195, "MEAPE-std": 0.5727363083371345, "_runtime": 3, "_timestamp": 1645786352, "_step": 0, "_wandb": {"runtime": 4}}