{"ARI": 0.7617409268202044, "NMI": 0.6388131721497761, "JSD": 0.0981679317190706, "Precision": 0.9267511786208001, "Recall": 0.9274516952242071, "F1-Score": 0.9268704461002205, "ROC AUC": 0.9846803057922129, "Accuracy": 0.9274516952242071, "MEAPE-mu": 1.5565103037392638, "MEAPE-std": 0.38634066003764467, "_runtime": 361, "_timestamp": 1653420522, "_step": 0, "_wandb": {"runtime": 362}}