{"ARI": 0.9998423512031231, "NMI": 0.9995002036332722, "JSD": 0.002655543543463498, "Precision": 0.9999556320071014, "Recall": 0.9999556245839805, "F1-Score": 0.9999556256446289, "ROC AUC": 0.9999995683079561, "Accuracy": 0.9999556245839805, "MEAPE-mu": 0.005767119038369121, "MEAPE-std": 0.005458447511339239, "_runtime": 3127, "_timestamp": 1649273658, "_step": 0, "_wandb": {"runtime": 3128}}