{"MAE": 24.948562774460935, "RMSE": 31.57254049602735, "MRAE": 0.45598006808600905, "JSD": Infinity, "R^2-Score": 0.2421907479855534, "MEAPE-mu": 0.6098871634158456, "MEAPE-std": 0.3986892919007523, "_runtime": 3, "_timestamp": 1645429804, "_step": 0, "_wandb": {"runtime": 4}}