{"ARI": 0.12317234107074516, "NMI": 0.0444278078806177, "JSD": 0.21226174893976, "Precision": 0.648299912773117, "Recall": 0.6890848952590959, "F1-Score": 0.6571515359963486, "ROC AUC": 0.7013007478540235, "Accuracy": 0.6890848952590959, "MEAPE-mu": 11.070013462734284, "MEAPE-std": 1.9121190174198412, "_runtime": 3, "_timestamp": 1654268783, "_step": 0, "_wandb": {"runtime": 4}}