{"MAE": 24.980951906822508, "RMSE": 31.452952877725412, "MRAE": 0.45540697095780175, "JSD": Infinity, "R^2-Score": 0.23779185531359093, "MEAPE-mu": 0.6055952759391067, "MEAPE-std": 0.42935928316036276, "_runtime": 4, "_timestamp": 1645429886, "_step": 0, "_wandb": {"runtime": 5}}