{"MAE": 23.92626536035321, "RMSE": 30.95197759002747, "MRAE": 0.3849634859857491, "JSD": 0.13985396235592942, "R^2-Score": 0.35385084228387764, "MEAPE-mu": 6.368062521973994, "MEAPE-std": 4.255939225277752, "_runtime": 4, "_timestamp": 1645389115, "_step": 0, "_wandb": {"runtime": 5}}