{"MAE": 29.122580645161285, "MRAE": 0.5894929443723796, "R^2-Score": 0.09538375568209634, "MEAPE-mu": 6.5511291766684066, "MEAPE-std": 4.894702410145553, "RMSE": 39.70796621139341, "JSD": 0.1753914695939562, "_runtime": 4, "_timestamp": 1646306938, "_step": 0, "_wandb": {"runtime": 4}}