{"ARI": 0.028355765762878522, "NMI": 0.015247397998626549, "JSD": 0.1945388193894599, "Precision": 0.531014722067293, "Recall": 0.6260039937874418, "F1-Score": 0.5179661677234305, "ROC AUC": 0.6289303971458964, "Accuracy": 0.6260039937874418, "MEAPE-mu": 33.15165880882695, "MEAPE-std": 0.27921795992405063, "_runtime": 37, "_timestamp": 1645626900, "_step": 0, "_wandb": {"runtime": 38}}