{"MAE": 27.7086303464828, "RMSE": 35.2483285223596, "MRAE": 0.4569447979590786, "JSD": 0.14935680815855845, "R^2-Score": 0.37196733688678063, "MEAPE-mu": 6.591709907198753, "MEAPE-std": 4.366180740294594, "_runtime": 3, "_timestamp": 1645176206, "_step": 0, "_wandb": {"runtime": 4}}