{"MAE": 26.309677419354845, "MRAE": 0.4562581819081092, "R^2-Score": 0.07944110266147641, "MEAPE-mu": 6.141376889006268, "MEAPE-std": 4.341371687464037, "RMSE": 34.75264668500664, "JSD": 0.15285964975205962, "_runtime": 3, "_timestamp": 1646480133, "_step": 0, "_wandb": {"runtime": 4}}