{"MAE": 21.587627857959298, "RMSE": 27.289226362154356, "MRAE": 0.41016610407989956, "JSD": 0.135938086171096, "R^2-Score": 0.1715793742818731, "MEAPE-mu": 8.804335637757791, "MEAPE-std": 6.43092538082252, "_runtime": 3, "_timestamp": 1645390214, "_step": 0, "_wandb": {"runtime": 4}}