{"ARI": 0.029716017673659282, "NMI": 0.019367175717478233, "JSD": 0.22826292715981536, "Precision": 0.5222788741345558, "Recall": 0.5005103172842246, "F1-Score": 0.5089353441754275, "ROC AUC": 0.5924579436417615, "Accuracy": 0.5005103172842246, "MEAPE-mu": 7.805597115125019, "MEAPE-std": 0.4689320358002768, "_runtime": 3, "_timestamp": 1645606745, "_step": 0, "_wandb": {"runtime": 4}}