{"ARI": 0.19700013164610441, "NMI": 0.1272669433319245, "JSD": 0.19239818600164396, "Precision": 0.6650385879339489, "Recall": 0.6869314399822498, "F1-Score": 0.6621196307663961, "ROC AUC": 0.7909585085069856, "Accuracy": 0.6869314399822498, "MEAPE-mu": 12.09968798235589, "MEAPE-std": 0.3278709378599969, "_runtime": 8, "_timestamp": 1645807718, "_step": 0, "_wandb": {"runtime": 9}}