{"ARI": 0.1513659993363566, "NMI": 0.14063774719436137, "JSD": Infinity, "Precision": 0.3889943074003795, "Recall": 0.2903225806451613, "F1-Score": 0.3206506754893852, "ROC AUC": 0.24747474747474746, "Accuracy": 0.2903225806451613, "MEAPE-mu": 133.77162750801193, "MEAPE-std": 97.53780962691918, "_runtime": 5, "_timestamp": 1653671954, "_step": 0, "_wandb": {"runtime": 5}}