{"ARI": 0.1081855999457298, "NMI": 0.02993923027813627, "JSD": 0.22334991668575993, "Precision": 0.5985966854152927, "Recall": 0.6422453070894842, "F1-Score": 0.6152142173553423, "ROC AUC": 0.6431207798173743, "Accuracy": 0.6422453070894842, "MEAPE-mu": 11.332236929602052, "MEAPE-std": 0.7777397201418168, "_runtime": 3, "_timestamp": 1645774845, "_step": 0, "_wandb": {"runtime": 4}}