{"ARI": 0.2614728746969824, "NMI": 0.21200673110940774, "JSD": 0.16816287118886172, "Precision": 0.6586021505376344, "Recall": 0.7419354838709677, "F1-Score": 0.6709677419354839, "ROC AUC": 0.7276497695852534, "Accuracy": 0.7419354838709677, "MEAPE-mu": 22.27268364454554, "MEAPE-std": 7.263003465425922, "_runtime": 6, "_timestamp": 1645462401, "_step": 0, "_wandb": {"runtime": 6}}