{"MAE": 24.75898309332847, "RMSE": 31.459049032955846, "MRAE": 0.4261301414086921, "JSD": Infinity, "R^2-Score": 0.18492606382195353, "MEAPE-mu": 1.0045299732910098, "MEAPE-std": 0.48003476860041633, "_runtime": 2, "_timestamp": 1645391524, "_step": 0, "_wandb": {"runtime": 3}}