{"ARI": 0.02320252076768834, "NMI": 0.028079601350507244, "JSD": 0.24547329264862475, "Precision": 0.5486021505376344, "Recall": 0.6129032258064516, "F1-Score": 0.5783221582809779, "ROC AUC": 0.60743418613274, "Accuracy": 0.6129032258064516, "MEAPE-mu": 14.33104032108174, "MEAPE-std": 8.391033363381402, "_runtime": 5, "_timestamp": 1646932968, "_step": 0, "_wandb": {"runtime": 6}}