{"ARI": 0.26950403113872673, "NMI": 0.21771667867534775, "JSD": 0.18105246920682075, "Precision": 0.7188091428367804, "Recall": 0.7150654537386288, "F1-Score": 0.6676050828532442, "ROC AUC": 0.7673824534796425, "Accuracy": 0.7150654537386288, "MEAPE-mu": 24.17563482808287, "MEAPE-std": 0.2961187026507304, "_runtime": 2611, "_timestamp": 1648433691, "_step": 0, "_wandb": {"runtime": 2610}}