{"ARI": 0.07281605689762465, "NMI": 0.12077405884603044, "JSD": 0.18141764224246845, "Precision": 0.7568765763745463, "Recall": 0.32975371644109164, "F1-Score": 0.20277796619419028, "ROC AUC": 0.7339815193730532, "Accuracy": 0.32975371644109164, "MEAPE-mu": 74.27409395642754, "MEAPE-std": 0.6713039201348109, "_runtime": 3, "_timestamp": 1645788517, "_step": 0, "_wandb": {"runtime": 4}}