{"ARI": 0.022215726395790704, "NMI": 0.23491133347667195, "JSD": 0.43857847289891994, "Precision": 0.23333333333333334, "Recall": 0.06666666666666667, "F1-Score": 0.10370370370370369, "Accuracy": 0.06666666666666667, "MEAPE-mu": 66.86204832032942, "MEAPE-std": 36.95932049654355, "_runtime": 3, "_timestamp": 1645623494, "_step": 0, "_wandb": {"runtime": 4}}