{"ARI": 0.10364489271183047, "NMI": 0.08501747766293613, "JSD": 0.2080921303151155, "Precision": 0.6734167438186245, "Recall": 0.5847612103536274, "F1-Score": 0.6069213024158066, "ROC AUC": 0.6922055752839259, "Accuracy": 0.5847612103536274, "MEAPE-mu": 23.299226658814334, "MEAPE-std": 1.046591340582243, "_runtime": 6, "_timestamp": 1646918199, "_step": 0, "_wandb": {"runtime": 5}}