{"ARI": 0.059520365768910254, "NMI": 0.017028363828992834, "JSD": 0.2407132341454742, "Precision": 0.6410930193925531, "Recall": 0.651595744680851, "F1-Score": 0.6457198189693186, "ROC AUC": 0.7174952794639264, "Accuracy": 0.651595744680851, "MEAPE-mu": 4.021151299358049, "MEAPE-std": 0.48342740382727534, "_runtime": 5, "_timestamp": 1645796616, "_step": 0, "_wandb": {"runtime": 7}}