{"ARI": 0.2778952209383617, "NMI": 0.1612622136446635, "JSD": 0.19113718475038707, "Precision": 0.7703425534945478, "Recall": 0.7803984543584082, "F1-Score": 0.7692288350416892, "ROC AUC": 0.8178623792638807, "Accuracy": 0.7803984543584082, "MEAPE-mu": 10.128736480225893, "MEAPE-std": 0.3664942384319798, "_runtime": 6, "_timestamp": 1645799046, "_step": 0, "_wandb": {"runtime": 7}}