{"ARI": 0.09618274721971747, "NMI": 0.1110430424788535, "JSD": 0.17108287351744325, "Precision": 0.7462365591397849, "Recall": 0.7419354838709677, "F1-Score": 0.6569478908188585, "ROC AUC": 0.49238351254480284, "Accuracy": 0.7419354838709677, "MEAPE-mu": 30.29614681784582, "MEAPE-std": 6.474329130867659, "_runtime": 1, "_timestamp": 1645453498, "_step": 0, "_wandb": {"runtime": 3}}