{"MAE": 26.348224653559665, "RMSE": 34.26815463000673, "MRAE": 0.5000775222932906, "JSD": 0.15144750186468617, "R^2-Score": 0.3699066836302285, "MEAPE-mu": 7.277366452339694, "MEAPE-std": 5.326981055152137, "_runtime": 2, "_timestamp": 1645117913, "_step": 0, "_wandb": {"runtime": 3}}