{"ARI": 0.0, "NMI": 0.0, "JSD": 0.1780789571710467, "Precision": 0.38320687357176164, "Recall": 0.6190370534723763, "F1-Score": 0.4733762859224146, "ROC AUC": 0.6117009610296972, "Accuracy": 0.6190370534723763, "MEAPE-mu": 39.27367906378979, "MEAPE-std": 0.23687489327883332, "_runtime": 6, "_timestamp": 1646931635, "_step": 0, "_wandb": {"runtime": 5}}