{"MAE": 24.504059431494145, "MRAE": 0.4307316585492404, "R^2-Score": 0.06667213459277288, "MEAPE-mu": 3.978922857483909, "MEAPE-std": 0.267813305052802, "RMSE": 30.280039546395884, "JSD": 0.1554209521460044, "_runtime": 3504, "_timestamp": 1648589514, "_step": 0, "_wandb": {"runtime": 3504}}