{"MAE": 10.97718548923896, "MRAE": 0.17678788671042742, "R^2-Score": 0.6911047107947181, "MEAPE-mu": 0.6531733851204823, "MEAPE-std": 0.1837199792882581, "RMSE": 19.130976876905667, "JSD": 0.09119422266442498, "_runtime": 10, "_timestamp": 1646998161, "_step": 0, "_wandb": {"runtime": 11}}