{"ARI": 0.05601751285329018, "NMI": 0.03570379798737819, "JSD": 0.20636489349865567, "Precision": 0.5928093464931533, "Recall": 0.6269358775238518, "F1-Score": 0.550140617692779, "ROC AUC": 0.6393183200776311, "Accuracy": 0.6269358775238518, "MEAPE-mu": 27.615705247777626, "MEAPE-std": 0.3497184048864492, "_runtime": 650, "_timestamp": 1645726174, "_step": 0, "_wandb": {"runtime": 651}}