{"MAE": 28.293212979629967, "RMSE": 37.24552992978004, "MRAE": 0.4790399425680291, "JSD": Infinity, "R^2-Score": 0.25663663502216905, "MEAPE-mu": 4.853506427926647, "MEAPE-std": 0.5799112586879906, "_runtime": 2, "_timestamp": 1645391532, "_step": 0, "_wandb": {"runtime": 3}}