{"ARI": 0.08985695167323925, "NMI": 0.037270350790688626, "JSD": 0.19784060794137867, "Precision": 0.5709346210589273, "Recall": 0.6283558908364766, "F1-Score": 0.5473300441848937, "ROC AUC": 0.7129779715972967, "Accuracy": 0.6283558908364766, "MEAPE-mu": 29.026418968100582, "MEAPE-std": 0.3360139893953998, "_runtime": 10, "_timestamp": 1646926168, "_step": 0, "_wandb": {"runtime": 9}}