{"ARI": 0.007851400023304327, "NMI": 0.005389926012247436, "JSD": 0.22594964010121038, "Precision": 0.5320201507988491, "Recall": 0.5874861326824939, "F1-Score": 0.5076989189876735, "ROC AUC": 0.562349595396031, "Accuracy": 0.5874861326824939, "MEAPE-mu": 25.043571646134538, "MEAPE-std": 0.39037661966513426, "_runtime": 2, "_timestamp": 1645771265, "_step": 0, "_wandb": {"runtime": 4}}