{"ARI": 0.21835675213833966, "NMI": 0.16064767128569238, "JSD": 0.18548624330855598, "Precision": 0.6849929873772791, "Recall": 0.6774193548387096, "F1-Score": 0.6733588991653509, "ROC AUC": 0.7312303525656527, "Accuracy": 0.6774193548387096, "MEAPE-mu": 11.44441681252108, "MEAPE-std": 7.403645424858364, "_runtime": 10, "_timestamp": 1646947673, "_step": 0, "_wandb": {"runtime": 11}}