{"MAE": 21.592142766069625, "RMSE": 27.61225166667511, "MRAE": 0.5894046824029756, "JSD": 0.12678624259686613, "R^2-Score": 0.4182841035052508, "MEAPE-mu": 9.270203795736524, "MEAPE-std": 5.471615878158433, "_runtime": 2, "_timestamp": 1645118794, "_step": 0, "_wandb": {"runtime": 3}}