{"ARI": -0.04622326984890297, "NMI": 0.046238711050374914, "JSD": 0.1899915060089746, "Precision": 0.7948605986679513, "Recall": 0.3509810809454509, "F1-Score": 0.23920960022808213, "ROC AUC": 0.769248494376467, "Accuracy": 0.3509810809454509, "MEAPE-mu": 81.21777523436785, "MEAPE-std": 0.7266335035192633, "_runtime": 6, "_timestamp": 1646914200, "_step": 0, "_wandb": {"runtime": 6}}