{"ARI": 0.08079774712639703, "NMI": 0.0343205796483712, "JSD": 0.19805925018708395, "Precision": 0.568729564892029, "Recall": 0.6258708675393831, "F1-Score": 0.5428014927686531, "ROC AUC": 0.7085636655165207, "Accuracy": 0.6258708675393831, "MEAPE-mu": 29.5161091296689, "MEAPE-std": 0.29002577825612513, "_runtime": 9, "_timestamp": 1646926098, "_step": 0, "_wandb": {"runtime": 9}}