{"MAE": 20.47183936099401, "MRAE": 0.454873037928198, "R^2-Score": -0.4638423992995919, "MEAPE-mu": 13.729874854123569, "MEAPE-std": 0.3050080231933574, "RMSE": 25.89371734102413, "JSD": 0.1372501595709042, "_runtime": 3, "_timestamp": 1645989661, "_step": 0, "_wandb": {"runtime": 4}}