{"MAE": 24.3145084334268, "MRAE": 0.4098513512400326, "R^2-Score": 0.18933423799781945, "MEAPE-mu": 5.593439218334884, "MEAPE-std": 4.350933130457257, "RMSE": 29.3295647734113, "JSD": 0.13571461162304246, "_runtime": 2, "_timestamp": 1646297803, "_step": 0, "_wandb": {"runtime": 3}}