{"ARI": 0.08278109716220904, "NMI": 0.05930417117604648, "JSD": 0.19393881556255657, "Precision": 0.6308475006004942, "Recall": 0.5098735300643443, "F1-Score": 0.4950201867824511, "ROC AUC": 0.6872399073347776, "Accuracy": 0.5098735300643443, "MEAPE-mu": 10.460828413767825, "MEAPE-std": 0.3383255329208119, "_runtime": 6, "_timestamp": 1646932065, "_step": 0, "_wandb": {"runtime": 5}}