{"ARI": -0.010379404762853045, "NMI": 0.000713761623390847, "JSD": Infinity, "Precision": 0.5677270785875553, "Recall": 0.6250501806503412, "F1-Score": 0.5868510709414761, "ROC AUC": 0.48057182907450635, "Accuracy": 0.6250501806503412, "MEAPE-mu": 67.72644866010208, "MEAPE-std": 2.896986129850532, "_runtime": 28, "_timestamp": 1653922275, "_step": 0, "_wandb": {"runtime": 28}}