{"MAE": 16.4499294017698, "RMSE": 23.45449761557266, "MRAE": 0.21384056288755496, "JSD": 0.09662167274380817, "R^2-Score": 0.4182995614542413, "MEAPE-mu": 4.689167323196276, "MEAPE-std": 3.4176006702554678, "_runtime": 1, "_timestamp": 1645118802, "_step": 0, "_wandb": {"runtime": 3}}