{"MAE": 26.891574637933832, "MRAE": 0.7779425809550531, "R^2-Score": 0.2518477949856589, "MEAPE-mu": 6.493375733468926, "MEAPE-std": 4.798814023194018, "RMSE": 34.10910013489226, "JSD": 0.16616916472929688, "_runtime": 2, "_timestamp": 1646297358, "_step": 0, "_wandb": {"runtime": 4}}