{"ARI": 0.6717165854134669, "NMI": 0.54610932962746, "JSD": 0.11346668742227271, "Precision": 0.8999966732706933, "Recall": 0.9007717750826902, "F1-Score": 0.8977056645508044, "ROC AUC": 0.963102679682295, "Accuracy": 0.9007717750826902, "MEAPE-mu": 5.4820682048926574, "MEAPE-std": 1.0756604646786467, "_runtime": 6, "_timestamp": 1654102493, "_step": 0, "_wandb": {"runtime": 7}}