{"ARI": 0.034260931974221746, "NMI": 0.04448500525387578, "JSD": 0.21953352595731482, "Precision": 0.5751960775014909, "Recall": 0.6102950965165298, "F1-Score": 0.5500699889827495, "ROC AUC": 0.6073050056564022, "Accuracy": 0.6102950965165298, "MEAPE-mu": 23.66095507075514, "MEAPE-std": 0.3893254593567849, "_runtime": 4, "_timestamp": 1645987205, "_step": 0, "_wandb": {"runtime": 4}}