{"MAE": 27.574551384917307, "RMSE": 34.328100359357066, "MRAE": 0.5205001726928173, "JSD": 0.1651024781475244, "R^2-Score": 0.17999674739780336, "MEAPE-mu": 6.271445038481938, "MEAPE-std": 4.514128040097844, "_runtime": 2, "_timestamp": 1645108340, "_step": 0, "_wandb": {"runtime": 3}}