{"MAE": 21.506455424955217, "RMSE": 27.660901790477347, "MRAE": 0.3798990122160128, "JSD": 0.12406386138920605, "R^2-Score": 0.4050370346649974, "MEAPE-mu": 0.36903680300966973, "MEAPE-std": 0.2654591755035678, "_runtime": 93, "_timestamp": 1645351671, "_step": 0, "_wandb": {"runtime": 94}}