{"MAE": 21.80672721862793, "RMSE": 26.943768476817887, "MRAE": 0.3772178599344328, "JSD": 0.11870635702400603, "R^2-Score": 0.6004136747734541, "MEAPE-mu": 5.420723940482912, "MEAPE-std": 3.931203135090218, "_runtime": 2, "_timestamp": 1645190363, "_step": 0, "_wandb": {"runtime": 3}}