{"MAE": 20.194138170876446, "MRAE": 0.31759288056588153, "R^2-Score": -0.0880148970553909, "MEAPE-mu": 5.534212824212256, "MEAPE-std": 3.920588916171534, "RMSE": 23.6305798368686, "JSD": 0.11283661062323778, "_runtime": 2, "_timestamp": 1646479959, "_step": 0, "_wandb": {"runtime": 4}}