{"ARI": 0.5347242639324017, "NMI": 0.3936132667161204, "JSD": 0.13826190770846952, "Precision": 0.8489710597965765, "Recall": 0.8533627342888643, "F1-Score": 0.8474608881218433, "ROC AUC": 0.8808695979554579, "Accuracy": 0.8533627342888643, "MEAPE-mu": 6.5089791730109265, "MEAPE-std": 1.316025299458582, "_runtime": 9, "_timestamp": 1654103241, "_step": 0, "_wandb": {"runtime": 9}}