{"MAE": 28.194168971909544, "MRAE": 0.7716470579006853, "R^2-Score": 0.25625854621066413, "MEAPE-mu": 6.350447582743604, "MEAPE-std": 4.812755542014033, "RMSE": 34.76909843720494, "JSD": 0.1689753215193333, "_runtime": 4, "_timestamp": 1646307038, "_step": 0, "_wandb": {"runtime": 4}}