{"ARI": 0.011287368683362685, "NMI": 0.0010183376407191507, "JSD": Infinity, "Precision": 0.6421816142536997, "Recall": 0.7349635180437784, "F1-Score": 0.6560367143416207, "ROC AUC": 0.5754162261058078, "Accuracy": 0.7349635180437784, "MEAPE-mu": 83.00213742606482, "MEAPE-std": 4.5032276347703455, "_runtime": 572, "_timestamp": 1653851805, "_step": 0, "_wandb": {"runtime": 573}}