{"MAE": 31.27741935483871, "MRAE": 0.4607484377962212, "R^2-Score": 0.1852931326527758, "MEAPE-mu": 7.2102790638300185, "MEAPE-std": 5.401648699458241, "RMSE": 39.693324375768775, "JSD": 0.16200104487934888, "_runtime": 3, "_timestamp": 1646306957, "_step": 0, "_wandb": {"runtime": 4}}