{"MAE": 19.877173966489043, "RMSE": 26.04222491998402, "MRAE": 0.3806493165582395, "JSD": 0.11909572956343449, "R^2-Score": 0.4340750930609357, "MEAPE-mu": 5.574242018343884, "MEAPE-std": 4.3248031920621965, "_runtime": 3, "_timestamp": 1645390283, "_step": 0, "_wandb": {"runtime": 4}}