{"ARI": 0.109256422375003, "NMI": 0.08714801307103907, "JSD": 0.20739402115609487, "Precision": 0.6766329661629833, "Recall": 0.5884818662292692, "F1-Score": 0.6105391549703522, "ROC AUC": 0.6920690979750347, "Accuracy": 0.5884818662292692, "MEAPE-mu": 23.247037155730933, "MEAPE-std": 0.9933557667516191, "_runtime": 6, "_timestamp": 1646918124, "_step": 0, "_wandb": {"runtime": 5}}