{"MAE": 26.74838709677419, "RMSE": 36.03009494763348, "MRAE": 0.5805130530179243, "JSD": 0.16438177217442104, "R^2-Score": 0.2551995882980158, "MEAPE-mu": 5.775725489441198, "MEAPE-std": 4.4669610356530605, "_runtime": 2, "_timestamp": 1645186147, "_step": 0, "_wandb": {"runtime": 3}}