{"ARI": 0.3374813025557509, "NMI": 0.22670710885904022, "JSD": 0.17642275871785287, "Precision": 0.7353084393497654, "Recall": 0.7427557133348125, "F1-Score": 0.7369004705074076, "ROC AUC": 0.7685630818462575, "Accuracy": 0.7427557133348125, "MEAPE-mu": 5.366521816972618, "MEAPE-std": 0.30035148910186543, "_runtime": 37, "_timestamp": 1645867312, "_step": 0, "_wandb": {"runtime": 38}}