{"ARI": -0.02973427323230341, "NMI": 0.09979922976653323, "JSD": 0.18961874109974636, "Precision": 0.7075990139320794, "Recall": 0.3936052921719956, "F1-Score": 0.36231044645048577, "ROC AUC": 0.7563702819289765, "Accuracy": 0.3936052921719956, "MEAPE-mu": 68.62157837027625, "MEAPE-std": 3.2066199332563055, "_runtime": 3, "_timestamp": 1654258896, "_step": 0, "_wandb": {"runtime": 4}}