{"ARI": 0.0, "NMI": 1.6883267560046202e-15, "JSD": 0.1779992404031432, "Precision": 0.5036420395421436, "Recall": 0.7096774193548387, "F1-Score": 0.5891661594643944, "ROC AUC": 0.5538561364479051, "Accuracy": 0.7096774193548387, "MEAPE-mu": 34.594054459913544, "MEAPE-std": 5.534916522806358, "_runtime": 3, "_timestamp": 1645458923, "_step": 0, "_wandb": {"runtime": 3}}