{"ARI": 0.12376098518564706, "NMI": 0.03607814862464695, "JSD": 0.21237122533929279, "Precision": 0.6250180379083563, "Recall": 0.6660590594239884, "F1-Score": 0.6367720054673515, "ROC AUC": 0.7112669186867611, "Accuracy": 0.6660590594239884, "MEAPE-mu": 13.851596933463805, "MEAPE-std": 0.8464352288639563, "_runtime": 5, "_timestamp": 1646917236, "_step": 0, "_wandb": {"runtime": 6}}