{"ARI": 0.11477469588227455, "NMI": 0.07944970401956357, "JSD": 0.2011231315516275, "Precision": 0.652258064516129, "Recall": 0.6774193548387096, "F1-Score": 0.6558931802583142, "ROC AUC": 0.6013317266098135, "Accuracy": 0.6774193548387096, "MEAPE-mu": 14.740280185897817, "MEAPE-std": 8.988946250657477, "_runtime": 15, "_timestamp": 1646944686, "_step": 0, "_wandb": {"runtime": 15}}