{"ARI": 0.3299130878810359, "NMI": 0.22690398957600336, "JSD": 0.1769106776806169, "Precision": 0.7391570775768311, "Recall": 0.7455957399600621, "F1-Score": 0.7371854020375909, "ROC AUC": 0.8636156781146754, "Accuracy": 0.7455957399600621, "MEAPE-mu": 5.767124537931887, "MEAPE-std": 0.28593498809075335, "_runtime": 3749, "_timestamp": 1652549976, "_step": 0, "_wandb": {"runtime": 3750}}