{"ARI": 0.6925261052324397, "NMI": 0.5712919613751438, "JSD": 0.11079963527352167, "Precision": 0.8946464263253826, "Recall": 0.8954515198579986, "F1-Score": 0.8945340151527592, "ROC AUC": 0.9676246157988877, "Accuracy": 0.8954515198579986, "MEAPE-mu": 2.4931132155310904, "MEAPE-std": 0.19651877340433876, "_runtime": 14, "_timestamp": 1647592457, "_step": 0, "_wandb": {"runtime": 15}}