{"ARI": 0.0, "NMI": 0.0, "JSD": 0.17878432623971877, "Precision": 0.49, "Recall": 0.7, "F1-Score": 0.5764705882352941, "ROC AUC": 0.4231078904991949, "Accuracy": 0.7, "MEAPE-mu": 33.89774694277013, "MEAPE-std": 6.9520073997080285, "_runtime": 5, "_timestamp": 1646933681, "_step": 0, "_wandb": {"runtime": 5}}