{"ARI": 0.08056449424262396, "NMI": 0.054066384012081956, "JSD": 0.19514049034961362, "Precision": 0.6385902031063321, "Recall": 0.6774193548387096, "F1-Score": 0.6295077170653208, "ROC AUC": 0.6277654183660858, "Accuracy": 0.6774193548387096, "MEAPE-mu": 21.342394806407523, "MEAPE-std": 8.806944406197085, "_runtime": 3, "_timestamp": 1645461209, "_step": 0, "_wandb": {"runtime": 3}}