{"ARI": -0.014653645492535824, "NMI": 0.07147834968310372, "JSD": 0.26491784466493207, "Precision": 0.4270141556871748, "Recall": 0.4698025293987131, "F1-Score": 0.44394725075799985, "ROC AUC": 0.4999549814387897, "Accuracy": 0.4698025293987131, "MEAPE-mu": 10.750354463271007, "MEAPE-std": 0.4614417313829272, "_runtime": 3, "_timestamp": 1645790236, "_step": 0, "_wandb": {"runtime": 3}}