{"ARI": 0.2614728746969824, "NMI": 0.21200673110940774, "JSD": 0.16816287118886172, "Precision": 0.6586021505376344, "Recall": 0.7419354838709677, "F1-Score": 0.6709677419354839, "ROC AUC": 0.8792434715821812, "Accuracy": 0.7419354838709677, "MEAPE-mu": 21.928968751280603, "MEAPE-std": 7.04102618968038, "_runtime": 5, "_timestamp": 1646933261, "_step": 0, "_wandb": {"runtime": 5}}