{"ARI": 0.00957699010649658, "NMI": 0.0007035639934293418, "JSD": 0.22290450730633374, "Precision": 0.594361613142915, "Recall": 0.6753311922922521, "F1-Score": 0.6017540622054338, "ROC AUC": 0.5949367565273361, "Accuracy": 0.6753311922922521, "MEAPE-mu": 27.85937344110274, "MEAPE-std": 0.3618760235193534, "_runtime": 4, "_timestamp": 1645772166, "_step": 0, "_wandb": {"runtime": 5}}