{"ARI": 0.12486001907578048, "NMI": 0.036741830629197544, "JSD": 0.2133277203509227, "Precision": 0.6256058620715356, "Recall": 0.665390924002187, "F1-Score": 0.6377081824238108, "ROC AUC": 0.7052768237291303, "Accuracy": 0.665390924002187, "MEAPE-mu": 13.110234841777443, "MEAPE-std": 0.7649712204753353, "_runtime": 6, "_timestamp": 1646917133, "_step": 0, "_wandb": {"runtime": 5}}