{"ARI": -0.07617879151214343, "NMI": 0.049149825440437805, "JSD": 0.1736148300523217, "Precision": 0.054505005561735265, "Recall": 0.22580645161290322, "F1-Score": 0.0878136200716846, "ROC AUC": 0.6613671274961598, "Accuracy": 0.22580645161290322, "MEAPE-mu": 91.97250076225238, "MEAPE-std": 18.17459269588889, "_runtime": 4, "_timestamp": 1645454354, "_step": 0, "_wandb": {"runtime": 4}}