{"ARI": 0.9998423464768625, "NMI": 0.9995001418948767, "JSD": 0.0026556509177221395, "Precision": 0.9999556277645579, "Recall": 0.9999556245839805, "F1-Score": 0.9999556235229075, "ROC AUC": 1.0, "Accuracy": 0.9999556245839805, "MEAPE-mu": 0.0058207622768261975, "MEAPE-std": 0.005634897482468269, "_runtime": 1733, "_timestamp": 1649262081, "_step": 0, "_wandb": {"runtime": 1732}}