{"MAE": 28.051172964735574, "MRAE": 0.42111970269066595, "R^2-Score": 0.15607517081676459, "MEAPE-mu": 6.2936496755180125, "MEAPE-std": 4.369017821652665, "RMSE": 32.89691014886295, "JSD": 0.14665770604093956, "_runtime": 3, "_timestamp": 1646307595, "_step": 0, "_wandb": {"runtime": 4}}