{"MAE": 19.280523697002454, "RMSE": 26.704236421501356, "MRAE": 0.28877251190032244, "JSD": 0.12671479367546287, "R^2-Score": 0.20865701273083703, "MEAPE-mu": 4.0240697406348565, "MEAPE-std": 0.47044643546600706, "_runtime": 543, "_timestamp": 1645588893, "_step": 0, "_wandb": {"runtime": 544}}