{"MAE": 24.315648292300928, "MRAE": 0.48627998379760456, "R^2-Score": 0.3386953912665287, "MEAPE-mu": 9.85733445717988, "MEAPE-std": 5.168029822460077, "RMSE": 31.72525261707572, "JSD": 0.13335694231821318, "_runtime": 2, "_timestamp": 1646308491, "_step": 0, "_wandb": {"runtime": 4}}