{"MAE": 19.66982656369318, "MRAE": 0.40627929592001827, "R^2-Score": -0.3682669000100103, "MEAPE-mu": 18.33160467892704, "MEAPE-std": 0.2238657787745173, "RMSE": 23.265858066062844, "JSD": 0.10908786082395328, "_runtime": 3, "_timestamp": 1645985816, "_step": 0, "_wandb": {"runtime": 3}}