{"ARI": 0.9970867642860383, "NMI": 0.9923330363091815, "JSD": 0.010941651274523961, "Precision": 0.9991568689511099, "Recall": 0.999156867095629, "F1-Score": 0.9991567771158187, "ROC AUC": 0.9990998600943448, "Accuracy": 0.999156867095629, "MEAPE-mu": 0.028714844836229988, "MEAPE-std": 0.019549636716763175, "_runtime": 295, "_timestamp": 1648769915, "_step": 0, "_wandb": {"runtime": 295}}