{"ARI": 0.37157966646102847, "NMI": 0.2606749854354083, "JSD": 0.1627276671000489, "Precision": 0.7640267255125732, "Recall": 0.7682272021300199, "F1-Score": 0.7521779255190459, "ROC AUC": 0.7635775561558535, "Accuracy": 0.7682272021300199, "MEAPE-mu": 11.93891294895135, "MEAPE-std": 0.2912409991240446, "_runtime": 470, "_timestamp": 1647715752, "_step": 0, "_wandb": {"runtime": 471}}