{"MAE": 29.949079694613875, "RMSE": 35.9081910248698, "MRAE": 0.47816381953288406, "JSD": Infinity, "R^2-Score": 0.2501466313208103, "MEAPE-mu": 8.931091140972374, "MEAPE-std": 0.46367742459225497, "_runtime": 4, "_timestamp": 1645532155, "_step": 0, "_wandb": {"runtime": 5}}