{"ARI": 0.09238776837996096, "NMI": 0.11016439952260915, "JSD": 0.17214572985488602, "Precision": 0.7402298850574713, "Recall": 0.7333333333333333, "F1-Score": 0.6463333333333333, "ROC AUC": 0.667673107890499, "Accuracy": 0.7333333333333333, "MEAPE-mu": 30.55212539786299, "MEAPE-std": 5.927853054287644, "_runtime": 1, "_timestamp": 1645452650, "_step": 0, "_wandb": {"runtime": 3}}