{"ARI": 0.17654134381304062, "NMI": 0.08566955921590581, "JSD": 0.20805087314887283, "Precision": 0.7202196624264738, "Recall": 0.739010437575271, "F1-Score": 0.7182772149618352, "ROC AUC": 0.7714276192203917, "Accuracy": 0.739010437575271, "MEAPE-mu": 14.233710428654256, "MEAPE-std": 0.4120012300434562, "_runtime": 9, "_timestamp": 1646849930, "_step": 0, "_wandb": {"runtime": 9}}