{"ARI": 0.04030710172744722, "NMI": 0.10728068766280813, "JSD": 0.23231041600568939, "Precision": 0.49259259259259264, "Recall": 0.6333333333333333, "F1-Score": 0.5541666666666667, "ROC AUC": 0.7728720956981827, "Accuracy": 0.6333333333333333, "MEAPE-mu": 21.172666156641824, "MEAPE-std": 10.53777199609256, "_runtime": 2, "_timestamp": 1645453953, "_step": 0, "_wandb": {"runtime": 3}}