{"ARI": 0.7062975364511026, "NMI": 0.5882503854261285, "JSD": 0.10823889260786149, "Precision": 0.9002210284754694, "Recall": 0.9009096960284003, "F1-Score": 0.9000979849308537, "ROC AUC": 0.9695658866243052, "Accuracy": 0.9009096960284003, "MEAPE-mu": 2.337755704839158, "MEAPE-std": 0.20975410996176014, "_runtime": 13, "_timestamp": 1648727070, "_step": 0, "_wandb": {"runtime": 14}}