{"ARI": 0.029565776731737083, "NMI": 0.010872672330863664, "JSD": 0.20106508570711956, "Precision": 0.6534410204005955, "Recall": 0.7018767563227619, "F1-Score": 0.6088575843412117, "ROC AUC": 0.6723398646379708, "Accuracy": 0.7018767563227619, "MEAPE-mu": 32.89226177662361, "MEAPE-std": 0.27479018943715383, "_runtime": 4, "_timestamp": 1645772177, "_step": 0, "_wandb": {"runtime": 5}}