{"ARI": -0.018487582136095332, "NMI": 0.08743141343653599, "JSD": 0.23603588469322065, "Precision": 0.45161290322580644, "Recall": 0.5806451612903226, "F1-Score": 0.5080645161290323, "ROC AUC": 0.4469662058371736, "Accuracy": 0.5806451612903226, "MEAPE-mu": 21.23568862885053, "MEAPE-std": 9.672150250474395, "_runtime": 5, "_timestamp": 1646934146, "_step": 0, "_wandb": {"runtime": 5}}