{"MAE": 20.473837984298218, "MRAE": 0.3225161355131171, "R^2-Score": -0.1545896875343462, "MEAPE-mu": 5.4561235080934365, "MEAPE-std": 4.271570649894404, "RMSE": 24.342814773318917, "JSD": 0.11375598120931249, "_runtime": 2, "_timestamp": 1646480302, "_step": 0, "_wandb": {"runtime": 4}}