{"MAE": 26.974805228774116, "MRAE": 0.6518069986054106, "R^2-Score": 0.06862525904536165, "MEAPE-mu": 6.8786416881512915, "MEAPE-std": 0.35456789048414794, "RMSE": 33.2107287888136, "JSD": 0.17396936664163987, "_runtime": 5, "_timestamp": 1647000678, "_step": 0, "_wandb": {"runtime": 5}}