{"ARI": 0.10026719551600552, "NMI": 0.037067550650929544, "JSD": 0.20175094763386173, "Precision": 0.713400783331877, "Recall": 0.7552750936698875, "F1-Score": 0.7043094880464187, "ROC AUC": 0.7648161448098606, "Accuracy": 0.7552750936698875, "MEAPE-mu": 22.740167600831704, "MEAPE-std": 0.7409076106739858, "_runtime": 7, "_timestamp": 1646916944, "_step": 0, "_wandb": {"runtime": 7}}