{"MAE": 20.726079140235626, "RMSE": 26.53540682637704, "MRAE": 0.3277979383358485, "JSD": 0.11472944406855433, "R^2-Score": 0.4633052951615595, "MEAPE-mu": 4.682456759194348, "MEAPE-std": 3.4609654793272875, "_runtime": 2, "_timestamp": 1645189289, "_step": 0, "_wandb": {"runtime": 3}}