{"ARI": -0.09234297220202473, "NMI": 0.04779441695060313, "JSD": 0.2741113483702885, "Precision": 0.4602534562211981, "Recall": 0.5161290322580645, "F1-Score": 0.4860215053763441, "ROC AUC": 0.40934371523915464, "Accuracy": 0.5161290322580645, "MEAPE-mu": 13.357851715930199, "MEAPE-std": 8.764347010905686, "_runtime": 2, "_timestamp": 1645458932, "_step": 0, "_wandb": {"runtime": 3}}