{"ARI": 0.012610137957410466, "NMI": 0.0039003314700469106, "JSD": 0.1937754192450502, "Precision": 0.497430950286135, "Recall": 0.6170401597514976, "F1-Score": 0.4967679178248421, "ROC AUC": 0.6052928677330746, "Accuracy": 0.6170401597514976, "MEAPE-mu": 34.986361026426145, "MEAPE-std": 0.26008836756246123, "_runtime": 5, "_timestamp": 1645564775, "_step": 0, "_wandb": {"runtime": 5}}