{"ARI": 0.25336725240390123, "NMI": 0.13744125752683853, "JSD": 0.18071921171749505, "Precision": 0.7171649539936759, "Recall": 0.7522785271600437, "F1-Score": 0.7172069519366466, "ROC AUC": 0.8117309380077443, "Accuracy": 0.7522785271600437, "MEAPE-mu": 13.902051470798586, "MEAPE-std": 0.6897903212036623, "_runtime": 36, "_timestamp": 1645780015, "_step": 0, "_wandb": {"runtime": 36}}