{"MAE": 24.354411826158053, "RMSE": 28.93830888455826, "MRAE": 0.40148308173681035, "JSD": Infinity, "R^2-Score": 0.2118702832161905, "MEAPE-mu": 5.082743243535786, "MEAPE-std": 0.4416230384577267, "_runtime": 5, "_timestamp": 1645533514, "_step": 0, "_wandb": {"runtime": 4}}