{"MAE": 25.7, "MRAE": 0.48012276719222463, "R^2-Score": 0.012909101396029077, "MEAPE-mu": 8.228009094172426, "MEAPE-std": 6.1377292102148315, "RMSE": 30.721973852917635, "JSD": 0.14966472498822517, "_runtime": 4, "_timestamp": 1646306906, "_step": 0, "_wandb": {"runtime": 4}}