{"ARI": 0.7725457698586783, "NMI": 0.6457318195717028, "JSD": 0.09376578640212556, "Precision": 0.9305037718585388, "Recall": 0.9294377067254685, "F1-Score": 0.9298661650400722, "ROC AUC": 0.9825137054319666, "Accuracy": 0.9294377067254685, "MEAPE-mu": 0.9824117410236134, "MEAPE-std": 0.7264746090768899, "_runtime": 118, "_timestamp": 1654114355, "_step": 0, "_wandb": {"runtime": 119}}