{"MAE": 27.131810742304314, "RMSE": 33.45983235264339, "MRAE": 0.6110092950758195, "JSD": Infinity, "R^2-Score": 0.0388883257240864, "MEAPE-mu": 0.3253150076274675, "MEAPE-std": 0.2543703105557696, "_runtime": 5, "_timestamp": 1645193537, "_step": 0, "_wandb": {"runtime": 5}}