{"ARI": 0.7052197177039329, "NMI": 0.6034535053372372, "JSD": 0.10856016335745439, "Precision": 0.9036088095980674, "Recall": 0.9024184601730642, "F1-Score": 0.902807732298239, "ROC AUC": 0.978599155447645, "Accuracy": 0.9024184601730642, "MEAPE-mu": 1.6392873007802191, "MEAPE-std": 0.2122588791776112, "_runtime": 3142, "_timestamp": 1648005984, "_step": 0, "_wandb": {"runtime": 3141}}