{"ARI": 0.2775920877359005, "NMI": 0.16114276134913752, "JSD": 0.1911110507872296, "Precision": 0.7703182018664851, "Recall": 0.7803984543584082, "F1-Score": 0.7690352566029521, "ROC AUC": 0.8189150405107272, "Accuracy": 0.7803984543584082, "MEAPE-mu": 10.292115622951833, "MEAPE-std": 0.3827235219115999, "_runtime": 7, "_timestamp": 1645799060, "_step": 0, "_wandb": {"runtime": 7}}