{"ARI": -5.7361508118965355e-05, "NMI": 5.853809958793198e-05, "JSD": Infinity, "Precision": 0.4900878219551946, "Recall": 0.7000200722601365, "F1-Score": 0.5765381680206131, "ROC AUC": 0.5248921069581148, "Accuracy": 0.7000200722601365, "MEAPE-mu": 149.74438634194112, "MEAPE-std": 3.9693510780665067, "_runtime": 4, "_timestamp": 1653982319, "_step": 0, "_wandb": {"runtime": 5}}