{"ARI": 0.016999605873442895, "NMI": 0.005415450863080387, "JSD": 0.19372619780727623, "Precision": 0.5030615455209284, "Recall": 0.6187264255602396, "F1-Score": 0.5001786745000428, "ROC AUC": 0.605468270054778, "Accuracy": 0.6187264255602396, "MEAPE-mu": 34.73714013557861, "MEAPE-std": 0.26351342859895777, "_runtime": 5, "_timestamp": 1645564763, "_step": 0, "_wandb": {"runtime": 5}}