{"MAE": 22.1831584529164, "MRAE": 0.4882936597761061, "R^2-Score": 0.33297962341107856, "MEAPE-mu": 8.238902914304084, "MEAPE-std": 0.2530094079893711, "RMSE": 27.81830074330663, "JSD": 0.1405300793744818, "_runtime": 17, "_timestamp": 1646991353, "_step": 0, "_wandb": {"runtime": 18}}