{"MAE": 19.589292455291446, "MRAE": 0.3438138498934869, "R^2-Score": 0.4910042002893985, "MEAPE-mu": 0.3490306050962201, "MEAPE-std": 0.2416520653044328, "RMSE": 25.319766509141683, "JSD": Infinity, "_runtime": 4, "_timestamp": 1646485398, "_step": 0, "_wandb": {"runtime": 5}}