{"ARI": 0.41406933011286, "NMI": 0.24197683580368615, "JSD": 0.1608958568961762, "Precision": 0.7789029757246904, "Recall": 0.7954794021144732, "F1-Score": 0.7821587772708338, "ROC AUC": 0.789966042909769, "Accuracy": 0.7954794021144732, "MEAPE-mu": 6.9773706439449485, "MEAPE-std": 0.6251210325019524, "_runtime": 394, "_timestamp": 1646837094, "_step": 0, "_wandb": {"runtime": 395}}