{"MAE": 23.512273936275058, "RMSE": 30.17931441612404, "MRAE": 0.42457629541638325, "JSD": Infinity, "R^2-Score": 0.27571706100835125, "MEAPE-mu": 1.0975757091391936, "MEAPE-std": 0.42234992473640764, "_runtime": 52, "_timestamp": 1645201956, "_step": 0, "_wandb": {"runtime": 53}}