{"ARI": 0.03205798990726857, "NMI": 0.018082284156574088, "JSD": 0.22698935894747874, "Precision": 0.5257503488501907, "Recall": 0.5018415797648103, "F1-Score": 0.5114426227394386, "ROC AUC": 0.5965841892421657, "Accuracy": 0.5018415797648103, "MEAPE-mu": 7.412348572081165, "MEAPE-std": 0.4911761759995678, "_runtime": 2, "_timestamp": 1645606705, "_step": 0, "_wandb": {"runtime": 3}}