{"MAE": 27.590850120852664, "RMSE": 34.02503992971377, "MRAE": 0.6203198630379403, "JSD": Infinity, "R^2-Score": 0.03697516358348485, "MEAPE-mu": 0.2991906687690118, "MEAPE-std": 0.24791101134149077, "_runtime": 4, "_timestamp": 1645193595, "_step": 0, "_wandb": {"runtime": 5}}