{"MAE": 26.86998403748492, "RMSE": 34.11170329499737, "MRAE": 0.459906204952277, "JSD": 0.15540239750813428, "R^2-Score": -0.1271429276836784, "MEAPE-mu": 7.08876734253641, "MEAPE-std": 4.959591631328116, "_runtime": 4, "_timestamp": 1645390914, "_step": 0, "_wandb": {"runtime": 4}}