{"ARI": 0.0, "NMI": 6.91199551167899e-15, "JSD": 0.17798981128368221, "Precision": 0.4815641485056782, "Recall": 0.6939482318629238, "F1-Score": 0.5685700890352202, "ROC AUC": 0.680042747807291, "Accuracy": 0.6939482318629238, "MEAPE-mu": 34.7806026576646, "MEAPE-std": 0.5081049068817706, "_runtime": 5, "_timestamp": 1646917440, "_step": 0, "_wandb": {"runtime": 5}}