{"ARI": 0.0, "NMI": 0.0, "JSD": 0.17808250847017623, "Precision": 0.3832618155944979, "Recall": 0.6190814288883958, "F1-Score": 0.4734311798729381, "ROC AUC": 0.6112987087700509, "Accuracy": 0.6190814288883958, "MEAPE-mu": 39.21733116479991, "MEAPE-std": 0.21109775095927352, "_runtime": 3, "_timestamp": 1645771481, "_step": 0, "_wandb": {"runtime": 4}}