{"ARI": 0.13178806240646235, "NMI": 0.04294628432063653, "JSD": 0.20863389268445742, "Precision": 0.6472903763748591, "Recall": 0.5924170616113744, "F1-Score": 0.6154464468317544, "ROC AUC": 0.6865327046127201, "Accuracy": 0.5924170616113744, "MEAPE-mu": 3.026211496159816, "MEAPE-std": 0.8924955999823921, "_runtime": 6, "_timestamp": 1646917694, "_step": 0, "_wandb": {"runtime": 6}}