{"MAE": 12.505220853493984, "MRAE": 0.1750365961300911, "R^2-Score": 0.7199727589788019, "MEAPE-mu": 0.6133110244826575, "MEAPE-std": 0.3359553115496759, "RMSE": 18.9719514951998, "JSD": 0.07967855544321013, "_runtime": 1395, "_timestamp": 1646762248, "_step": 0, "_wandb": {"runtime": 1397}}