{"ARI": 0.5960139082395626, "NMI": 0.4723568605779087, "JSD": 0.1290217843039512, "Precision": 0.8779024690195885, "Recall": 0.8756835581480131, "F1-Score": 0.8687079364702276, "ROC AUC": 0.9546566233125936, "Accuracy": 0.8756835581480131, "MEAPE-mu": 7.946798525357448, "MEAPE-std": 0.4931119226267059, "_runtime": 22, "_timestamp": 1646865952, "_step": 0, "_wandb": {"runtime": 21}}