{"ARI": 0.05122469226354721, "NMI": 0.017714280198360344, "JSD": 0.2095352786045975, "Precision": 0.6561527443861623, "Recall": 0.7022782015254918, "F1-Score": 0.630666025699559, "ROC AUC": 0.6477015139642349, "Accuracy": 0.7022782015254918, "MEAPE-mu": 28.810929932687763, "MEAPE-std": 0.3490360369541137, "_runtime": 3, "_timestamp": 1645605891, "_step": 0, "_wandb": {"runtime": 3}}