{"ARI": 0.2827363014298926, "NMI": 0.159030983552378, "JSD": 0.18250300727015395, "Precision": 0.7946192579323365, "Recall": 0.807570977917981, "F1-Score": 0.7860505890379093, "ROC AUC": 0.8312488365599404, "Accuracy": 0.807570977917981, "MEAPE-mu": 15.025481200197397, "MEAPE-std": 0.6849531843022528, "_runtime": 31, "_timestamp": 1646926517, "_step": 0, "_wandb": {"runtime": 30}}