{"ARI": 0.37506766647596673, "NMI": 0.26018298928057026, "JSD": 0.16268864658530816, "Precision": 0.7634588094620949, "Recall": 0.7686709562902152, "F1-Score": 0.7528659909277435, "ROC AUC": 0.766789698277275, "Accuracy": 0.7686709562902152, "MEAPE-mu": 11.244687319533178, "MEAPE-std": 0.2931073251032908, "_runtime": 561, "_timestamp": 1647718887, "_step": 0, "_wandb": {"runtime": 560}}