{"ARI": 0.7368726344238572, "NMI": 0.6227788819849223, "JSD": 0.10018008899256628, "Precision": 0.911690231216689, "Recall": 0.9122254271133792, "F1-Score": 0.9114670304143354, "ROC AUC": 0.9845543186323569, "Accuracy": 0.9122254271133792, "MEAPE-mu": 2.1693039585211547, "MEAPE-std": 0.19106217611110748, "_runtime": 7849, "_timestamp": 1649044244, "_step": 0, "_wandb": {"runtime": 7850}}