{"ARI": 0.3429097003858266, "NMI": 0.25562236899699087, "JSD": 0.16371259749572298, "Precision": 0.8450499600853228, "Recall": 0.8341549990140011, "F1-Score": 0.8073503794751948, "ROC AUC": 0.7373162113096128, "Accuracy": 0.8341549990140011, "MEAPE-mu": 19.421140983013544, "MEAPE-std": 0.5917102020093642, "_runtime": 3, "_timestamp": 1645785735, "_step": 0, "_wandb": {"runtime": 4}}