{"ARI": 0.13371545286036865, "NMI": 0.05859276955051361, "JSD": 0.20070452769088903, "Precision": 0.6585734744634361, "Recall": 0.7122381477398015, "F1-Score": 0.6654292425619942, "ROC AUC": 0.7282080523431975, "Accuracy": 0.7122381477398015, "MEAPE-mu": 16.557198330499304, "MEAPE-std": 2.002897212505247, "_runtime": 4, "_timestamp": 1654269845, "_step": 0, "_wandb": {"runtime": 5}}