{"ARI": 0.14851641283029937, "NMI": 0.09021653768758015, "JSD": 0.1926977888043144, "Precision": 0.5416761791504708, "Recall": 0.6368315952962059, "F1-Score": 0.5530460246181814, "ROC AUC": 0.7582440838975594, "Accuracy": 0.6368315952962059, "MEAPE-mu": 26.688095099398925, "MEAPE-std": 0.30794176191756567, "_runtime": 5, "_timestamp": 1646930690, "_step": 0, "_wandb": {"runtime": 6}}