{"MAE": 11.116477802910604, "MRAE": 0.20226306771819844, "R^2-Score": 0.6766412039270258, "MEAPE-mu": 2.523399009299274, "MEAPE-std": 0.1888986677651971, "RMSE": 19.497598940481804, "JSD": 0.09632554835036329, "_runtime": 3477, "_timestamp": 1649061359, "_step": 0, "_wandb": {"runtime": 3476}}