{"MAE": 22.413642396554867, "MRAE": 0.39742178406595147, "R^2-Score": 0.3671721569336329, "MEAPE-mu": 0.4046165988214666, "MEAPE-std": 0.28985814773758123, "RMSE": 28.626430321699708, "JSD": Infinity, "_runtime": 3, "_timestamp": 1646320755, "_step": 0, "_wandb": {"runtime": 4}}