{"ARI": 0.14470096727402598, "NMI": 0.0808312179021205, "JSD": 0.19544449849213397, "Precision": 0.6974534512561532, "Recall": 0.7243660418963617, "F1-Score": 0.6777559367145018, "ROC AUC": 0.7686549212605834, "Accuracy": 0.7243660418963617, "MEAPE-mu": 17.826888146098167, "MEAPE-std": 1.8090866803848016, "_runtime": 233, "_timestamp": 1654312980, "_step": 0, "_wandb": {"runtime": 234}}