{"ARI": 0.0, "NMI": 7.024775910151136e-16, "JSD": 0.1813021946042139, "Precision": 0.0, "Recall": 0.0, "F1-Score": 0.0, "Accuracy": 0.0, "MEAPE-mu": 163.76960785948188, "MEAPE-std": 5.925975541753433, "_runtime": 24, "_timestamp": 1645623014, "_step": 0, "_wandb": {"runtime": 10}}