{"ARI": 0.2791287822117057, "NMI": 0.1625205515853786, "JSD": 0.19074415925127647, "Precision": 0.771167955981737, "Recall": 0.7811621838619028, "F1-Score": 0.7696704688799327, "ROC AUC": 0.821207983529245, "Accuracy": 0.7811621838619028, "MEAPE-mu": 10.402198649610513, "MEAPE-std": 0.38947104947460337, "_runtime": 6, "_timestamp": 1645799019, "_step": 0, "_wandb": {"runtime": 6}}