{"ARI": 0.1934826883910387, "NMI": 0.10489031526302724, "JSD": 0.19042038558792346, "Precision": 0.7666666666666667, "Recall": 0.7857142857142857, "F1-Score": 0.7521739130434782, "ROC AUC": 0.8027210884353744, "Accuracy": 0.7857142857142857, "MEAPE-mu": 18.934432090882154, "MEAPE-std": 8.467874683357115, "_runtime": 5, "_timestamp": 1645514213, "_step": 0, "_wandb": {"runtime": 6}}