{"MAE": 31.058064516129026, "MRAE": 0.6020534410515533, "R^2-Score": 0.11644377385324411, "MEAPE-mu": 6.5452580955165445, "MEAPE-std": 4.802985497860953, "RMSE": 40.42635678094979, "JSD": 0.17706515444117898, "_runtime": 4, "_timestamp": 1646307684, "_step": 0, "_wandb": {"runtime": 4}}