{"ARI": 0.14482384979007532, "NMI": 0.06309104907107152, "JSD": 0.19667872505203457, "Precision": 0.7153647625126764, "Recall": 0.7199558985667034, "F1-Score": 0.6666288013556025, "ROC AUC": 0.7298019680679444, "Accuracy": 0.7199558985667034, "MEAPE-mu": 18.94155756878212, "MEAPE-std": 1.5943928565902725, "_runtime": 3, "_timestamp": 1654269767, "_step": 0, "_wandb": {"runtime": 4}}