{"MAE": 24.76977592339493, "MRAE": 0.3827813916269953, "R^2-Score": 0.4523900644455905, "MEAPE-mu": 6.2011849659877205, "MEAPE-std": 0.41726730578012505, "RMSE": 30.68605174394868, "JSD": 0.12639672121987305, "_runtime": 427, "_timestamp": 1646063398, "_step": 0, "_wandb": {"runtime": 428}}