{"ARI": 0.988842745919622, "NMI": 0.9693267426976065, "JSD": 0.02178253058130994, "Precision": 0.996360395988261, "Recall": 0.99635435654393, "F1-Score": 0.9963529656635193, "ROC AUC": 0.9999340024217939, "Accuracy": 0.99635435654393, "MEAPE-mu": 0.07969223593099761, "MEAPE-std": 0.06095036288070098, "_runtime": 119, "_timestamp": 1647394290, "_step": 0, "_wandb": {"runtime": 119}}