{"ARI": 0.06334414414064958, "NMI": 0.01691590024887853, "JSD": 0.2171349271382836, "Precision": 0.6062081610384507, "Recall": 0.541195771053591, "F1-Score": 0.564191006060138, "ROC AUC": 0.6157635296878804, "Accuracy": 0.541195771053591, "MEAPE-mu": 2.3663624564631025, "MEAPE-std": 0.9409191291731884, "_runtime": 4, "_timestamp": 1645775230, "_step": 0, "_wandb": {"runtime": 4}}