{"ARI": -0.06061325925107698, "NMI": 0.07878883798920161, "JSD": 0.187608366145848, "Precision": 0.707544597970101, "Recall": 0.3814773980154355, "F1-Score": 0.35032503489249306, "ROC AUC": 0.7398778011598777, "Accuracy": 0.3814773980154355, "MEAPE-mu": 70.07983201677725, "MEAPE-std": 3.039804178914143, "_runtime": 3, "_timestamp": 1654102225, "_step": 0, "_wandb": {"runtime": 4}}