{"ARI": 0.04678398946098853, "NMI": 0.03342875623439306, "JSD": 0.20284430212349708, "Precision": 0.5942976313734568, "Recall": 0.6265808741956956, "F1-Score": 0.5412646202006227, "ROC AUC": 0.6440308909560888, "Accuracy": 0.6265808741956956, "MEAPE-mu": 29.73108144974006, "MEAPE-std": 0.27685350656567603, "_runtime": 1516, "_timestamp": 1646080591, "_step": 0, "_wandb": {"runtime": 1517}}