{"MAE": 20.33133095583483, "MRAE": 0.37616883938617957, "R^2-Score": 0.4652617210337663, "MEAPE-mu": 4.710999520663964, "MEAPE-std": 0.4755680106577138, "RMSE": 25.841525349272754, "JSD": 0.11581390811703557, "_runtime": 182, "_timestamp": 1646342712, "_step": 0, "_wandb": {"runtime": 183}}