{"ARI": 0.16294080080636522, "NMI": 0.09949524706593309, "JSD": 0.18749031717155432, "Precision": 0.6722709706000574, "Recall": 0.7375964718853363, "F1-Score": 0.6855083276064626, "ROC AUC": 0.7084773868767917, "Accuracy": 0.7375964718853363, "MEAPE-mu": 19.23298625877915, "MEAPE-std": 1.5626596807763886, "_runtime": 5, "_timestamp": 1654277669, "_step": 0, "_wandb": {"runtime": 6}}