{"ARI": 0.20151636073423784, "NMI": 0.10823893069000953, "JSD": 0.1883011047210229, "Precision": 0.7736516357206014, "Recall": 0.7931034482758621, "F1-Score": 0.7603448275862069, "ROC AUC": 0.7142857142857143, "Accuracy": 0.7931034482758621, "MEAPE-mu": 17.852926397062134, "MEAPE-std": 8.577099330703012, "_runtime": 6, "_timestamp": 1645514142, "_step": 0, "_wandb": {"runtime": 6}}