{"ARI": -0.05104166652588832, "NMI": 0.08055451251786895, "JSD": 0.18927658193274005, "Precision": 0.7026520309491376, "Recall": 0.39250275633958104, "F1-Score": 0.3670003248799903, "ROC AUC": 0.754290644482572, "Accuracy": 0.39250275633958104, "MEAPE-mu": 67.20373823734795, "MEAPE-std": 3.0528557214295775, "_runtime": 3, "_timestamp": 1654258875, "_step": 0, "_wandb": {"runtime": 4}}