{"ARI": 0.05308409255769175, "NMI": 0.06516145877707065, "JSD": 0.20528134014549332, "Precision": 0.6218960055523053, "Recall": 0.632615930774351, "F1-Score": 0.5586453589585639, "ROC AUC": 0.6396762948172189, "Accuracy": 0.632615930774351, "MEAPE-mu": 28.414401778033433, "MEAPE-std": 0.2847302305897605, "_runtime": 1621, "_timestamp": 1647712219, "_step": 0, "_wandb": {"runtime": 1621}}