{"ARI": 0.09238776837996096, "NMI": 0.11016439952260915, "JSD": 0.17214572985488602, "Precision": 0.7402298850574713, "Recall": 0.7333333333333333, "F1-Score": 0.6463333333333333, "ROC AUC": 0.803163100989188, "Accuracy": 0.7333333333333333, "MEAPE-mu": 30.0569665604276, "MEAPE-std": 6.040793193987148, "_runtime": 6, "_timestamp": 1646933310, "_step": 0, "_wandb": {"runtime": 5}}