{"ARI": 0.09241410168479156, "NMI": 0.0402991350924853, "JSD": 0.19777981926681434, "Precision": 0.5713740489460828, "Recall": 0.6292433991568671, "F1-Score": 0.5474392343002087, "ROC AUC": 0.710689480567803, "Accuracy": 0.6292433991568671, "MEAPE-mu": 29.140767989452684, "MEAPE-std": 0.2844277730353191, "_runtime": 9, "_timestamp": 1646926136, "_step": 0, "_wandb": {"runtime": 8}}