{"ARI": 0.03938057412566475, "NMI": 0.02559505390808506, "JSD": 0.18083034513788182, "Precision": 0.6492119399997346, "Recall": 0.7040277018407144, "F1-Score": 0.5999213886997805, "ROC AUC": 0.7170516514954518, "Accuracy": 0.7040277018407144, "MEAPE-mu": 32.03678985856955, "MEAPE-std": 0.5029713148868108, "_runtime": 4, "_timestamp": 1645774368, "_step": 0, "_wandb": {"runtime": 4}}