{"ARI": 0.0, "NMI": 1.6883267560046202e-15, "JSD": 0.17799924040314316, "Precision": 0.5036420395421436, "Recall": 0.7096774193548387, "F1-Score": 0.5891661594643944, "ROC AUC": 0.35817575083426023, "Accuracy": 0.7096774193548387, "MEAPE-mu": 34.063247056851885, "MEAPE-std": 6.276583469725715, "_runtime": 4, "_timestamp": 1646933892, "_step": 0, "_wandb": {"runtime": 5}}