{"ARI": 0.07146457261680404, "NMI": 0.09769938364811308, "JSD": 0.17529819543817723, "Precision": 0.6526643647059751, "Recall": 0.6605724428666518, "F1-Score": 0.5600455691987092, "ROC AUC": 0.7890486234653585, "Accuracy": 0.6605724428666518, "MEAPE-mu": 33.66794747211728, "MEAPE-std": 0.2321043370341351, "_runtime": 3543, "_timestamp": 1648595050, "_step": 0, "_wandb": {"runtime": 3542}}