{"MAE": 24.562685053947668, "MRAE": 0.4068843713705652, "R^2-Score": 0.4138634755608539, "MEAPE-mu": 1.844453033300668, "MEAPE-std": 0.5047095699714894, "RMSE": 33.0729529605207, "JSD": 0.1364065189304245, "_runtime": 431, "_timestamp": 1646062095, "_step": 0, "_wandb": {"runtime": 431}}