{"MAE": 22.229137627042398, "MRAE": 0.4671346715601052, "R^2-Score": 0.3049482481827296, "MEAPE-mu": 0.328620803665284, "MEAPE-std": 0.22677799857192546, "RMSE": 28.584379989864328, "JSD": Infinity, "_runtime": 5, "_timestamp": 1646985588, "_step": 0, "_wandb": {"runtime": 5}}