{"ARI": 0.27104494225685266, "NMI": 0.15195327414897267, "JSD": 0.17753568967578565, "Precision": 0.6565756823821339, "Recall": 0.7419354838709677, "F1-Score": 0.6894303363074811, "ROC AUC": 0.715284178187404, "Accuracy": 0.7419354838709677, "MEAPE-mu": 14.109747927053853, "MEAPE-std": 8.182605661293074, "_runtime": 2, "_timestamp": 1645453928, "_step": 0, "_wandb": {"runtime": 3}}