{"ARI": -0.048031169849153815, "NMI": 0.048306876291373806, "JSD": 0.1900435226006847, "Precision": 0.7951373419678079, "Recall": 0.35367322360497794, "F1-Score": 0.24419666901992515, "ROC AUC": 0.7597241586007853, "Accuracy": 0.35367322360497794, "MEAPE-mu": 80.78120020424224, "MEAPE-std": 0.7193847324058319, "_runtime": 5, "_timestamp": 1646914175, "_step": 0, "_wandb": {"runtime": 5}}