{"ARI": 0.2268752925038791, "NMI": 0.1267752808327182, "JSD": 0.20277910965827822, "Precision": 0.7488091516810979, "Recall": 0.7480429546366921, "F1-Score": 0.7484183152920076, "ROC AUC": 0.8306472448018218, "Accuracy": 0.7480429546366921, "MEAPE-mu": 0.4902591722256121, "MEAPE-std": 0.34195366160467133, "_runtime": 9, "_timestamp": 1646924698, "_step": 0, "_wandb": {"runtime": 10}}