{"MAE": 21.012884785635162, "MRAE": 0.40457039702098363, "R^2-Score": 0.22521823832181898, "MEAPE-mu": 4.541297742725003, "MEAPE-std": 3.6530406880089985, "RMSE": 28.574673099152115, "JSD": 0.1345587382840094, "_runtime": 3, "_timestamp": 1646297308, "_step": 0, "_wandb": {"runtime": 4}}