{"ARI": 0.0, "NMI": 0.0, "JSD": 0.1787843262397188, "Precision": 0.49, "Recall": 0.7, "F1-Score": 0.5764705882352941, "ROC AUC": 0.534874626178974, "Accuracy": 0.7, "MEAPE-mu": 33.879972079112704, "MEAPE-std": 7.192370133856138, "_runtime": 3, "_timestamp": 1645462253, "_step": 0, "_wandb": {"runtime": 4}}