{"ARI": 0.19879544960356013, "NMI": 0.12002168869805692, "JSD": 0.18389901430190775, "Precision": 0.7188995398329084, "Recall": 0.7435757244395844, "F1-Score": 0.6984802446673759, "ROC AUC": 0.7692865311407336, "Accuracy": 0.7435757244395844, "MEAPE-mu": 18.139268293523468, "MEAPE-std": 0.7643453326020744, "_runtime": 37, "_timestamp": 1646922914, "_step": 0, "_wandb": {"runtime": 37}}