{"ARI": -0.040386803185438, "NMI": 0.027484918779312785, "JSD": 0.2094482676392456, "Precision": 0.45161290322580644, "Recall": 0.6451612903225806, "F1-Score": 0.5313092979127134, "ROC AUC": 0.6341466363592398, "Accuracy": 0.6451612903225806, "MEAPE-mu": 31.931759045652825, "MEAPE-std": 7.99443376028363, "_runtime": 5, "_timestamp": 1646933828, "_step": 0, "_wandb": {"runtime": 5}}