{"MAE": 21.045160408312068, "MRAE": 0.3863771038879571, "R^2-Score": 0.44870824167840684, "MEAPE-mu": 0.49647265778274624, "MEAPE-std": 0.3329603342366853, "RMSE": 26.791477710069906, "JSD": Infinity, "_runtime": 3, "_timestamp": 1646316813, "_step": 0, "_wandb": {"runtime": 4}}