{"ARI": 0.08995820769558908, "NMI": 0.060853992168486366, "JSD": 0.19893652790350852, "Precision": 0.5707141835601973, "Recall": 0.6535611271355669, "F1-Score": 0.5819321155465027, "ROC AUC": 0.7058579167692896, "Accuracy": 0.6535611271355669, "MEAPE-mu": 24.18611098494695, "MEAPE-std": 0.2741477143563983, "_runtime": 3, "_timestamp": 1645787646, "_step": 0, "_wandb": {"runtime": 4}}