{"MAE": 17.528936568440265, "MRAE": 0.3352562546727173, "R^2-Score": -0.08645345208333755, "MEAPE-mu": 9.533826754256863, "MEAPE-std": 0.22597955935870917, "RMSE": 22.30759771030685, "JSD": 0.1203335151278804, "_runtime": 21, "_timestamp": 1647011889, "_step": 0, "_wandb": {"runtime": 21}}