{"ARI": 0.0, "NMI": 0.0, "JSD": 0.17808250847017626, "Precision": 0.3832618155944979, "Recall": 0.6190814288883958, "F1-Score": 0.4734311798729381, "ROC AUC": 0.6627987853594685, "Accuracy": 0.6190814288883958, "MEAPE-mu": 39.19177131929167, "MEAPE-std": 0.2168216804971401, "_runtime": 5, "_timestamp": 1646931560, "_step": 0, "_wandb": {"runtime": 5}}