{"ARI": 0.09618274721971747, "NMI": 0.1110430424788535, "JSD": 0.17108287351744325, "Precision": 0.7462365591397849, "Recall": 0.7419354838709677, "F1-Score": 0.6569478908188585, "ROC AUC": 0.7305339265850948, "Accuracy": 0.7419354838709677, "MEAPE-mu": 30.209220669178485, "MEAPE-std": 6.993727269430412, "_runtime": 2, "_timestamp": 1645451886, "_step": 0, "_wandb": {"runtime": 3}}