{"MAE": 31.538578306902952, "RMSE": 37.41503279422576, "MRAE": 0.6656696363708625, "JSD": Infinity, "R^2-Score": 0.06391739811181629, "MEAPE-mu": 2.0982159820059794, "MEAPE-std": 0.36465661244466685, "_runtime": 5, "_timestamp": 1645194078, "_step": 0, "_wandb": {"runtime": 4}}