{"MAE": 21.04732753435211, "MRAE": 0.3722172529380825, "R^2-Score": 0.4423379979391543, "MEAPE-mu": 4.328910833556352, "MEAPE-std": 0.42698163658027144, "RMSE": 26.67364834460331, "JSD": 0.11801524910542942, "_runtime": 181, "_timestamp": 1646341960, "_step": 0, "_wandb": {"runtime": 182}}