{"MAE": 8.576798320359273, "MRAE": 0.15231023813928352, "R^2-Score": 0.8397494636091964, "MEAPE-mu": 0.22149351006764545, "MEAPE-std": 0.14740089235994605, "RMSE": 14.404010142929968, "JSD": 0.06698551924702122, "_runtime": 2354, "_timestamp": 1646612635, "_step": 0, "_wandb": {"runtime": 2355}}