{"ARI": 0.23819297981319676, "NMI": 0.2516951870119314, "JSD": 0.15829542459084905, "Precision": 0.7661290322580645, "Recall": 0.7419354838709677, "F1-Score": 0.6838709677419355, "ROC AUC": 0.6596846737921361, "Accuracy": 0.7419354838709677, "MEAPE-mu": 24.944502770995573, "MEAPE-std": 6.51192451897577, "_runtime": 1, "_timestamp": 1645452615, "_step": 0, "_wandb": {"runtime": 3}}