{"MAE": 19.497336767379398, "MRAE": 0.34801876190167685, "R^2-Score": 0.4958427699093908, "MEAPE-mu": 0.47387802418864583, "MEAPE-std": 0.36954677557202525, "RMSE": 25.309764911185464, "JSD": Infinity, "_runtime": 4, "_timestamp": 1646485420, "_step": 0, "_wandb": {"runtime": 4}}