{"MAE": 26.38596038450704, "RMSE": 34.66754916770493, "MRAE": 0.5654766790249364, "JSD": Infinity, "R^2-Score": 0.23371741025678205, "MEAPE-mu": 0.5032210080502868, "MEAPE-std": 0.4137790027213347, "_runtime": 5, "_timestamp": 1645532096, "_step": 0, "_wandb": {"runtime": 5}}