{"ARI": 0.9224645264776534, "NMI": 0.8794117873844005, "JSD": 0.05830827360144359, "Precision": 0.9772970523025742, "Recall": 0.9773241624140226, "F1-Score": 0.9773042316502876, "ROC AUC": 0.9855340974376955, "Accuracy": 0.9773241624140226, "MEAPE-mu": 0.09807774641559927, "MEAPE-std": 0.07511868447456578, "_runtime": 602, "_timestamp": 1649613545, "_step": 0, "_wandb": {"runtime": 604}}