{"ARI": 0.04216867469879518, "NMI": 0.18698938238467416, "JSD": 0.1896112956991905, "Precision": 0.7366666666666667, "Recall": 0.5333333333333333, "F1-Score": 0.552771959223572, "ROC AUC": 0.6691166321601104, "Accuracy": 0.5333333333333333, "MEAPE-mu": 45.071108419419694, "MEAPE-std": 16.066426634038933, "_runtime": 5, "_timestamp": 1646932459, "_step": 0, "_wandb": {"runtime": 5}}