{"ARI": 0.07869401423189619, "NMI": 0.10305887554617958, "JSD": 0.17042071409364698, "Precision": 0.7, "Recall": 0.7096774193548387, "F1-Score": 0.6143263757115749, "ROC AUC": 0.7084101382488479, "Accuracy": 0.7096774193548387, "MEAPE-mu": 31.090536791638655, "MEAPE-std": 7.21624109346988, "_runtime": 3, "_timestamp": 1645459576, "_step": 0, "_wandb": {"runtime": 4}}