{"ARI": 0.29467633717980324, "NMI": 0.1841693518862872, "JSD": 0.17272882705553233, "Precision": 0.7427789075284998, "Recall": 0.7716420630581374, "F1-Score": 0.7393042021545673, "ROC AUC": 0.7565543289767666, "Accuracy": 0.7716420630581374, "MEAPE-mu": 12.17707740864856, "MEAPE-std": 0.6008812542367492, "_runtime": 550, "_timestamp": 1646937837, "_step": 0, "_wandb": {"runtime": 550}}