{"ARI": 0.04197785217615246, "NMI": 0.03091201995696271, "JSD": 0.19725230502781987, "Precision": 0.6268075639599554, "Recall": 0.7096774193548387, "F1-Score": 0.634619439173519, "ROC AUC": 0.5614803485354097, "Accuracy": 0.7096774193548387, "MEAPE-mu": 25.519809302624296, "MEAPE-std": 8.44524919597912, "_runtime": 5, "_timestamp": 1646933805, "_step": 0, "_wandb": {"runtime": 5}}