{"MAE": 22.615590500054278, "MRAE": 0.28684095108334556, "R^2-Score": 0.13694174563847028, "MEAPE-mu": 9.984670799108368, "MEAPE-std": 4.93370937187464, "RMSE": 27.919858992125803, "JSD": 0.10965470447873985, "_runtime": 2, "_timestamp": 1646306919, "_step": 0, "_wandb": {"runtime": 4}}