{"MAE": 20.219354838709677, "RMSE": 28.59239691404557, "MRAE": 0.32633056087064244, "JSD": 0.119330269043157, "R^2-Score": 0.09486200142860446, "MEAPE-mu": 4.412648092432188, "MEAPE-std": 3.5024986525220094, "_runtime": 2, "_timestamp": 1645186131, "_step": 0, "_wandb": {"runtime": 3}}