{"ARI": 0.07423208191126279, "NMI": 0.09708078739550755, "JSD": 0.1763086864963153, "Precision": 0.732258064516129, "Recall": 0.7096774193548387, "F1-Score": 0.6152224330592452, "ROC AUC": 0.5131256952169077, "Accuracy": 0.7096774193548387, "MEAPE-mu": 30.78473318508915, "MEAPE-std": 6.936838469345397, "_runtime": 3, "_timestamp": 1645462191, "_step": 0, "_wandb": {"runtime": 4}}