{"ARI": 0.07113369323594793, "NMI": 0.056662516536024866, "JSD": 0.20847795393093274, "Precision": 0.6282051282051282, "Recall": 0.7, "F1-Score": 0.6508059316569955, "ROC AUC": 0.7371635610766046, "MEAPE-mu": 17.226631087169714, "MEAPE-std": 9.153740346039934, "_runtime": 2, "_timestamp": 1645443944, "_step": 0, "_wandb": {"runtime": 4}}