{"ARI": 0.1364175886773489, "NMI": 0.12923737680337563, "JSD": 0.20582476229419888, "Precision": 0.5805586699091787, "Recall": 0.6604393166185933, "F1-Score": 0.6171611073392183, "ROC AUC": 0.69443208402856, "Accuracy": 0.6604393166185933, "MEAPE-mu": 6.916057627822173, "MEAPE-std": 0.3865540107917802, "_runtime": 10, "_timestamp": 1646920830, "_step": 0, "_wandb": {"runtime": 10}}