{"ARI": 0.04222314405696238, "NMI": 0.00986061269372552, "JSD": 0.22187206425715594, "Precision": 0.631333665987605, "Recall": 0.6870232838217584, "F1-Score": 0.6288277613134592, "ROC AUC": 0.5947570242352691, "Accuracy": 0.6870232838217584, "MEAPE-mu": 24.849274451007258, "MEAPE-std": 0.35902266981487363, "_runtime": 8, "_timestamp": 1646929047, "_step": 0, "_wandb": {"runtime": 8}}