{"ARI": 0.15023603249471346, "NMI": 0.08224006417973982, "JSD": 0.19085610386651136, "Precision": 0.6871927455619836, "Recall": 0.7287761852260198, "F1-Score": 0.678344605880063, "ROC AUC": 0.7491913542607908, "Accuracy": 0.7287761852260198, "MEAPE-mu": 19.467470024483603, "MEAPE-std": 1.382145008964667, "_runtime": 150, "_timestamp": 1654311830, "_step": 0, "_wandb": {"runtime": 151}}