{"ARI": 0.02972027972027972, "NMI": 0.2190934693351861, "JSD": 0.3139878837292273, "Precision": 0.7716666666666666, "Recall": 0.13333333333333333, "F1-Score": 0.18321099190664406, "Accuracy": 0.13333333333333333, "MEAPE-mu": 108.56375797506598, "MEAPE-std": 30.910153212663804, "_runtime": 3, "_timestamp": 1645623504, "_step": 0, "_wandb": {"runtime": 4}}