{"MAE": 26.81372224061161, "MRAE": 0.5304375740009316, "R^2-Score": 0.03644902776003511, "MEAPE-mu": 3.0002194229721795, "MEAPE-std": 0.3112737936894242, "RMSE": 33.08778026696947, "JSD": Infinity, "_runtime": 2, "_timestamp": 1645986454, "_step": 0, "_wandb": {"runtime": 4}}