{"MAE": 0.06674062569336588, "MRAE": 0.0007084222465479247, "R^2-Score": 0.9990462202279661, "MEAPE-mu": 0.03148148737298675, "MEAPE-std": 0.011359973365821383, "RMSE": 1.0561065258814182, "JSD": 0.0044653256143089215, "_runtime": 43, "_timestamp": 1649098981, "_step": 0, "_wandb": {"runtime": 42}}