{"MAE": 15.359530290933, "MRAE": 0.30170452547899573, "R^2-Score": 0.00957728532069424, "MEAPE-mu": 6.552449161680706, "MEAPE-std": 0.19779185860125548, "RMSE": 19.79447373399223, "JSD": 0.10539194813279858, "_runtime": 4, "_timestamp": 1646985279, "_step": 0, "_wandb": {"runtime": 5}}