{"MAE": 24.88325250912605, "RMSE": 31.149622923391238, "MRAE": 0.47751563554224763, "JSD": Infinity, "R^2-Score": 0.24900414099711066, "MEAPE-mu": 0.5239060222418338, "MEAPE-std": 0.40692194713964097, "_runtime": 2, "_timestamp": 1645192490, "_step": 0, "_wandb": {"runtime": 3}}