{"ARI": 0.0, "NMI": 0.0, "JSD": 0.18390779094047424, "Precision": 0.5625, "Recall": 0.75, "F1-Score": 0.6428571428571429, "ROC AUC": 0.5782312925170068, "Accuracy": 0.75, "MEAPE-mu": 31.891180819972718, "MEAPE-std": 7.648186454761424, "_runtime": 5, "_timestamp": 1646933747, "_step": 0, "_wandb": {"runtime": 5}}