{"MAE": 29.14690818098694, "RMSE": 36.449196602763045, "MRAE": 0.47183923130145755, "JSD": 0.15143400649649402, "R^2-Score": 0.34176299219546524, "MEAPE-mu": 6.044923795230658, "MEAPE-std": 4.599000564403947, "_runtime": 5, "_timestamp": 1645483060, "_step": 0, "_wandb": {"runtime": 5}}