{"ARI": 0.10631849143195589, "NMI": 0.0778169689677463, "JSD": 0.20987635668660587, "Precision": 0.6610334522493114, "Recall": 0.6306504961411246, "F1-Score": 0.6275432476739745, "ROC AUC": 0.6941759494696591, "Accuracy": 0.6306504961411246, "MEAPE-mu": 22.539218048492685, "MEAPE-std": 2.661965262997728, "_runtime": 3, "_timestamp": 1654269473, "_step": 0, "_wandb": {"runtime": 5}}