{"ARI": 0.6236946121474732, "NMI": 0.5000372179869678, "JSD": 0.12526342093044573, "Precision": 0.8862596529078526, "Recall": 0.8839074175323491, "F1-Score": 0.8779271738309549, "ROC AUC": 0.9580796522838654, "Accuracy": 0.8839074175323491, "MEAPE-mu": 7.425810229369869, "MEAPE-std": 0.5338621922634221, "_runtime": 20, "_timestamp": 1646865896, "_step": 0, "_wandb": {"runtime": 20}}