{"ARI": 0.08123983357588484, "NMI": 0.11273035087249164, "JSD": 0.19474479971110367, "Precision": 0.5227308352330612, "Recall": 0.6112713556689594, "F1-Score": 0.5249559932968264, "ROC AUC": 0.6367362785002665, "Accuracy": 0.6112713556689594, "MEAPE-mu": 28.497990858375076, "MEAPE-std": 0.2763583282818641, "_runtime": 8, "_timestamp": 1646930217, "_step": 0, "_wandb": {"runtime": 8}}