{"ARI": 0.0, "NMI": 0.0, "JSD": 0.17808250847017623, "Precision": 0.3832618155944979, "Recall": 0.6190814288883958, "F1-Score": 0.4734311798729381, "ROC AUC": 0.7528703199557384, "Accuracy": 0.6190814288883958, "MEAPE-mu": 39.27248435033013, "MEAPE-std": 0.19829909369299492, "_runtime": 5, "_timestamp": 1646931547, "_step": 0, "_wandb": {"runtime": 5}}