{"ARI": 0.11523300422759392, "NMI": 0.10110978834460742, "JSD": 0.2091973099250237, "Precision": 0.603409266507716, "Recall": 0.5796760594630574, "F1-Score": 0.5842727992315632, "ROC AUC": 0.6741216937384954, "Accuracy": 0.5796760594630574, "MEAPE-mu": 12.368143180393012, "MEAPE-std": 0.48723167117450805, "_runtime": 6, "_timestamp": 1646915883, "_step": 0, "_wandb": {"runtime": 6}}