{"ARI": -0.040386803185438, "NMI": 0.027484918779312785, "JSD": 0.20944826763924562, "Precision": 0.45161290322580644, "Recall": 0.6451612903225806, "F1-Score": 0.5313092979127134, "ROC AUC": 0.6875078589737389, "Accuracy": 0.6451612903225806, "MEAPE-mu": 32.182482894656204, "MEAPE-std": 7.892604690320722, "_runtime": 2, "_timestamp": 1645451902, "_step": 0, "_wandb": {"runtime": 3}}