{"ARI": 0.006391632771644393, "NMI": 0.2743654979384627, "JSD": 0.24731592239575054, "Precision": 0.0, "Recall": 0.0, "F1-Score": 0.0, "Accuracy": 0.0, "MEAPE-mu": 345.727649454255, "MEAPE-std": 50.575896864274405, "_runtime": 3, "_timestamp": 1645609647, "_step": 0, "_wandb": {"runtime": 4}}