{"MAE": 21.10227272622056, "RMSE": 29.451551561821734, "MRAE": 0.37079810117318784, "JSD": 0.1247535895153474, "R^2-Score": 0.5183808828828131, "MEAPE-mu": 5.7685144693492045, "MEAPE-std": 3.9435783075586124, "_runtime": 1, "_timestamp": 1645116328, "_step": 0, "_wandb": {"runtime": 3}}