{"ARI": 0.0, "NMI": 0.0, "JSD": Infinity, "Precision": 0.5243757431629014, "Recall": 0.7241379310344828, "F1-Score": 0.6082758620689656, "ROC AUC": 0.3005952380952381, "Accuracy": 0.7241379310344828, "MEAPE-mu": 218.40013064813172, "MEAPE-std": 214.39034403537565, "_runtime": 2, "_timestamp": 1653671553, "_step": 0, "_wandb": {"runtime": 4}}