{"ARI": 0.18710673278644244, "NMI": 0.10811618893386804, "JSD": 0.1974834597373359, "Precision": 0.626727893902714, "Recall": 0.668870645662303, "F1-Score": 0.6372507827673446, "ROC AUC": 0.7588976302129311, "Accuracy": 0.668870645662303, "MEAPE-mu": 3.1095778186960583, "MEAPE-std": 0.3828024573419439, "_runtime": 44, "_timestamp": 1645794010, "_step": 0, "_wandb": {"runtime": 45}}