{"ARI": -0.0457516339869281, "NMI": 0.029293348555845995, "JSD": Infinity, "Precision": 0.5555555555555556, "Recall": 0.7142857142857143, "F1-Score": 0.625, "ROC AUC": 0.435374149659864, "Accuracy": 0.7142857142857143, "MEAPE-mu": 115.945670995671, "MEAPE-std": 93.95938338542977, "_runtime": 2, "_timestamp": 1653670887, "_step": 0, "_wandb": {"runtime": 4}}