{"MAE": 2.2621381627608748, "MRAE": 0.03966398167241496, "R^2-Score": 0.985847133958962, "MEAPE-mu": 0.10976227757453051, "MEAPE-std": 0.06672307009211258, "RMSE": 4.2702964943426505, "JSD": Infinity, "_runtime": 786, "_timestamp": 1646700136, "_step": 0, "_wandb": {"runtime": 787}}