{"ARI": 0.001320748407337114, "NMI": 0.00036891487262334617, "JSD": Infinity, "Precision": 0.6706218047663597, "Recall": 0.7505422993492408, "F1-Score": 0.6448611179745198, "ROC AUC": 0.49953741109814365, "Accuracy": 0.7505422993492408, "MEAPE-mu": 98.48808983440445, "MEAPE-std": 4.682850107217763, "_runtime": 2, "_timestamp": 1653905444, "_step": 0, "_wandb": {"runtime": 4}}