{"MAE": 20.40051409403483, "RMSE": 24.124404343778455, "MRAE": 0.30482724347884527, "JSD": 0.10683988003537752, "R^2-Score": 0.3545280832848766, "MEAPE-mu": 6.381539611370593, "MEAPE-std": 4.562070325143734, "_runtime": 3, "_timestamp": 1645176235, "_step": 0, "_wandb": {"runtime": 4}}