{"ARI": 0.749333024537172, "NMI": 0.6350960959042197, "JSD": 0.09803684107910206, "Precision": 0.9158238918677716, "Recall": 0.9162192145551364, "F1-Score": 0.9152772794826757, "ROC AUC": 0.9846853600513528, "Accuracy": 0.9162192145551364, "MEAPE-mu": 2.490748141060172, "MEAPE-std": 0.19151748279902472, "_runtime": 394, "_timestamp": 1647990421, "_step": 0, "_wandb": {"runtime": 394}}