{"ARI": 0.5870754084110954, "NMI": 0.4681588988935787, "JSD": 0.13149750127933302, "Precision": 0.8756405199062554, "Recall": 0.8736784542471746, "F1-Score": 0.8673552199752653, "ROC AUC": 0.9570873680017271, "Accuracy": 0.8736784542471746, "MEAPE-mu": 7.507357046502491, "MEAPE-std": 0.5003754337230649, "_runtime": 22, "_timestamp": 1646866035, "_step": 0, "_wandb": {"runtime": 22}}