{"MAE": 21.04180164189039, "MRAE": 0.31517342588707636, "R^2-Score": -1.2077006978850293, "MEAPE-mu": 4.8533985940694135, "MEAPE-std": 0.3675634005244608, "RMSE": 31.799283845284904, "JSD": 0.16246101958761494, "_runtime": 195, "_timestamp": 1648756162, "_step": 0, "_wandb": {"runtime": 196}}