{"MAE": 27.00957656578124, "MRAE": 0.4651052835166087, "R^2-Score": 0.04106527402893745, "MEAPE-mu": 6.949684460961173, "MEAPE-std": 5.0470075920727195, "RMSE": 36.198755188307366, "JSD": 0.1639889762790632, "_runtime": 3, "_timestamp": 1646307912, "_step": 0, "_wandb": {"runtime": 4}}