{"MAE": 22.904114241977773, "MRAE": 0.46261413121466993, "R^2-Score": 0.2733589416889106, "MEAPE-mu": 0.2665488071305278, "MEAPE-std": 0.17890056217275896, "RMSE": 29.23279366630847, "JSD": Infinity, "_runtime": 5, "_timestamp": 1646987708, "_step": 0, "_wandb": {"runtime": 5}}