{"ARI": 0.19219606578523057, "NMI": 0.20761436294549349, "JSD": 0.16287440584284132, "Precision": 0.7583333333333333, "Recall": 0.7666666666666667, "F1-Score": 0.7037037037037037, "ROC AUC": 0.7505751092707614, "Accuracy": 0.7666666666666667, "MEAPE-mu": 26.907493085588204, "MEAPE-std": 6.47147267603794, "_runtime": 2, "_timestamp": 1645461254, "_step": 0, "_wandb": {"runtime": 3}}