{"ARI": 0.21810351585191765, "NMI": 0.17136158672920768, "JSD": 0.17956306007368059, "Precision": 0.6030480538322727, "Recall": 0.6191258043044153, "F1-Score": 0.5854918414096957, "ROC AUC": 0.771926156161736, "Accuracy": 0.6191258043044153, "MEAPE-mu": 18.81415735627098, "MEAPE-std": 0.30810156821330753, "_runtime": 5, "_timestamp": 1646930744, "_step": 0, "_wandb": {"runtime": 5}}