{"ARI": 0.11108941748934524, "NMI": 0.0318753475116384, "JSD": 0.21077772559702748, "Precision": 0.6241950605604508, "Recall": 0.6675173168064163, "F1-Score": 0.6349168485989612, "ROC AUC": 0.6581687882327797, "Accuracy": 0.6675173168064163, "MEAPE-mu": 15.08185725235036, "MEAPE-std": 0.7995619252949729, "_runtime": 3, "_timestamp": 1645474798, "_step": 0, "_wandb": {"runtime": 4}}