{"ARI": 0.36552957528998214, "NMI": 0.25588225820752714, "JSD": 0.16491371965763021, "Precision": 0.7610973542409178, "Recall": 0.7656978034169071, "F1-Score": 0.7501656996174153, "ROC AUC": 0.7650088546975804, "Accuracy": 0.7656978034169071, "MEAPE-mu": 11.320898695892888, "MEAPE-std": 0.2984089353589763, "_runtime": 472, "_timestamp": 1647717274, "_step": 0, "_wandb": {"runtime": 473}}