{"ARI": 0.04888262315200787, "NMI": 0.033850129159165056, "JSD": 0.2075361356536923, "Precision": 0.5906027284164409, "Recall": 0.6237852229864655, "F1-Score": 0.5451342803506839, "ROC AUC": 0.6356361135905805, "Accuracy": 0.6237852229864655, "MEAPE-mu": 27.979442328843234, "MEAPE-std": 0.31190664441754584, "_runtime": 648, "_timestamp": 1645722985, "_step": 0, "_wandb": {"runtime": 649}}