{"ARI": 0.024776562623518617, "NMI": 0.0028248763580506573, "JSD": Infinity, "Precision": 0.6471033996146458, "Recall": 0.6474763406940063, "F1-Score": 0.6472895292993714, "ROC AUC": 0.5424377227156686, "Accuracy": 0.6474763406940063, "MEAPE-mu": 2.6225281451397557, "MEAPE-std": 2.303521347448238, "_runtime": 4, "_timestamp": 1653902551, "_step": 0, "_wandb": {"runtime": 6}}