{"ARI": -0.055825242718446605, "NMI": 0.08663983698375118, "JSD": 0.4997845317308845, "Precision": 0.4846153846153846, "Recall": 0.3, "F1-Score": 0.3705882352941176, "Accuracy": 0.3, "MEAPE-mu": 60.99784029300534, "MEAPE-std": 8.549672911960112, "_runtime": 4, "_timestamp": 1645545999, "_step": 0, "_wandb": {"runtime": 4}}