{"MAE": 29.545161290322575, "MRAE": 0.6221177070069327, "R^2-Score": -0.06622037603335573, "MEAPE-mu": 15.254861581780714, "MEAPE-std": 10.341749783215871, "RMSE": 36.41048679140526, "JSD": 0.16810332522047008, "_runtime": 7, "_timestamp": 1646306219, "_step": 0, "_wandb": {"runtime": 4}}