{"MAE": 20.91444919279168, "MRAE": 0.38192566477093554, "R^2-Score": 0.4411884586975612, "MEAPE-mu": 0.3888416829927266, "MEAPE-std": 0.28001305205229965, "RMSE": 26.67471867531557, "JSD": Infinity, "_runtime": 3, "_timestamp": 1646317553, "_step": 0, "_wandb": {"runtime": 4}}