{"ARI": 0.19682957528462025, "NMI": 0.11628920611325935, "JSD": 0.18384733026031597, "Precision": 0.72972196395765, "Recall": 0.7387896463725847, "F1-Score": 0.6858186165783685, "ROC AUC": 0.7607130512436419, "Accuracy": 0.7387896463725847, "MEAPE-mu": 22.208144802807816, "MEAPE-std": 0.6844312686069438, "_runtime": 2971, "_timestamp": 1646896073, "_step": 0, "_wandb": {"runtime": 2971}}