{"MAE": 18.675548637443306, "RMSE": 23.116173656716594, "MRAE": 0.2865455075328634, "JSD": 0.10347746746368308, "R^2-Score": -0.041161215899084835, "MEAPE-mu": 6.465672324057636, "MEAPE-std": 4.713974333260547, "_runtime": 2, "_timestamp": 1645185572, "_step": 0, "_wandb": {"runtime": 3}}