{"MAE": 29.457224867024298, "MRAE": 0.43033502265626816, "R^2-Score": -0.1155976477057199, "MEAPE-mu": 7.182161770421561, "MEAPE-std": 5.193817741404559, "RMSE": 37.31380983853273, "JSD": 0.15353133797677126, "_runtime": 5, "_timestamp": 1646309107, "_step": 0, "_wandb": {"runtime": 4}}