{"MAE": 22.152066458885102, "MRAE": 0.4812713665733052, "R^2-Score": 0.3427412297824223, "MEAPE-mu": 7.550247165082298, "MEAPE-std": 0.28664683354977133, "RMSE": 27.79562732671332, "JSD": 0.1400479247978425, "_runtime": 15, "_timestamp": 1646991307, "_step": 0, "_wandb": {"runtime": 15}}