{"ARI": 0.5011658114731026, "NMI": 0.35921910555775244, "JSD": 0.14601543264784278, "Precision": 0.8355835685227574, "Recall": 0.8403208166241342, "F1-Score": 0.8321406115745268, "ROC AUC": 0.8557370834498207, "Accuracy": 0.8403208166241342, "MEAPE-mu": 7.373741182071452, "MEAPE-std": 0.5741997383495542, "_runtime": 3881, "_timestamp": 1647400032, "_step": 0, "_wandb": {"runtime": 3881}}