{"ARI": 0.27135867943817016, "NMI": 0.17859073470360542, "JSD": 0.1743918173362616, "Precision": 0.7100981727849669, "Recall": 0.7717750826901875, "F1-Score": 0.7320105583816992, "ROC AUC": 0.8049220702758126, "Accuracy": 0.7717750826901875, "MEAPE-mu": 13.065270166856328, "MEAPE-std": 1.8201587579992198, "_runtime": 4, "_timestamp": 1654101474, "_step": 0, "_wandb": {"runtime": 5}}