{"MAE": 20.98929141386167, "MRAE": 0.3513680516197455, "R^2-Score": 0.41741900593928816, "MEAPE-mu": 2.363094286140679, "MEAPE-std": 0.48809788247090774, "RMSE": 27.45689501059348, "JSD": 0.12126217679695923, "_runtime": 183, "_timestamp": 1646515688, "_step": 0, "_wandb": {"runtime": 183}}