{"ARI": -0.012128486150153186, "NMI": 0.023905563867984335, "JSD": Infinity, "Precision": 0.6625, "Recall": 0.5666666666666667, "F1-Score": 0.584, "ROC AUC": 0.582010582010582, "Accuracy": 0.5666666666666667, "MEAPE-mu": 127.11419136419136, "MEAPE-std": 60.41939320532157, "_runtime": 5, "_timestamp": 1653672009, "_step": 0, "_wandb": {"runtime": 6}}