{"MAE": 21.529766941701762, "MRAE": 0.3357414994275038, "R^2-Score": -0.31700017992325336, "MEAPE-mu": 4.7253512196223735, "MEAPE-std": 3.613618187063346, "RMSE": 25.99859475066062, "JSD": 0.12493914035822765, "_runtime": 3, "_timestamp": 1646480668, "_step": 0, "_wandb": {"runtime": 4}}