{"MAE": 20.15074674100198, "MRAE": 0.4143644468381124, "R^2-Score": 0.4219667192665174, "MEAPE-mu": 0.23422944220853892, "MEAPE-std": 0.16517617898083853, "RMSE": 25.97683563761438, "JSD": Infinity, "_runtime": 6, "_timestamp": 1647017048, "_step": 0, "_wandb": {"runtime": 5}}