{"ARI": 0.32394284651996785, "NMI": 0.22689086542546663, "JSD": 0.17818313630200042, "Precision": 0.737755362614101, "Recall": 0.7434657199911249, "F1-Score": 0.7361914956538875, "ROC AUC": 0.862323676987608, "Accuracy": 0.7434657199911249, "MEAPE-mu": 5.045222973191332, "MEAPE-std": 0.3245934490700669, "_runtime": 3567, "_timestamp": 1652527881, "_step": 0, "_wandb": {"runtime": 3569}}