{"ARI": 0.8087999931751743, "NMI": 0.6870724125346362, "JSD": 0.08667598701503232, "Precision": 0.9411983580625363, "Recall": 0.9404630650496141, "F1-Score": 0.9407570064463766, "ROC AUC": 0.9871912801585697, "Accuracy": 0.9404630650496141, "MEAPE-mu": 0.7845194926109593, "MEAPE-std": 0.6144067154719361, "_runtime": 122, "_timestamp": 1654114731, "_step": 0, "_wandb": {"runtime": 123}}