{"ARI": 0.26446218740584515, "NMI": 0.24787737618465866, "JSD": 0.17470270599953178, "Precision": 0.6370967741935484, "Recall": 0.7096774193548387, "F1-Score": 0.6322580645161291, "ROC AUC": 0.6886419693379117, "Accuracy": 0.7096774193548387, "MEAPE-mu": 25.928358792701662, "MEAPE-std": 7.379907385998519, "_runtime": 1, "_timestamp": 1645452624, "_step": 0, "_wandb": {"runtime": 3}}