{"MAE": 26.264291417113345, "MRAE": 0.47903277489791163, "R^2-Score": 0.06676233969992029, "MEAPE-mu": 1.181407448043324, "MEAPE-std": 0.2979764346480967, "RMSE": 33.544084024985004, "JSD": Infinity, "_runtime": 2, "_timestamp": 1645986472, "_step": 0, "_wandb": {"runtime": 4}}