{"MAE": 27.444655076647596, "MRAE": 0.4283606749620115, "R^2-Score": 0.26408885018275474, "MEAPE-mu": 5.676191589501192, "MEAPE-std": 3.883707441079131, "RMSE": 31.010009507159747, "JSD": 0.1372641588040879, "_runtime": 3, "_timestamp": 1646308231, "_step": 0, "_wandb": {"runtime": 4}}