{"MAE": 21.900945883904672, "MRAE": 0.37816287518638597, "R^2-Score": 0.35651614794696107, "MEAPE-mu": 0.6507102211546109, "MEAPE-std": 0.42697034007798296, "RMSE": 28.35312772824335, "JSD": Infinity, "_runtime": 3, "_timestamp": 1646321423, "_step": 0, "_wandb": {"runtime": 4}}