{"ARI": 0.9992119011055642, "NMI": 0.9978986173310989, "JSD": 0.00593709937858482, "Precision": 0.9997783083738309, "Recall": 0.9997781229199024, "F1-Score": 0.9997781494177465, "ROC AUC": 0.9999795614713222, "Accuracy": 0.9997781229199024, "MEAPE-mu": 0.02614029074531816, "MEAPE-std": 0.011997303854659318, "_runtime": 1956, "_timestamp": 1649277882, "_step": 0, "_wandb": {"runtime": 1956}}