{"ARI": 0.31115777910284426, "NMI": 0.19937261540321932, "JSD": 0.17858370020182615, "Precision": 0.7187926797649916, "Recall": 0.728688706456623, "F1-Score": 0.7208666461744014, "ROC AUC": 0.764584087745046, "Accuracy": 0.728688706456623, "MEAPE-mu": 5.994099282133573, "MEAPE-std": 0.2983879418328689, "_runtime": 49, "_timestamp": 1645867458, "_step": 0, "_wandb": {"runtime": 50}}