{"MAE": 21.633645028482743, "MRAE": 0.43295884790115297, "R^2-Score": 0.0940890375029706, "MEAPE-mu": 16.288750647307587, "MEAPE-std": 6.440086768951036, "RMSE": 26.882591724858766, "JSD": 0.12149286146742146, "_runtime": 3, "_timestamp": 1646307589, "_step": 0, "_wandb": {"runtime": 4}}