{"MAE": 0.06673618815176392, "MRAE": 0.0007273346926210478, "R^2-Score": 0.9989140837535115, "MEAPE-mu": 0.04108341623824832, "MEAPE-std": 0.011881143011371203, "RMSE": 1.1355112699759038, "JSD": 0.004756489384167662, "_runtime": 46, "_timestamp": 1649098821, "_step": 0, "_wandb": {"runtime": 47}}