{"ARI": -0.006394504544854712, "NMI": 0.03508373087667602, "JSD": 0.23031993215496718, "Precision": 0.4877611815161348, "Recall": 0.5865986243621034, "F1-Score": 0.5192343823046572, "ROC AUC": 0.6243054915410372, "Accuracy": 0.5865986243621034, "MEAPE-mu": 21.281197269941035, "MEAPE-std": 0.350633604252099, "_runtime": 5, "_timestamp": 1646916536, "_step": 0, "_wandb": {"runtime": 6}}