{"ARI": 0.5103655954594328, "NMI": 0.3719246002219042, "JSD": 0.14247558669023425, "Precision": 0.840724239419131, "Recall": 0.8448778709442216, "F1-Score": 0.8360338316495696, "ROC AUC": 0.8555648923494217, "Accuracy": 0.8448778709442216, "MEAPE-mu": 7.868606756352188, "MEAPE-std": 0.49651602875860196, "_runtime": 4028, "_timestamp": 1647396145, "_step": 0, "_wandb": {"runtime": 4028}}