{"ARI": 0.08577878103837472, "NMI": 0.1275430427369315, "JSD": 0.2131310194193392, "Precision": 0.5, "Recall": 0.6666666666666666, "F1-Score": 0.5714285714285714, "ROC AUC": 0.5106337704163793, "Accuracy": 0.6666666666666666, "MEAPE-mu": 25.190808009219435, "MEAPE-std": 9.34200840981556, "_runtime": 5, "_timestamp": 1646933285, "_step": 0, "_wandb": {"runtime": 5}}