{"ARI": 0.04030710172744722, "NMI": 0.10728068766280813, "JSD": 0.18049071196360675, "Precision": 0.08271604938271605, "Recall": 0.26666666666666666, "F1-Score": 0.1227450980392157, "ROC AUC": 0.5190504945939729, "Accuracy": 0.26666666666666666, "MEAPE-mu": 93.35749806526728, "MEAPE-std": 19.271442525679138, "_runtime": 5, "_timestamp": 1646932982, "_step": 0, "_wandb": {"runtime": 5}}