{"ARI": 0.0, "NMI": 7.024775910151136e-16, "JSD": 0.18130219460421393, "Precision": 0.0, "Recall": 0.0, "F1-Score": 0.0, "Accuracy": 0.0, "MEAPE-mu": 164.31660270993086, "MEAPE-std": 6.672969748400471, "_runtime": 2, "_timestamp": 1645617921, "_step": 0, "_wandb": {"runtime": 3}}