{"ARI": -0.010218171775752554, "NMI": 0.20313845606365333, "JSD": 0.3140426749884537, "Precision": 0.3525345622119816, "Recall": 0.12903225806451613, "F1-Score": 0.1698924731182796, "Accuracy": 0.12903225806451613, "MEAPE-mu": 84.45229973281424, "MEAPE-std": 29.69725065060212, "_runtime": 3, "_timestamp": 1645623484, "_step": 0, "_wandb": {"runtime": 4}}