{"MAE": 24.83482703126921, "RMSE": 31.696621184965107, "MRAE": 0.46907845207338106, "JSD": Infinity, "R^2-Score": 0.2263759074395728, "MEAPE-mu": 0.48684974511864626, "MEAPE-std": 0.3486888293297947, "_runtime": 1, "_timestamp": 1645192447, "_step": 0, "_wandb": {"runtime": 3}}