{"MAE": 20.22758620689655, "RMSE": 23.77408035133482, "MRAE": 0.296924611061844, "JSD": 0.09665878652398036, "R^2-Score": 0.19984681681984973, "MEAPE-mu": 10.855983259649715, "MEAPE-std": 5.175344761844885, "_runtime": 3, "_timestamp": 1645389895, "_step": 0, "_wandb": {"runtime": 4}}