{"MAE": 28.49533062789411, "MRAE": 0.6007433822062357, "R^2-Score": 0.27297710809160525, "MEAPE-mu": 7.818347336663391, "MEAPE-std": 5.245133397579853, "RMSE": 35.59749973537127, "JSD": 0.1652053294776849, "_runtime": 2, "_timestamp": 1646479931, "_step": 0, "_wandb": {"runtime": 4}}