{"ARI": -0.00690694952277345, "NMI": 0.001431710667308465, "JSD": Infinity, "Precision": 0.5487061285335799, "Recall": 0.688478522681654, "F1-Score": 0.5775747580770008, "ROC AUC": 0.4852208236128249, "Accuracy": 0.688478522681654, "MEAPE-mu": 140.64485243240227, "MEAPE-std": 3.4318617654505554, "_runtime": 92, "_timestamp": 1653692258, "_step": 0, "_wandb": {"runtime": 93}}