{"ARI": -0.012242248999498082, "NMI": 0.0010058972752992287, "JSD": Infinity, "Precision": 0.5653764759227081, "Recall": 0.6260350278516585, "F1-Score": 0.5853434091345533, "ROC AUC": 0.47508663736677575, "Accuracy": 0.6260350278516585, "MEAPE-mu": 70.61979506981585, "MEAPE-std": 3.3764836603688093, "_runtime": 27, "_timestamp": 1653922484, "_step": 0, "_wandb": {"runtime": 27}}