{"ARI": -0.000257395524994944, "NMI": 0.05316005705351259, "JSD": 0.49840741524841337, "Precision": 0.5087976539589443, "Recall": 0.2903225806451613, "F1-Score": 0.3602150537634408, "Accuracy": 0.2903225806451613, "MEAPE-mu": 61.29673043468916, "MEAPE-std": 7.906237793313232, "_runtime": 3, "_timestamp": 1645623602, "_step": 0, "_wandb": {"runtime": 4}}