{"ARI": 0.08300016789777025, "NMI": 0.02712615853996547, "JSD": 0.23342759107701672, "Precision": 0.6572297618235368, "Recall": 0.6752810116419109, "F1-Score": 0.6638014687972154, "ROC AUC": 0.7406057077780788, "Accuracy": 0.6752810116419109, "MEAPE-mu": 7.59390234260435, "MEAPE-std": 0.48410194542993246, "_runtime": 10, "_timestamp": 1646924682, "_step": 0, "_wandb": {"runtime": 10}}