{"MAE": 25.08791048674996, "MRAE": 0.3711638149776586, "R^2-Score": 0.13282404191302233, "MEAPE-mu": 7.269025234805301, "MEAPE-std": 4.824644465334899, "RMSE": 36.10354098982991, "JSD": 0.14206184525958637, "_runtime": 3, "_timestamp": 1646307951, "_step": 0, "_wandb": {"runtime": 4}}