{"ARI": 0.1758620237967362, "NMI": 0.1036121272588922, "JSD": 0.21117145763589454, "Precision": 0.7088404882147762, "Recall": 0.6981957353745216, "F1-Score": 0.6846158171376181, "ROC AUC": 0.7769387229717744, "Accuracy": 0.6981957353745216, "MEAPE-mu": 3.4582668364754126, "MEAPE-std": 0.8624110774785536, "_runtime": 7, "_timestamp": 1645784518, "_step": 0, "_wandb": {"runtime": 8}}