{"ARI": 0.0010460738762617604, "NMI": 1.5233827343558829e-05, "JSD": Infinity, "Precision": 0.6281007583509224, "Recall": 0.738907513310984, "F1-Score": 0.6486870742344518, "ROC AUC": 0.5172348654876261, "Accuracy": 0.738907513310984, "MEAPE-mu": 89.84223266870562, "MEAPE-std": 4.510171400510167, "_runtime": 781, "_timestamp": 1654015606, "_step": 0, "_wandb": {"runtime": 781}}