{"MAE": 23.75958815280647, "RMSE": 29.534053601896918, "MRAE": 0.4268737213017809, "JSD": 0.14092865906455423, "R^2-Score": 0.08776856301339953, "MEAPE-mu": 5.351674316023029, "MEAPE-std": 4.643279524002847, "_runtime": 2, "_timestamp": 1645189287, "_step": 0, "_wandb": {"runtime": 3}}