{"MAE": 22.802334303249367, "MRAE": 0.40806887616065174, "R^2-Score": 0.07571298435613705, "MEAPE-mu": 2.841268102691613, "MEAPE-std": 0.5105646134995543, "RMSE": 29.81794251317201, "JSD": Infinity, "_runtime": 2, "_timestamp": 1645985239, "_step": 0, "_wandb": {"runtime": 4}}