{"ARI": 0.03803566156422525, "NMI": 0.11912425714328503, "JSD": 0.16662002971106327, "Precision": 0.7849814070595129, "Recall": 0.2592052497265767, "F1-Score": 0.13931840453689118, "ROC AUC": 0.7512189831902281, "Accuracy": 0.2592052497265767, "MEAPE-mu": 68.92457076848738, "MEAPE-std": 1.1344067415234287, "_runtime": 3, "_timestamp": 1645786192, "_step": 0, "_wandb": {"runtime": 4}}