{"ARI": 0.1427712654042681, "NMI": 0.21761040229913076, "JSD": 0.18237820386681658, "Precision": 0.11720430107526882, "Recall": 0.25806451612903225, "F1-Score": 0.1284510316768381, "ROC AUC": 0.5990143369175627, "Accuracy": 0.25806451612903225, "MEAPE-mu": 94.05332475102523, "MEAPE-std": 18.482477700873336, "_runtime": 4, "_timestamp": 1645454316, "_step": 0, "_wandb": {"runtime": 4}}