{"MAE": 23.249212288529673, "RMSE": 29.858714999362554, "MRAE": 0.4114932773207684, "JSD": Infinity, "R^2-Score": 0.2852449566351767, "MEAPE-mu": 0.5169891496040775, "MEAPE-std": 0.39320461780243043, "_runtime": 52, "_timestamp": 1645201897, "_step": 0, "_wandb": {"runtime": 53}}