{"ARI": 0.27641948020192547, "NMI": 0.1562634031688088, "JSD": 0.18248657541257063, "Precision": 0.7939379515722926, "Recall": 0.8065851735015773, "F1-Score": 0.7833869833864153, "ROC AUC": 0.8337365207158812, "Accuracy": 0.8065851735015773, "MEAPE-mu": 15.946789355558533, "MEAPE-std": 0.6825396225803565, "_runtime": 32, "_timestamp": 1646926630, "_step": 0, "_wandb": {"runtime": 31}}