{"ARI": 0.19762210344566256, "NMI": 0.12173837555108288, "JSD": 0.18381924252397064, "Precision": 0.7326706120946931, "Recall": 0.7475192943770672, "F1-Score": 0.7017791749224048, "ROC AUC": 0.7926155912607176, "Accuracy": 0.7475192943770672, "MEAPE-mu": 17.71398491575899, "MEAPE-std": 1.6611362166953627, "_runtime": 56, "_timestamp": 1654287280, "_step": 0, "_wandb": {"runtime": 57}}