{"ARI": 0.09938809278466834, "NMI": 0.08191199312955173, "JSD": 0.20942488477936916, "Precision": 0.6685674656607201, "Recall": 0.5785636164783085, "F1-Score": 0.6007693911658563, "ROC AUC": 0.6916153120674301, "Accuracy": 0.5785636164783085, "MEAPE-mu": 23.817383497823947, "MEAPE-std": 1.1451933204166977, "_runtime": 6, "_timestamp": 1646918150, "_step": 0, "_wandb": {"runtime": 6}}