{"MAE": 23.96350701241217, "RMSE": 29.922657481750864, "MRAE": 0.45766101054891095, "JSD": 0.13384992768177206, "R^2-Score": 0.3072497892557724, "MEAPE-mu": 5.527294793672064, "MEAPE-std": 0.5243502531437012, "_runtime": 8, "_timestamp": 1645221261, "_step": 0, "_wandb": {"runtime": 8}}