{"ARI": 0.7049096491826697, "NMI": 0.6029443041523617, "JSD": 0.10892668177874627, "Precision": 0.9031947017048285, "Recall": 0.9025959618371422, "F1-Score": 0.9028248497955031, "ROC AUC": 0.9758404815503793, "Accuracy": 0.9025959618371422, "MEAPE-mu": 0.9235834508836117, "MEAPE-std": 0.21321942911551411, "_runtime": 161, "_timestamp": 1646841621, "_step": 0, "_wandb": {"runtime": 161}}