{"ARI": -0.01832937669077458, "NMI": 0.21445220155567699, "JSD": 0.35527884371043955, "Precision": 0.22580645161290322, "Recall": 0.06451612903225806, "F1-Score": 0.10035842293906809, "Accuracy": 0.06451612903225806, "MEAPE-mu": 261.8557996259464, "MEAPE-std": 66.84808023583633, "_runtime": 3, "_timestamp": 1645609627, "_step": 0, "_wandb": {"runtime": 4}}