{"MAE": 26.774146837531283, "MRAE": 0.5910089790556998, "R^2-Score": 0.05182497061671543, "MEAPE-mu": 0.33869630863187294, "MEAPE-std": 0.24233842763010585, "RMSE": 33.22788264624603, "JSD": Infinity, "_runtime": 2, "_timestamp": 1645985589, "_step": 0, "_wandb": {"runtime": 3}}