{"MAE": 28.079431521715975, "MRAE": 0.6954451985434762, "R^2-Score": 0.06022902941944874, "MEAPE-mu": 8.999726496920523, "MEAPE-std": 0.34634921296110494, "RMSE": 34.59193243990735, "JSD": 0.17746991050562164, "_runtime": 5, "_timestamp": 1647002461, "_step": 0, "_wandb": {"runtime": 6}}