{"ARI": 0.034781642597139825, "NMI": 0.07791633021888308, "JSD": 0.17908814564295994, "Precision": 0.6902345686620361, "Recall": 0.3023297093410251, "F1-Score": 0.1622249999491178, "ROC AUC": 0.6832168533094152, "Accuracy": 0.3023297093410251, "MEAPE-mu": 76.50711923176642, "MEAPE-std": 0.5862365589499806, "_runtime": 5, "_timestamp": 1646915036, "_step": 0, "_wandb": {"runtime": 5}}