{"MAE": 22.51254480286739, "RMSE": 29.39074023072973, "MRAE": 0.39340048618648643, "JSD": 0.12007780746025473, "R^2-Score": 0.3801850779808651, "MEAPE-mu": 7.743120534512981, "MEAPE-std": 5.150308414273504, "_runtime": 2, "_timestamp": 1645116822, "_step": 0, "_wandb": {"runtime": 3}}