{"ARI": 0.681412644245903, "NMI": 0.5441975464716617, "JSD": 0.11390194213515412, "Precision": 0.9003057566138272, "Recall": 0.9018743109151047, "F1-Score": 0.8996159632951924, "ROC AUC": 0.9621941643265094, "Accuracy": 0.9018743109151047, "MEAPE-mu": 2.6751944390681, "MEAPE-std": 1.1301878799730516, "_runtime": 6, "_timestamp": 1654102506, "_step": 0, "_wandb": {"runtime": 8}}