{"ARI": 0.7053207745508828, "NMI": 0.5715370992632121, "JSD": 0.10964262040294032, "Precision": 0.908542811138094, "Recall": 0.9095920617420066, "F1-Score": 0.90852425323601, "ROC AUC": 0.9537337534031167, "Accuracy": 0.9095920617420066, "MEAPE-mu": 1.221875477263521, "MEAPE-std": 0.7228155428836408, "_runtime": 6, "_timestamp": 1654102520, "_step": 0, "_wandb": {"runtime": 7}}