{"ARI": 0.04197785217615246, "NMI": 0.03091201995696271, "JSD": 0.19725230502781987, "Precision": 0.6268075639599554, "Recall": 0.7096774193548387, "F1-Score": 0.634619439173519, "ROC AUC": 0.6095430107526881, "Accuracy": 0.7096774193548387, "MEAPE-mu": 24.87024603139454, "MEAPE-std": 9.081947333856533, "_runtime": 6, "_timestamp": 1646933211, "_step": 0, "_wandb": {"runtime": 6}}