{"ARI": 0.02902757619738752, "NMI": 0.2595051143075151, "JSD": 0.3126689470842097, "Precision": 0.56, "Recall": 0.13333333333333333, "F1-Score": 0.2153846153846154, "Accuracy": 0.13333333333333333, "MEAPE-mu": 242.43480336513122, "MEAPE-std": 58.89520422018717, "_runtime": 3, "_timestamp": 1645609656, "_step": 0, "_wandb": {"runtime": 4}}