{"MAE": 22.577331052704515, "RMSE": 29.59193375437945, "MRAE": 0.47044177892873335, "JSD": 0.1334420022007665, "R^2-Score": 0.2688656933272757, "MEAPE-mu": 6.982818184340865, "MEAPE-std": 4.860025780230578, "_runtime": 3, "_timestamp": 1645390274, "_step": 0, "_wandb": {"runtime": 4}}