{"ARI": 0.3285354425192616, "NMI": 0.22839161155434407, "JSD": 0.17780358445461705, "Precision": 0.7390791508518382, "Recall": 0.7450188595518082, "F1-Score": 0.7373255132790071, "ROC AUC": 0.8663006131728935, "Accuracy": 0.7450188595518082, "MEAPE-mu": 5.421652801965941, "MEAPE-std": 0.35725778805137814, "_runtime": 3586, "_timestamp": 1652524308, "_step": 0, "_wandb": {"runtime": 3586}}