{"ARI": -0.02522336095744124, "NMI": 0.07158353469155546, "JSD": 0.18951799468883887, "Precision": 0.7091229406296446, "Recall": 0.3601239292874066, "F1-Score": 0.31909385344618185, "ROC AUC": 0.7610050747452856, "Accuracy": 0.3601239292874066, "MEAPE-mu": 75.05250921017841, "MEAPE-std": 1.2391220764129283, "_runtime": 3, "_timestamp": 1645776865, "_step": 0, "_wandb": {"runtime": 5}}