{"ARI": 0.9998423451627875, "NMI": 0.9995001604610352, "JSD": 0.002655579333446004, "Precision": 0.9999556320071014, "Recall": 0.9999556245839805, "F1-Score": 0.999955625644686, "ROC AUC": 0.9999999921504515, "Accuracy": 0.9999556245839805, "MEAPE-mu": 0.005607553563465191, "MEAPE-std": 0.0053911848796630935, "_runtime": 2554, "_timestamp": 1649266668, "_step": 0, "_wandb": {"runtime": 2553}}