{"ARI": 0.04359716182359319, "NMI": 0.02409261803290909, "JSD": 0.22194777720794606, "Precision": 0.5590671334070375, "Recall": 0.6047481695140892, "F1-Score": 0.5448171298377767, "ROC AUC": 0.59868048673742, "Accuracy": 0.6047481695140892, "MEAPE-mu": 22.07025992079532, "MEAPE-std": 0.34069340246846364, "_runtime": 5, "_timestamp": 1645720945, "_step": 0, "_wandb": {"runtime": 6}}