{"MAE": 19.6188595518083, "MRAE": 0.4182018653267803, "R^2-Score": 0.45175967264449746, "MEAPE-mu": 0.3616292328662331, "MEAPE-std": 0.22750533216643445, "RMSE": 25.320273410104765, "JSD": Infinity, "_runtime": 9, "_timestamp": 1647014693, "_step": 0, "_wandb": {"runtime": 5}}