{"MAE": 21.700155945878638, "RMSE": 29.48630630352387, "MRAE": 0.4188192614611307, "JSD": 0.13273036869865898, "R^2-Score": 0.2195501398236026, "MEAPE-mu": 6.328891788482565, "MEAPE-std": 5.192428442214945, "_runtime": 2, "_timestamp": 1645118183, "_step": 0, "_wandb": {"runtime": 3}}