{"ARI": -0.015991410973611345, "NMI": 0.013829577535136675, "JSD": 0.22299058529620627, "Precision": 0.5456989247311829, "Recall": 0.6451612903225806, "F1-Score": 0.5722664432341851, "ROC AUC": 0.6218020022246941, "Accuracy": 0.6451612903225806, "MEAPE-mu": 22.75558081319696, "MEAPE-std": 9.239907630388352, "_runtime": 14, "_timestamp": 1645465053, "_step": 0, "_wandb": {"runtime": 14}}