{"ARI": -0.06291151015142511, "NMI": 0.06318709207262752, "JSD": 0.23536669161154164, "Precision": 0.3647092824128266, "Recall": 0.5463057466163745, "F1-Score": 0.43740832034083826, "ROC AUC": 0.5718741054706032, "Accuracy": 0.5463057466163745, "MEAPE-mu": 30.395998465713046, "MEAPE-std": 0.3164071411910343, "_runtime": 3172, "_timestamp": 1648598229, "_step": 0, "_wandb": {"runtime": 3173}}