{"MAE": 26.18815832923092, "MRAE": 0.4751269342363172, "R^2-Score": -0.20970460665971125, "MEAPE-mu": 7.5640945863587, "MEAPE-std": 0.29665592793765383, "RMSE": 34.47299283600441, "JSD": Infinity, "_runtime": 6, "_timestamp": 1646946099, "_step": 0, "_wandb": {"runtime": 6}}