{"ARI": 0.6133674249418141, "NMI": 0.4481357249296735, "JSD": 0.12834846006468148, "Precision": 0.8688473158171997, "Recall": 0.8720612356478951, "F1-Score": 0.8694203439549234, "ROC AUC": 0.9509007823036432, "Accuracy": 0.8720612356478951, "MEAPE-mu": 3.596156531098473, "MEAPE-std": 0.6110622778764498, "_runtime": 2544, "_timestamp": 1647409603, "_step": 0, "_wandb": {"runtime": 2545}}