{"MAE": 24.698505290287915, "MRAE": 0.4779889222896713, "R^2-Score": 0.47871992495229676, "MEAPE-mu": 4.6658168352779725, "MEAPE-std": 3.425318978360711, "RMSE": 30.774328969878997, "JSD": 0.13615185719733172, "_runtime": 2, "_timestamp": 1646480321, "_step": 0, "_wandb": {"runtime": 3}}