{"ARI": 0.0, "NMI": 0.0, "JSD": 0.17798584841629284, "Precision": 0.4816415651700762, "Recall": 0.6940040094769455, "F1-Score": 0.5686427688194101, "ROC AUC": 0.6513940419659953, "Accuracy": 0.6940040094769455, "MEAPE-mu": 35.0189322927006, "MEAPE-std": 0.44231143971507814, "_runtime": 5, "_timestamp": 1646917404, "_step": 0, "_wandb": {"runtime": 5}}