{"ARI": 0.4498573314566505, "NMI": 0.34576091517046104, "JSD": 0.15477204886059742, "Precision": 0.803292247452184, "Recall": 0.8039494120257378, "F1-Score": 0.7981968074937598, "ROC AUC": 0.8685020933902402, "Accuracy": 0.8039494120257378, "MEAPE-mu": 4.585043263309372, "MEAPE-std": 0.33535140749508546, "_runtime": 1623, "_timestamp": 1654212998, "_step": 0, "_wandb": {"runtime": 1623}}