{"ARI": 0.17414036916376177, "NMI": 0.12067025377507358, "JSD": 0.19586692246180698, "Precision": 0.6679967492538716, "Recall": 0.6831151542045707, "F1-Score": 0.6410796965844174, "ROC AUC": 0.7222621780245975, "Accuracy": 0.6831151542045707, "MEAPE-mu": 12.60172737042707, "MEAPE-std": 0.375454859159224, "_runtime": 60, "_timestamp": 1647232238, "_step": 0, "_wandb": {"runtime": 61}}