{"MAE": 25.724722491527498, "MRAE": 0.5045660481430373, "R^2-Score": 0.18789706822249208, "MEAPE-mu": 7.208853213623904, "MEAPE-std": 4.05481982577337, "RMSE": 32.47244155286583, "JSD": 0.1384937765386994, "_runtime": 3, "_timestamp": 1646307880, "_step": 0, "_wandb": {"runtime": 4}}