{"ARI": 0.21551724137931033, "NMI": 0.14948514494076273, "JSD": 0.1839582919531164, "Precision": 0.6503225806451612, "Recall": 0.7096774193548387, "F1-Score": 0.6725105189340814, "ROC AUC": 0.7387096774193549, "Accuracy": 0.7096774193548387, "MEAPE-mu": 13.877328924730442, "MEAPE-std": 7.791472941732813, "_runtime": 525, "_timestamp": 1645489382, "_step": 0, "_wandb": {"runtime": 525}}