{"ARI": 0.0, "NMI": 6.72167951363937e-16, "JSD": 0.17634804296710868, "Precision": 0.0, "Recall": 0.0, "F1-Score": 0.0, "Accuracy": 0.0, "MEAPE-mu": 166.04282762344144, "MEAPE-std": 6.15457918548731, "_runtime": 4, "_timestamp": 1645623069, "_step": 0, "_wandb": {"runtime": 4}}