{"MAE": 21.580482584478386, "MRAE": 0.41111361042960365, "R^2-Score": 0.2701363081136432, "MEAPE-mu": 7.141709312338617, "MEAPE-std": 4.818086436551388, "RMSE": 26.417482062986597, "JSD": 0.12904961343022578, "_runtime": 7, "_timestamp": 1646306165, "_step": 0, "_wandb": {"runtime": 4}}