{"ARI": -0.010379949383694643, "NMI": 0.03879998907540261, "JSD": 0.2474383801502497, "Precision": 0.46775688840304247, "Recall": 0.4573774129132461, "F1-Score": 0.4620223085320552, "ROC AUC": 0.54292943169406, "Accuracy": 0.4573774129132461, "MEAPE-mu": 0.5337335361285566, "MEAPE-std": 0.3635267014207498, "_runtime": 240, "_timestamp": 1647632691, "_step": 0, "_wandb": {"runtime": 241}}