{"MAE": 24.521340711891146, "RMSE": 31.222657238452463, "MRAE": 0.4407144466607754, "JSD": Infinity, "R^2-Score": 0.2545130058436369, "MEAPE-mu": 0.5864484596017302, "MEAPE-std": 0.3471083779240175, "_runtime": 2, "_timestamp": 1645387602, "_step": 0, "_wandb": {"runtime": 3}}