{"ARI": 0.13662726604799857, "NMI": 0.062189781967178275, "JSD": 0.20915215292714923, "Precision": 0.6670404215037573, "Recall": 0.6990077177508269, "F1-Score": 0.6681028935066537, "ROC AUC": 0.6982407853298679, "Accuracy": 0.6990077177508269, "MEAPE-mu": 9.728511446017114, "MEAPE-std": 1.980164532065777, "_runtime": 3, "_timestamp": 1654268822, "_step": 0, "_wandb": {"runtime": 4}}