{"MAE": 19.429872469774324, "MRAE": 0.3599103599637935, "R^2-Score": 0.5383739916305441, "MEAPE-mu": 3.021459872084768, "MEAPE-std": 0.4117416164697734, "RMSE": 24.243915111760383, "JSD": 0.11112642486368729, "_runtime": 9, "_timestamp": 1646487215, "_step": 0, "_wandb": {"runtime": 9}}