{"ARI": -0.06106408706166868, "NMI": 0.05062017252749295, "JSD": 0.25174564434109953, "Precision": 0.5051282051282051, "Recall": 0.36666666666666664, "F1-Score": 0.4088888888888889, "Accuracy": 0.36666666666666664, "MEAPE-mu": 12.909103896371377, "MEAPE-std": 8.326099516312675, "_runtime": 3, "_timestamp": 1645609353, "_step": 0, "_wandb": {"runtime": 4}}