{"ARI": 0.3201777940296323, "NMI": 0.21678568228129172, "JSD": 0.17902006792548905, "Precision": 0.7290268156729719, "Recall": 0.735611271355669, "F1-Score": 0.7308559456845178, "ROC AUC": 0.7638273717932504, "Accuracy": 0.735611271355669, "MEAPE-mu": 4.137903386901151, "MEAPE-std": 0.29036069271939335, "_runtime": 39, "_timestamp": 1645867056, "_step": 0, "_wandb": {"runtime": 40}}