{"MAE": 22.60614785312257, "MRAE": 0.5719166982976994, "R^2-Score": 0.3936617227116561, "MEAPE-mu": 7.486308813976653, "MEAPE-std": 0.2907448928543487, "RMSE": 30.112480809154743, "JSD": Infinity, "_runtime": 5, "_timestamp": 1646946205, "_step": 0, "_wandb": {"runtime": 5}}