{"ARI": 0.2704025457702908, "NMI": 0.21637627844612967, "JSD": 0.1805478542095692, "Precision": 0.7169530336503385, "Recall": 0.7145329487463945, "F1-Score": 0.6663403805297633, "ROC AUC": 0.7656345256218743, "Accuracy": 0.7145329487463945, "MEAPE-mu": 24.317971036208565, "MEAPE-std": 0.31448567859684307, "_runtime": 2556, "_timestamp": 1648451694, "_step": 0, "_wandb": {"runtime": 2556}}