{"MAE": 19.34038119391207, "MRAE": 0.34800739966532135, "R^2-Score": 0.508417024912561, "MEAPE-mu": 0.49711106926265314, "MEAPE-std": 0.3405406276122121, "RMSE": 25.19244898047224, "JSD": Infinity, "_runtime": 4, "_timestamp": 1646485453, "_step": 0, "_wandb": {"runtime": 4}}