{"ARI": 0.26563115788998204, "NMI": 0.21508833104265032, "JSD": 0.1816113215304219, "Precision": 0.716628036714959, "Recall": 0.7132904370978478, "F1-Score": 0.6649254571105602, "ROC AUC": 0.764896469781335, "Accuracy": 0.7132904370978478, "MEAPE-mu": 24.427362460906533, "MEAPE-std": 0.2642124242137598, "_runtime": 2470, "_timestamp": 1648431073, "_step": 0, "_wandb": {"runtime": 2470}}