{"ARI": -0.0007843908052901828, "NMI": 0.0001650641805356839, "JSD": Infinity, "Precision": 0.5989068317372134, "Recall": 0.7496056782334385, "F1-Score": 0.6435387310066258, "ROC AUC": 0.4825712152878357, "Accuracy": 0.7496056782334385, "MEAPE-mu": 98.58901762837519, "MEAPE-std": 5.009944775797178, "_runtime": 2, "_timestamp": 1653905406, "_step": 0, "_wandb": {"runtime": 4}}