{"ARI": -0.026200873362445413, "NMI": 0.145362783257019, "JSD": 0.35609581413583596, "Precision": 0.43666666666666665, "Recall": 0.13333333333333333, "F1-Score": 0.18376068376068372, "Accuracy": 0.13333333333333333, "MEAPE-mu": 108.25241748537832, "MEAPE-std": 37.05080216802911, "_runtime": 4, "_timestamp": 1645615467, "_step": 0, "_wandb": {"runtime": 4}}