{"ARI": 0.08299520988502451, "NMI": 0.033348986703174405, "JSD": 0.1965484946115706, "Precision": 0.7164685800168844, "Recall": 0.7572470913034904, "F1-Score": 0.6943630772238321, "ROC AUC": 0.7212935116191692, "Accuracy": 0.7572470913034904, "MEAPE-mu": 25.676811102004866, "MEAPE-std": 0.7083967157988916, "_runtime": 2, "_timestamp": 1645452581, "_step": 0, "_wandb": {"runtime": 3}}