{"MAE": 22.56859883051548, "MRAE": 0.2872524413974963, "R^2-Score": 0.14410702225080574, "MEAPE-mu": 9.66638867953577, "MEAPE-std": 4.844221115893964, "RMSE": 27.80371940073529, "JSD": 0.10958843842842501, "_runtime": 7, "_timestamp": 1646306179, "_step": 0, "_wandb": {"runtime": 4}}