{"MAE": 20.820254541328662, "MRAE": 0.37187142016825, "R^2-Score": 0.4561356827521994, "MEAPE-mu": 3.60501800784689, "MEAPE-std": 0.48689595517651135, "RMSE": 26.4775706211752, "JSD": 0.11793531017968145, "_runtime": 183, "_timestamp": 1646342902, "_step": 0, "_wandb": {"runtime": 184}}