{"ARI": 0.1208822686909195, "NMI": 0.046243436745279046, "JSD": 0.220518434992556, "Precision": 0.6146236559139784, "Recall": 0.6774193548387096, "F1-Score": 0.6432606514967532, "ROC AUC": 0.6908756643183783, "Accuracy": 0.6774193548387096, "MEAPE-mu": 13.222997419935172, "MEAPE-std": 7.7962794229748305, "_runtime": 5, "_timestamp": 1646932980, "_step": 0, "_wandb": {"runtime": 5}}