{"MAE": 20.57789657832658, "RMSE": 25.455224334730968, "MRAE": 0.45121220647493915, "JSD": 0.13572110850622554, "R^2-Score": 0.40047014457551544, "MEAPE-mu": 6.316135577301277, "MEAPE-std": 4.924172728858105, "_runtime": 3, "_timestamp": 1645390235, "_step": 0, "_wandb": {"runtime": 4}}