{"MAE": 25.719728198286205, "RMSE": 36.56673978088798, "MRAE": 0.379091465603831, "JSD": 0.14773386996758742, "R^2-Score": -0.0004519832117864109, "MEAPE-mu": 7.727844055921838, "MEAPE-std": 5.824881335816387, "_runtime": 2, "_timestamp": 1645185267, "_step": 0, "_wandb": {"runtime": 3}}