{"ARI": 0.019616038340438575, "NMI": 0.07570543907064872, "JSD": 0.1777619842694385, "Precision": 0.08870967741935484, "Recall": 0.25806451612903225, "F1-Score": 0.12258064516129033, "ROC AUC": 0.5612519201228877, "Accuracy": 0.25806451612903225, "MEAPE-mu": 92.218546987105, "MEAPE-std": 18.941077552730086, "_runtime": 3, "_timestamp": 1645454364, "_step": 0, "_wandb": {"runtime": 4}}