{"ARI": 0.42236142550918815, "NMI": 0.25906190434058274, "JSD": 0.15940574679381694, "Precision": 0.790830432828878, "Recall": 0.8036820998906307, "F1-Score": 0.7915000925377369, "ROC AUC": 0.7868918776427912, "Accuracy": 0.8036820998906307, "MEAPE-mu": 7.838107334586996, "MEAPE-std": 0.6773109723092663, "_runtime": 401, "_timestamp": 1646836691, "_step": 0, "_wandb": {"runtime": 402}}