{"MAE": 26.704973927708437, "MRAE": 0.5571591864111131, "R^2-Score": 0.2886929152435973, "MEAPE-mu": 2.6932769652192285, "MEAPE-std": 0.2930661330288471, "RMSE": 32.61501710795993, "JSD": Infinity, "_runtime": 5, "_timestamp": 1647000738, "_step": 0, "_wandb": {"runtime": 6}}