{"MAE": 30.046104373226814, "MRAE": 0.4555730623551549, "R^2-Score": 0.22902118163438445, "MEAPE-mu": 9.24585576078956, "MEAPE-std": 0.4482111418607886, "RMSE": 35.884140782884145, "JSD": Infinity, "_runtime": 3, "_timestamp": 1645985307, "_step": 0, "_wandb": {"runtime": 4}}