{"ARI": 0.6175327268823103, "NMI": 0.49671051400170385, "JSD": 0.12519063109607884, "Precision": 0.8853237521886287, "Recall": 0.8833394094057602, "F1-Score": 0.8775567241296138, "ROC AUC": 0.9581184309968993, "Accuracy": 0.8833394094057602, "MEAPE-mu": 7.291849958254874, "MEAPE-std": 0.528674499496736, "_runtime": 20, "_timestamp": 1646865923, "_step": 0, "_wandb": {"runtime": 20}}