{"ARI": 0.06531742648738165, "NMI": 0.027814627900916374, "JSD": 0.19386858712587543, "Precision": 0.651782082588091, "Recall": 0.6985602332786587, "F1-Score": 0.615424287783991, "ROC AUC": 0.6881946585100085, "Accuracy": 0.6985602332786587, "MEAPE-mu": 27.698081560098316, "MEAPE-std": 0.6313565923829877, "_runtime": 3, "_timestamp": 1645452541, "_step": 0, "_wandb": {"runtime": 5}}