{"MAE": 27.38566746998666, "MRAE": 0.7627428403072991, "R^2-Score": 0.263820005695386, "MEAPE-mu": 14.25922104600681, "MEAPE-std": 0.3853973093899464, "RMSE": 34.05572820951891, "JSD": 0.18047938993527832, "_runtime": 24, "_timestamp": 1647011920, "_step": 0, "_wandb": {"runtime": 25}}