{"ARI": 0.07231208372978117, "NMI": 0.05248939308796029, "JSD": 0.19708545464805305, "Precision": 0.6282051282051282, "Recall": 0.6666666666666666, "F1-Score": 0.6178092986603626, "ROC AUC": 0.6971934667586841, "Accuracy": 0.6666666666666666, "MEAPE-mu": 20.668386168691473, "MEAPE-std": 9.488029707505389, "_runtime": 105, "_timestamp": 1645494034, "_step": 0, "_wandb": {"runtime": 105}}