{"ARI": 0.14698729537477911, "NMI": 0.0700201825829885, "JSD": 0.19331542552896866, "Precision": 0.7036771373668562, "Recall": 0.7202478585748132, "F1-Score": 0.664179766009267, "ROC AUC": 0.7241087656021914, "Accuracy": 0.7202478585748132, "MEAPE-mu": 20.414317313853406, "MEAPE-std": 0.6037327361657372, "_runtime": 218, "_timestamp": 1645521037, "_step": 0, "_wandb": {"runtime": 219}}