{"ARI": 0.0, "NMI": 1.2053129287859264e-15, "JSD": Infinity, "Precision": 0.5755053507728894, "Recall": 0.7586206896551724, "F1-Score": 0.6544962812711291, "ROC AUC": 0.48051948051948046, "Accuracy": 0.7586206896551724, "MEAPE-mu": 148.39913594130851, "MEAPE-std": 294.56083883137353, "_runtime": 2, "_timestamp": 1653670833, "_step": 0, "_wandb": {"runtime": 4}}