{"MAE": 21.95167955933285, "MRAE": 0.4017209696663069, "R^2-Score": 0.38634492788779295, "MEAPE-mu": 0.7917972869825198, "MEAPE-std": 0.4308943930913857, "RMSE": 28.08313011599039, "JSD": Infinity, "_runtime": 3, "_timestamp": 1646320744, "_step": 0, "_wandb": {"runtime": 4}}