{"ARI": 0.0, "NMI": 6.72167951363937e-16, "JSD": 0.17634804296710868, "Precision": 0.4588969823100936, "Recall": 0.6774193548387096, "F1-Score": 0.5471464019851118, "ROC AUC": 0.6874807987711214, "Accuracy": 0.6774193548387096, "MEAPE-mu": 34.6505793979743, "MEAPE-std": 7.140308499504795, "_runtime": 4, "_timestamp": 1646932612, "_step": 0, "_wandb": {"runtime": 5}}