{"ARI": 0.029127536898970813, "NMI": 0.019733852508048356, "JSD": 0.20395475746480865, "Precision": 0.560155941787952, "Recall": 0.6172176614155758, "F1-Score": 0.5248068959892986, "ROC AUC": 0.6077526573842419, "Accuracy": 0.6172176614155758, "MEAPE-mu": 30.589045229852314, "MEAPE-std": 0.32293519719572555, "_runtime": 2, "_timestamp": 1645606180, "_step": 0, "_wandb": {"runtime": 4}}