{"MAE": 25.90260946513626, "MRAE": 0.2899876856787526, "R^2-Score": 0.1171793424057741, "MEAPE-mu": 8.947585148923752, "MEAPE-std": 5.969244313128257, "RMSE": 37.33249064307196, "JSD": 0.13615851965442705, "_runtime": 2, "_timestamp": 1646303968, "_step": 0, "_wandb": {"runtime": 4}}