{"ARI": -0.019133762393459732, "NMI": 0.1759779107968932, "JSD": 0.34225189100729486, "Precision": 0.6075268817204301, "Recall": 0.12903225806451613, "F1-Score": 0.20893300248138957, "Accuracy": 0.12903225806451613, "MEAPE-mu": 110.09373964085216, "MEAPE-std": 30.644056011343427, "_runtime": 3, "_timestamp": 1645615384, "_step": 0, "_wandb": {"runtime": 4}}