{"ARI": 0.5399961100407878, "NMI": 0.39511387287763045, "JSD": 0.13898390915148479, "Precision": 0.8492984307695489, "Recall": 0.8531073446327684, "F1-Score": 0.8465885662055982, "ROC AUC": 0.9181974515358422, "Accuracy": 0.8531073446327684, "MEAPE-mu": 7.231180464923722, "MEAPE-std": 0.6067245716932588, "_runtime": 266, "_timestamp": 1647579965, "_step": 0, "_wandb": {"runtime": 265}}