{"ARI": 0.052508751458576426, "NMI": 0.01996836181981211, "JSD": 0.20692736715388296, "Precision": 0.6743295019157088, "Recall": 0.7241379310344828, "F1-Score": 0.6586206896551725, "ROC AUC": 0.6011904761904762, "Accuracy": 0.7241379310344828, "MEAPE-mu": 25.422458673281525, "MEAPE-std": 9.35887774491713, "_runtime": 2, "_timestamp": 1645450787, "_step": 0, "_wandb": {"runtime": 3}}