{"ARI": -0.020306034067943412, "NMI": 0.10116315496493251, "JSD": 0.2576521617850965, "Precision": 0.4913151364764268, "Recall": 0.5806451612903226, "F1-Score": 0.5322580645161291, "ROC AUC": 0.46759516747002844, "Accuracy": 0.5806451612903226, "MEAPE-mu": 16.46076974550671, "MEAPE-std": 9.033408723787083, "_runtime": 5, "_timestamp": 1646933793, "_step": 0, "_wandb": {"runtime": 5}}