{"ARI": 0.7073665109172667, "NMI": 0.5840491437152269, "JSD": 0.11201856309182867, "Precision": 0.910127621071901, "Recall": 0.9110625113905595, "F1-Score": 0.90988151909638, "ROC AUC": 0.9745198381743987, "Accuracy": 0.9110625113905595, "MEAPE-mu": 2.53468836578348, "MEAPE-std": 0.5384031236539487, "_runtime": 562, "_timestamp": 1646919761, "_step": 0, "_wandb": {"runtime": 561}}