{"MAE": 0.0038141045975689145, "MRAE": 3.434919931789633e-05, "R^2-Score": 0.9999885786689419, "MEAPE-mu": 0.0015884321083864234, "MEAPE-std": 0.0009903601398340378, "RMSE": 0.11579602173135085, "JSD": 0.0004667861753161569, "_runtime": 4944, "_timestamp": 1648347399, "_step": 0, "_wandb": {"runtime": 4943}}