{"ARI": 0.12425703028445613, "NMI": 0.05584539140379388, "JSD": 0.20258580733139453, "Precision": 0.7045343707510797, "Recall": 0.7100330760749725, "F1-Score": 0.6603486545695849, "ROC AUC": 0.7092081114111096, "Accuracy": 0.7100330760749725, "MEAPE-mu": 17.523983751986048, "MEAPE-std": 1.925778716535453, "_runtime": 4, "_timestamp": 1654269799, "_step": 0, "_wandb": {"runtime": 5}}