{"MAE": 21.283880452531623, "RMSE": 27.701612929658065, "MRAE": 0.31460847563423083, "JSD": 0.11447027350989325, "R^2-Score": 0.29850400010586664, "MEAPE-mu": 4.7310156341660115, "MEAPE-std": 3.8363188950186196, "_runtime": 6, "_timestamp": 1645433455, "_step": 0, "_wandb": {"runtime": 6}}