{"ARI": 0.030958524330825243, "NMI": 0.11153885800731778, "JSD": 0.1991911607452396, "Precision": 0.6278082858065882, "Recall": 0.3787823550856726, "F1-Score": 0.3417481789696301, "ROC AUC": 0.6399391386392818, "Accuracy": 0.3787823550856726, "MEAPE-mu": 68.61134666966387, "MEAPE-std": 1.2678618607234595, "_runtime": 2, "_timestamp": 1645786201, "_step": 0, "_wandb": {"runtime": 4}}