{"MAE": 1.1003835212215618, "MRAE": 0.01898626564297194, "R^2-Score": 0.9982808990802683, "MEAPE-mu": 0.02300115874905324, "MEAPE-std": 0.015472608976226787, "RMSE": 1.4751785639430965, "JSD": 0.007730123203215024, "_runtime": 613, "_timestamp": 1646702904, "_step": 0, "_wandb": {"runtime": 615}}