{"MAE": 28.56526257746885, "MRAE": 0.6528294608165108, "R^2-Score": 0.04212153052186984, "MEAPE-mu": 1.011681291938068, "MEAPE-std": 0.3201064455746559, "RMSE": 33.6799458066991, "JSD": Infinity, "_runtime": 2, "_timestamp": 1645989310, "_step": 0, "_wandb": {"runtime": 3}}