{"ARI": 0.1258438326165076, "NMI": 0.05241119714040387, "JSD": 0.19784625487937815, "Precision": 0.6605222908993771, "Recall": 0.7104064151631128, "F1-Score": 0.6528944833830345, "ROC AUC": 0.7084093118961842, "Accuracy": 0.7104064151631128, "MEAPE-mu": 20.092399149085644, "MEAPE-std": 0.6511506273534738, "_runtime": 240, "_timestamp": 1645495279, "_step": 0, "_wandb": {"runtime": 240}}