{"MAE": 23.700959199771393, "MRAE": 0.7179946518004866, "R^2-Score": 0.370056185380206, "MEAPE-mu": 6.499499704486408, "MEAPE-std": 5.589002855944192, "RMSE": 29.844563464472397, "JSD": 0.14606093766438374, "_runtime": 3, "_timestamp": 1646297823, "_step": 0, "_wandb": {"runtime": 4}}