{"ARI": 0.24262153900452896, "NMI": 0.14122144025651515, "JSD": 0.18331823387820606, "Precision": 0.7105010339203401, "Recall": 0.7541345093715546, "F1-Score": 0.7185668991779889, "ROC AUC": 0.7916926901408762, "Accuracy": 0.7541345093715546, "MEAPE-mu": 11.533470956419613, "MEAPE-std": 1.8832723229618802, "_runtime": 4, "_timestamp": 1654101442, "_step": 0, "_wandb": {"runtime": 4}}