{"MAE": 23.417530108756548, "RMSE": 32.70375372477505, "MRAE": 0.5584840944350503, "JSD": 0.1503076141485712, "R^2-Score": -0.02321466497387048, "MEAPE-mu": 7.903829249953592, "MEAPE-std": 6.057699353822827, "_runtime": 3, "_timestamp": 1645390841, "_step": 0, "_wandb": {"runtime": 4}}