{"MAE": 13.305730528346489, "MRAE": 0.1979851885097114, "R^2-Score": 0.7206722412519078, "MEAPE-mu": 0.687717421370713, "MEAPE-std": 0.2953708331158659, "RMSE": 18.675105085798485, "JSD": Infinity, "_runtime": 1201, "_timestamp": 1646537825, "_step": 0, "_wandb": {"runtime": 1202}}