{"MAE": 10.91211374771979, "MRAE": 0.23149312101730607, "R^2-Score": 0.7645594545421659, "MEAPE-mu": 0.13540247860500748, "MEAPE-std": 0.11707912553549528, "RMSE": 16.67016438788504, "JSD": Infinity, "_runtime": 13134, "_timestamp": 1650364263, "_step": 0, "_wandb": {"runtime": 13134}}