{"MAE": 25.35419374446006, "MRAE": 0.41086984754961675, "R^2-Score": 0.2734651416418238, "MEAPE-mu": 8.467016779147654, "MEAPE-std": 5.141557060137434, "RMSE": 32.87890687666612, "JSD": 0.137529099152942, "_runtime": 3, "_timestamp": 1646310617, "_step": 0, "_wandb": {"runtime": 4}}