{"ARI": 8.297857326073098e-06, "NMI": 0.00026512251120015514, "JSD": 0.17866356981093845, "Precision": 0.5583864324407274, "Recall": 0.6935836675173168, "F1-Score": 0.569065325589834, "ROC AUC": 0.5783832385368404, "Accuracy": 0.6935836675173168, "MEAPE-mu": 34.70864586923092, "MEAPE-std": 0.4273948880967449, "_runtime": 3, "_timestamp": 1645786390, "_step": 0, "_wandb": {"runtime": 3}}