{"ARI": -0.03529381188762118, "NMI": 0.09637635062288345, "JSD": 0.3317319433434679, "Precision": 0.5591397849462365, "Recall": 0.12903225806451613, "F1-Score": 0.17483870967741935, "Accuracy": 0.12903225806451613, "MEAPE-mu": 119.57540210651126, "MEAPE-std": 37.28085598865797, "_runtime": 3, "_timestamp": 1645623444, "_step": 0, "_wandb": {"runtime": 4}}