{"ARI": 0.2851106217849579, "NMI": 0.19688678890267552, "JSD": 0.1940520887027974, "Precision": 0.7152449011273, "Recall": 0.7029509651652984, "F1-Score": 0.678949185582083, "ROC AUC": 0.711468147546924, "Accuracy": 0.7029509651652984, "MEAPE-mu": 9.754016440369954, "MEAPE-std": 0.3484930989177318, "_runtime": 1464, "_timestamp": 1648228549, "_step": 0, "_wandb": {"runtime": 1463}}