{"ARI": 0.3321631281845671, "NMI": 0.22599107503556237, "JSD": 0.1774076416915133, "Precision": 0.7345851588087022, "Recall": 0.7406700687818948, "F1-Score": 0.7363536350189824, "ROC AUC": 0.7696634847120316, "Accuracy": 0.7406700687818948, "MEAPE-mu": 3.7942277391545955, "MEAPE-std": 0.35525819885246024, "_runtime": 45, "_timestamp": 1645867268, "_step": 0, "_wandb": {"runtime": 47}}