{"ARI": 0.0820748358830652, "NMI": 0.028868297429522266, "JSD": 0.2022958525468207, "Precision": 0.6341594581120292, "Recall": 0.6923076923076923, "F1-Score": 0.62506090038538, "ROC AUC": 0.7368449976164962, "Accuracy": 0.6923076923076923, "MEAPE-mu": 23.645838807592455, "MEAPE-std": 0.7080897770758202, "_runtime": 7, "_timestamp": 1646914857, "_step": 0, "_wandb": {"runtime": 7}}