{"MAE": 32.23768105904423, "RMSE": 38.79018050701594, "MRAE": 0.5200054868553123, "JSD": 0.1593191968046592, "R^2-Score": 0.25449600262312255, "MEAPE-mu": 6.190204005199323, "MEAPE-std": 5.387666805124216, "_runtime": 4, "_timestamp": 1645483329, "_step": 0, "_wandb": {"runtime": 5}}