{"ARI": 0.31683168316831684, "NMI": 0.19704064274546493, "JSD": 0.17564382714890425, "Precision": 0.8125, "Recall": 0.8214285714285714, "F1-Score": 0.803030303030303, "ROC AUC": 0.7687074829931974, "Accuracy": 0.8214285714285714, "MEAPE-mu": 14.248208670265138, "MEAPE-std": 7.737778052232413, "_runtime": 2, "_timestamp": 1645461442, "_step": 0, "_wandb": {"runtime": 3}}