{"MAE": 22.169238225687796, "RMSE": 31.24295801827248, "MRAE": 0.37609157155682077, "JSD": 0.13736145837412533, "R^2-Score": 0.312936237736828, "MEAPE-mu": 6.100282093149485, "MEAPE-std": 4.259345154276947, "_runtime": 2, "_timestamp": 1645118687, "_step": 0, "_wandb": {"runtime": 3}}