{"ARI": 0.0, "NMI": 6.72167951363937e-16, "JSD": 0.17634804296710868, "Precision": 0.0, "Recall": 0.0, "F1-Score": 0.0, "Accuracy": 0.0, "MEAPE-mu": 164.9281694612493, "MEAPE-std": 6.104661296335606, "_runtime": 6, "_timestamp": 1645623058, "_step": 0, "_wandb": {"runtime": 5}}