{"ARI": 0.2674294817752782, "NMI": 0.21202175887573937, "JSD": 0.18091736286052368, "Precision": 0.7153212823063279, "Recall": 0.7133791879298869, "F1-Score": 0.6649723781401057, "ROC AUC": 0.7648891072541228, "Accuracy": 0.7133791879298869, "MEAPE-mu": 24.32797374922702, "MEAPE-std": 0.2530256214194192, "_runtime": 2586, "_timestamp": 1648443980, "_step": 0, "_wandb": {"runtime": 2585}}