{"ARI": 0.6090669617551663, "NMI": 0.4791127387169933, "JSD": 0.12732068974124922, "Precision": 0.8801505272035725, "Recall": 0.8791689447785676, "F1-Score": 0.8732977108357486, "ROC AUC": 0.9537882547754699, "Accuracy": 0.8791689447785676, "MEAPE-mu": 6.549044954843186, "MEAPE-std": 0.5935290445412461, "_runtime": 21, "_timestamp": 1646865840, "_step": 0, "_wandb": {"runtime": 21}}