{"MAE": 20.16833238701811, "MRAE": 0.3188847905798477, "R^2-Score": -0.19317528699984954, "MEAPE-mu": 14.129627043328794, "MEAPE-std": 0.458005385190537, "RMSE": 25.214892697818296, "JSD": 0.10357021736607593, "_runtime": 428, "_timestamp": 1646062530, "_step": 0, "_wandb": {"runtime": 429}}