{"ARI": 0.13725490196078433, "NMI": 0.1439034471387111, "JSD": 0.17558945451740285, "Precision": 0.8333333333333333, "Recall": 0.7857142857142857, "F1-Score": 0.7187500000000001, "ROC AUC": 0.727891156462585, "Accuracy": 0.7857142857142857, "MEAPE-mu": 28.845008119849627, "MEAPE-std": 7.790426157289807, "_runtime": 5, "_timestamp": 1646933723, "_step": 0, "_wandb": {"runtime": 5}}