{"MAE": 20.909107530236838, "MRAE": 0.3854844677266544, "R^2-Score": 0.45088567733734286, "MEAPE-mu": 4.516331966412503, "MEAPE-std": 0.44479819671151416, "RMSE": 26.623741226409308, "JSD": 0.11859936385881503, "_runtime": 180, "_timestamp": 1646342147, "_step": 0, "_wandb": {"runtime": 181}}