{"ARI": 0.13718191119457412, "NMI": 0.0628424360561937, "JSD": 0.19429672309836482, "Precision": 0.6757981846633159, "Recall": 0.7172803499817718, "F1-Score": 0.6600687924107214, "ROC AUC": 0.7086985401898098, "Accuracy": 0.7172803499817718, "MEAPE-mu": 20.272693964595074, "MEAPE-std": 0.7189975418251194, "_runtime": 242, "_timestamp": 1645497260, "_step": 0, "_wandb": {"runtime": 243}}