{"ARI": 0.0700901469259408, "NMI": 0.030255085068515066, "JSD": 0.19462075854022712, "Precision": 0.6536798250882909, "Recall": 0.6997812613926357, "F1-Score": 0.6206141734704707, "ROC AUC": 0.6950771159245743, "Accuracy": 0.6997812613926357, "MEAPE-mu": 26.795163781228975, "MEAPE-std": 0.6698295994224297, "_runtime": 3, "_timestamp": 1645452592, "_step": 0, "_wandb": {"runtime": 4}}