{"MAE": 22.70878065064698, "RMSE": 28.833843831760515, "MRAE": 0.36717468710783235, "JSD": 0.1261523139235226, "R^2-Score": 0.31528331773862195, "MEAPE-mu": 0.7519375877331155, "MEAPE-std": 0.42996336737652735, "_runtime": 546, "_timestamp": 1645591131, "_step": 0, "_wandb": {"runtime": 547}}