{"ARI": 0.5452965893914068, "NMI": 0.4041800686994274, "JSD": 0.13878384774671448, "Precision": 0.8511459337093132, "Recall": 0.8550856726212176, "F1-Score": 0.8500574593311663, "ROC AUC": 0.9189516345445012, "Accuracy": 0.8550856726212176, "MEAPE-mu": 5.717913382670808, "MEAPE-std": 0.533847542850631, "_runtime": 270, "_timestamp": 1647582181, "_step": 0, "_wandb": {"runtime": 271}}