{"ARI": 0.03130312797241978, "NMI": 0.018913154798621854, "JSD": 0.20471428312299528, "Precision": 0.5540380802970357, "Recall": 0.6160639005990681, "F1-Score": 0.5244172611793532, "ROC AUC": 0.605924121226018, "Accuracy": 0.6160639005990681, "MEAPE-mu": 30.2668939801493, "MEAPE-std": 0.31770959238458996, "_runtime": 3, "_timestamp": 1645606136, "_step": 0, "_wandb": {"runtime": 3}}