{"MAE": 22.58095144790428, "RMSE": 29.628866056526913, "MRAE": 0.4199433375784787, "JSD": 0.13386089231414702, "R^2-Score": 0.38895616289553436, "MEAPE-mu": 6.347893841758921, "MEAPE-std": 4.848062007222299, "_runtime": 2, "_timestamp": 1645118776, "_step": 0, "_wandb": {"runtime": 3}}