{"ARI": 0.4056504766961822, "NMI": 0.2775309437325204, "JSD": 0.16662887543002303, "Precision": 0.8281407672083432, "Recall": 0.8306403050983541, "F1-Score": 0.8210659314241663, "ROC AUC": 0.8937671942383681, "Accuracy": 0.8306403050983541, "MEAPE-mu": 11.008171076847795, "MEAPE-std": 0.38057167147697496, "_runtime": 10, "_timestamp": 1646924716, "_step": 0, "_wandb": {"runtime": 10}}