{"ARI": 0.07774008786075738, "NMI": 0.1159097076108775, "JSD": 0.21528294576105786, "Precision": 0.6217008797653959, "Recall": 0.6129032258064516, "F1-Score": 0.6147251098488907, "ROC AUC": 0.5568844609953089, "Accuracy": 0.6129032258064516, "MEAPE-mu": 10.90331024642853, "MEAPE-std": 8.177301821438533, "_runtime": 11, "_timestamp": 1645460137, "_step": 0, "_wandb": {"runtime": 12}}