{"ARI": -0.0055279950491216225, "NMI": 0.00377222922603823, "JSD": 0.1821232907909023, "Precision": 0.4806699815795906, "Recall": 0.6897557418884434, "F1-Score": 0.5665372404248767, "ROC AUC": 0.5811981250191711, "Accuracy": 0.6897557418884434, "MEAPE-mu": 34.3422578568423, "MEAPE-std": 0.47511895483130473, "_runtime": 3, "_timestamp": 1645786400, "_step": 0, "_wandb": {"runtime": 4}}