{"ARI": -0.04112262195949675, "NMI": 0.0675623677873262, "JSD": 0.18849977447934296, "Precision": 0.7109352366303072, "Recall": 0.36419978126139263, "F1-Score": 0.3244662541646904, "ROC AUC": 0.7550534509144208, "Accuracy": 0.36419978126139263, "MEAPE-mu": 74.1459737807276, "MEAPE-std": 1.342356809287042, "_runtime": 3, "_timestamp": 1645776907, "_step": 0, "_wandb": {"runtime": 4}}