{"ARI": 0.011363636363636364, "NMI": 0.03705068107641277, "JSD": NaN, "Precision": 0.48000000000000004, "Recall": 0.4, "F1-Score": 0.425, "ROC AUC": 0.39682539682539686, "Accuracy": 0.4, "MEAPE-mu": NaN, "MEAPE-std": NaN, "_runtime": 4, "_timestamp": 1653672019, "_step": 0, "_wandb": {"runtime": 6}}