{"MAE": 0.0027955367872909737, "MRAE": 2.5636431115163215e-05, "R^2-Score": 0.9999962560038649, "MEAPE-mu": 0.0009165512221055476, "MEAPE-std": 0.0005000600675063794, "RMSE": 0.06649005586158323, "JSD": 0.00026617790522831845, "_runtime": 4904, "_timestamp": 1648362388, "_step": 0, "_wandb": {"runtime": 4904}}