{"MAE": 26.204254018245663, "MRAE": 0.7091295633334697, "R^2-Score": 0.2236335072647394, "MEAPE-mu": 8.664964115341387, "MEAPE-std": 0.3507549484038401, "RMSE": 33.73196031288207, "JSD": Infinity, "_runtime": 5, "_timestamp": 1646946506, "_step": 0, "_wandb": {"runtime": 5}}