{"ARI": 0.094085183441306, "NMI": 0.06050269228603031, "JSD": 0.179688047135376, "Precision": 0.6730798670547847, "Recall": 0.7243660418963617, "F1-Score": 0.6400736658697723, "ROC AUC": 0.7478791523946028, "Accuracy": 0.7243660418963617, "MEAPE-mu": 28.404801826594966, "MEAPE-std": 1.4434731879157852, "_runtime": 6, "_timestamp": 1654269298, "_step": 0, "_wandb": {"runtime": 6}}