{"ARI": 0.2865578863992967, "NMI": 0.1616069943785028, "JSD": 0.18215780201956322, "Precision": 0.7957336550930828, "Recall": 0.8085190297771643, "F1-Score": 0.7875762382543802, "ROC AUC": 0.8305719311195566, "Accuracy": 0.8085190297771643, "MEAPE-mu": 14.839724914870141, "MEAPE-std": 0.7872001011756857, "_runtime": 31, "_timestamp": 1646926779, "_step": 0, "_wandb": {"runtime": 30}}