{"ARI": 0.031558970989107364, "NMI": 0.015689789422918318, "JSD": 0.19547519490309095, "Precision": 0.5300362502216323, "Recall": 0.6264033725316175, "F1-Score": 0.5203180984562393, "ROC AUC": 0.626495530821644, "Accuracy": 0.6264033725316175, "MEAPE-mu": 32.660657101241526, "MEAPE-std": 0.31919322360028396, "_runtime": 41, "_timestamp": 1645626949, "_step": 0, "_wandb": {"runtime": 41}}