{"ARI": -0.0020943264022568985, "NMI": 0.0015788459981552906, "JSD": Infinity, "Precision": 0.5633880026512377, "Recall": 0.749211356466877, "F1-Score": 0.6431462681302678, "ROC AUC": 0.5150011052680566, "Accuracy": 0.749211356466877, "MEAPE-mu": 98.31980406347772, "MEAPE-std": 4.507319099291362, "_runtime": 2, "_timestamp": 1653905443, "_step": 0, "_wandb": {"runtime": 3}}