{"ARI": 0.008444155890116496, "NMI": 0.00039824348149546584, "JSD": Infinity, "Precision": 0.6337813686198919, "Recall": 0.6285488958990536, "F1-Score": 0.6311069036114616, "ROC AUC": 0.5117580161020104, "Accuracy": 0.6285488958990536, "MEAPE-mu": 4.8796524920334425, "MEAPE-std": 2.8331558511895047, "_runtime": 17, "_timestamp": 1653730887, "_step": 0, "_wandb": {"runtime": 19}}