{"MAE": 23.008858888026264, "RMSE": 32.13174962500265, "MRAE": 0.45040729726929335, "JSD": 0.13988271529607, "R^2-Score": 0.05430648333975008, "MEAPE-mu": 11.646907196927884, "MEAPE-std": 7.517306540706888, "_runtime": 2, "_timestamp": 1645108331, "_step": 0, "_wandb": {"runtime": 3}}