{"ARI": 0.07382485587087445, "NMI": 0.02333476565661006, "JSD": 0.21408109726399577, "Precision": 0.6211078972091412, "Recall": 0.5381811554583561, "F1-Score": 0.5718745885961305, "ROC AUC": 0.62713548539446, "Accuracy": 0.5381811554583561, "MEAPE-mu": 2.7894221773187913, "MEAPE-std": 0.9245856697055911, "_runtime": 4, "_timestamp": 1645475031, "_step": 0, "_wandb": {"runtime": 5}}