{"ARI": -0.0018050541516245488, "NMI": 0.1245695603502008, "JSD": 0.28625168149196883, "Precision": 0.6458874458874458, "Recall": 0.4, "F1-Score": 0.4541666666666666, "Accuracy": 0.4, "MEAPE-mu": 15.571769439691083, "MEAPE-std": 9.447289109158655, "_runtime": 3, "_timestamp": 1645609363, "_step": 0, "_wandb": {"runtime": 4}}