{"ARI": 0.0, "NMI": 0.0, "JSD": 0.17878432623971877, "Precision": 0.49, "Recall": 0.7, "F1-Score": 0.5764705882352941, "ROC AUC": 0.6259345525649873, "Accuracy": 0.7, "MEAPE-mu": 33.69653215760641, "MEAPE-std": 7.581608991216144, "_runtime": 3, "_timestamp": 1653942634, "_step": 0, "_wandb": {"runtime": 4}}