{"MAE": 25.19881620441174, "RMSE": 29.109832223200147, "MRAE": 0.4735968121324113, "JSD": 0.13087636078189452, "R^2-Score": 0.49665638465176165, "MEAPE-mu": 4.572475958120567, "MEAPE-std": 4.269850979876481, "_runtime": 2, "_timestamp": 1645118216, "_step": 0, "_wandb": {"runtime": 3}}