{"MAE": 21.594611683797144, "MRAE": 0.364677544241026, "R^2-Score": 0.33232803971898006, "MEAPE-mu": 6.858361074472865, "MEAPE-std": 6.4558415535238, "RMSE": 28.226129804845723, "JSD": 0.12483110130698959, "_runtime": 8, "_timestamp": 1646309123, "_step": 0, "_wandb": {"runtime": 5}}