{"ARI": 0.0613469177591441, "NMI": 0.07975506820686652, "JSD": 0.21756587119896983, "Precision": 0.5437255553758856, "Recall": 0.6282671400044375, "F1-Score": 0.5756508373614758, "ROC AUC": 0.7002448047239379, "Accuracy": 0.6282671400044375, "MEAPE-mu": 15.275240223760235, "MEAPE-std": 0.3705417532300681, "_runtime": 3, "_timestamp": 1645789078, "_step": 0, "_wandb": {"runtime": 3}}