{"MAE": 8.292941471348945, "MRAE": 0.1434136158065653, "R^2-Score": 0.8503277989668402, "MEAPE-mu": 0.16760780810061568, "MEAPE-std": 0.13230857253151143, "RMSE": 13.821688867605015, "JSD": 0.06434208931641434, "_runtime": 2168, "_timestamp": 1646605934, "_step": 0, "_wandb": {"runtime": 2169}}