{"ARI": 0.18914507067826267, "NMI": 0.11277562065423109, "JSD": 0.18949153630470295, "Precision": 0.7062075741237813, "Recall": 0.7386990077177509, "F1-Score": 0.6995522556913895, "ROC AUC": 0.7728362813884199, "Accuracy": 0.7386990077177509, "MEAPE-mu": 15.61818783652609, "MEAPE-std": 2.124328614524302, "_runtime": 27, "_timestamp": 1654285639, "_step": 0, "_wandb": {"runtime": 28}}