{"ARI": 0.33498563043580015, "NMI": 0.23766976514294705, "JSD": 0.1763548450068159, "Precision": 0.7449349165259412, "Recall": 0.749722653649878, "F1-Score": 0.7420545726694225, "ROC AUC": 0.8661515228287611, "Accuracy": 0.749722653649878, "MEAPE-mu": 5.343823280963859, "MEAPE-std": 0.3034237440868333, "_runtime": 972, "_timestamp": 1652632256, "_step": 0, "_wandb": {"runtime": 974}}