{"ARI": 0.045882067328365674, "NMI": 0.0152886588532834, "JSD": 0.20908717067674704, "Precision": 0.6520849048774562, "Recall": 0.7009083153510313, "F1-Score": 0.626174126806614, "ROC AUC": 0.6501893698844377, "Accuracy": 0.7009083153510313, "MEAPE-mu": 29.41252920506448, "MEAPE-std": 0.3302901779629037, "_runtime": 3, "_timestamp": 1645605951, "_step": 0, "_wandb": {"runtime": 3}}