{"ARI": -0.012255982841587597, "NMI": 0.0018779101999657616, "JSD": Infinity, "Precision": 0.56015864178734, "Recall": 0.5658152255733427, "F1-Score": 0.5629020450072764, "ROC AUC": 0.45862135797738396, "Accuracy": 0.5658152255733427, "MEAPE-mu": 6.491276152246769, "MEAPE-std": 2.290680996787617, "_runtime": 63, "_timestamp": 1653687146, "_step": 0, "_wandb": {"runtime": 64}}