{"ARI": 0.05300159419943652, "NMI": 0.042563720819097935, "JSD": 0.19886967794865515, "Precision": 0.5360271778707374, "Recall": 0.6172176614155758, "F1-Score": 0.523984746866621, "ROC AUC": 0.60873981759992, "Accuracy": 0.6172176614155758, "MEAPE-mu": 30.481557076711553, "MEAPE-std": 0.26655647572723007, "_runtime": 3, "_timestamp": 1645771347, "_step": 0, "_wandb": {"runtime": 4}}