{"ARI": 0.045367330016096157, "NMI": 0.0405993522813775, "JSD": 0.20867293900103448, "Precision": 0.5615141778274616, "Recall": 0.464299977812292, "F1-Score": 0.4953770715916444, "ROC AUC": 0.6309699691989026, "Accuracy": 0.464299977812292, "MEAPE-mu": 15.725377600926668, "MEAPE-std": 0.48613882404670267, "_runtime": 3, "_timestamp": 1645771730, "_step": 0, "_wandb": {"runtime": 4}}