{"ARI": 0.8663513696232221, "NMI": 0.7999564542269947, "JSD": 0.07888324261738397, "Precision": 0.9622670979257785, "Recall": 0.962449872402479, "F1-Score": 0.9623170874013567, "ROC AUC": 0.9703983510011144, "Accuracy": 0.962449872402479, "MEAPE-mu": 0.6812301419132523, "MEAPE-std": 0.29200417421411023, "_runtime": 2701, "_timestamp": 1647058359, "_step": 0, "_wandb": {"runtime": 2702}}