{"ARI": 0.03405988906822298, "NMI": 0.02157304787794148, "JSD": 0.2035160895834616, "Precision": 0.563245831758027, "Recall": 0.6187708009762591, "F1-Score": 0.5275818332350312, "ROC AUC": 0.6021906032797134, "Accuracy": 0.6187708009762591, "MEAPE-mu": 30.402763505447524, "MEAPE-std": 0.30374907173041, "_runtime": 2, "_timestamp": 1645606190, "_step": 0, "_wandb": {"runtime": 4}}