{"ARI": 0.0636126189233757, "NMI": 0.08168663730762146, "JSD": 0.2173099747796632, "Precision": 0.5449934953185551, "Recall": 0.6292433991568671, "F1-Score": 0.5771869933262141, "ROC AUC": 0.6861947801407079, "Accuracy": 0.6292433991568671, "MEAPE-mu": 14.952586021117513, "MEAPE-std": 0.3771905144802997, "_runtime": 3, "_timestamp": 1645789106, "_step": 0, "_wandb": {"runtime": 4}}