{"ARI": -0.02483327709684406, "NMI": 0.02101959024291389, "JSD": 0.22611448092225295, "Precision": 0.45976046015267685, "Recall": 0.5810516973596628, "F1-Score": 0.4926803531734076, "ROC AUC": 0.5473695429125115, "Accuracy": 0.5810516973596628, "MEAPE-mu": 27.220960352118645, "MEAPE-std": 0.3708290957865379, "_runtime": 3010, "_timestamp": 1648580264, "_step": 0, "_wandb": {"runtime": 3009}}