{"MAE": 23.7538200083997, "RMSE": 29.285637457491315, "MRAE": 0.4257396292412892, "JSD": Infinity, "R^2-Score": 0.23146193016133942, "MEAPE-mu": 1.4782215449420795, "MEAPE-std": 0.5631417323721991, "_runtime": 137, "_timestamp": 1645535620, "_step": 0, "_wandb": {"runtime": 138}}