{"ARI": 0.2614728746969824, "NMI": 0.21200673110940774, "JSD": 0.16816287118886172, "Precision": 0.6586021505376344, "Recall": 0.7419354838709677, "F1-Score": 0.6709677419354839, "ROC AUC": 0.7029569892473119, "Accuracy": 0.7419354838709677, "MEAPE-mu": 21.605596037838712, "MEAPE-std": 7.770624851337803, "_runtime": 18, "_timestamp": 1645475098, "_step": 0, "_wandb": {"runtime": 19}}