{"ARI": 0.0, "NMI": 0.0, "JSD": 0.17878432623971877, "Precision": 0.49, "Recall": 0.7, "F1-Score": 0.5764705882352941, "ROC AUC": 0.4308114791810443, "Accuracy": 0.7, "MEAPE-mu": 34.41508373533979, "MEAPE-std": 7.263740871163245, "_runtime": 6, "_timestamp": 1646933669, "_step": 0, "_wandb": {"runtime": 5}}