{"ARI": 0.2723758050639627, "NMI": 0.15655967985961844, "JSD": 0.1923211966368287, "Precision": 0.7675095653111423, "Recall": 0.7778502609393818, "F1-Score": 0.7668595308661427, "ROC AUC": 0.8188827127408465, "Accuracy": 0.7778502609393818, "MEAPE-mu": 9.894369448236121, "MEAPE-std": 0.43133550904217194, "_runtime": 7, "_timestamp": 1645798978, "_step": 0, "_wandb": {"runtime": 7}}