{"MAE": 37.854386237815824, "MRAE": 0.8063313889454009, "R^2-Score": -0.46393065283224133, "MEAPE-mu": 5.466278603455463, "MEAPE-std": 0.4347204533059828, "RMSE": 46.31998832227599, "JSD": Infinity, "_runtime": 1521, "_timestamp": 1649349383, "_step": 0, "_wandb": {"runtime": 1521}}