{"ARI": 0.01662280094195872, "NMI": 0.08075729065701408, "JSD": 0.3285356742853521, "Precision": 0.45037220843672465, "Recall": 0.3548387096774194, "F1-Score": 0.37258064516129036, "Accuracy": 0.3548387096774194, "MEAPE-mu": 17.75517316416542, "MEAPE-std": 10.80020522261298, "_runtime": 3, "_timestamp": 1645609343, "_step": 0, "_wandb": {"runtime": 4}}