{"ARI": 0.0, "NMI": 0.0, "JSD": Infinity, "Precision": 0.5625, "Recall": 0.75, "F1-Score": 0.6428571428571429, "ROC AUC": 0.24489795918367344, "Accuracy": 0.75, "MEAPE-mu": 125.0284382284382, "MEAPE-std": 136.1047357861747, "_runtime": 2, "_timestamp": 1653671598, "_step": 0, "_wandb": {"runtime": 4}}