{"ARI": 0.6997869634777767, "NMI": 0.5817118590002868, "JSD": 0.10966147410626498, "Precision": 0.8979221049884976, "Recall": 0.8986021743953849, "F1-Score": 0.8976646779336717, "ROC AUC": 0.9683062785187031, "Accuracy": 0.8986021743953849, "MEAPE-mu": 2.646541788077564, "MEAPE-std": 0.2130655585522327, "_runtime": 14, "_timestamp": 1648727047, "_step": 0, "_wandb": {"runtime": 14}}