{"ARI": 0.003929988080603163, "NMI": 0.0017997263879892286, "JSD": 0.5698721938752249, "Precision": 0.4922901985914537, "Recall": 0.13343055049216188, "F1-Score": 0.19691960217791285, "Accuracy": 0.13343055049216188, "MEAPE-mu": 63.69811438883318, "MEAPE-std": 0.773799868826748, "_runtime": 3, "_timestamp": 1645618509, "_step": 0, "_wandb": {"runtime": 4}}