{"ARI": 0.027549284778183643, "NMI": 0.03177681255416144, "JSD": 0.19714528063027323, "Precision": 0.5800889877641825, "Recall": 0.6774193548387096, "F1-Score": 0.5921146953405018, "ROC AUC": 0.6818740399385561, "Accuracy": 0.6774193548387096, "MEAPE-mu": 26.424716880819133, "MEAPE-std": 7.181723767791121, "_runtime": 4, "_timestamp": 1645460881, "_step": 0, "_wandb": {"runtime": 6}}