{"ARI": 0.2614728746969824, "NMI": 0.21200673110940774, "JSD": 0.16816287118886178, "Precision": 0.6586021505376344, "Recall": 0.7419354838709677, "F1-Score": 0.6709677419354839, "ROC AUC": 0.8794162826420889, "Accuracy": 0.7419354838709677, "MEAPE-mu": 22.79481885653408, "MEAPE-std": 8.018692845486155, "_runtime": 8, "_timestamp": 1646936500, "_step": 0, "_wandb": {"runtime": 7}}