{"MAE": 26.822463275702958, "RMSE": 35.47814519021332, "MRAE": 0.5392724877660082, "JSD": 0.16070893372768497, "R^2-Score": 0.27784419236412217, "MEAPE-mu": 7.720456905615476, "MEAPE-std": 5.8114753052627846, "_runtime": 2, "_timestamp": 1645190262, "_step": 0, "_wandb": {"runtime": 3}}