{"ARI": 0.07227463001742615, "NMI": 0.11615030854677053, "JSD": 0.18155658951956835, "Precision": 0.752388025426131, "Recall": 0.328688706456623, "F1-Score": 0.2024571786394136, "ROC AUC": 0.7321499490613419, "Accuracy": 0.328688706456623, "MEAPE-mu": 74.35455657029918, "MEAPE-std": 0.5925335607507867, "_runtime": 3, "_timestamp": 1645788546, "_step": 0, "_wandb": {"runtime": 3}}