{"MAE": 24.803008407853877, "RMSE": 31.39723277720905, "MRAE": 0.45504633608982975, "JSD": Infinity, "R^2-Score": 0.24136426043596626, "MEAPE-mu": 0.41662955781763095, "MEAPE-std": 0.3039452114464197, "_runtime": 2, "_timestamp": 1645387619, "_step": 0, "_wandb": {"runtime": 3}}