{"MAE": 24.78557213623817, "RMSE": 31.41545705492464, "MRAE": 0.46716210607994063, "JSD": Infinity, "R^2-Score": 0.21808284343780115, "MEAPE-mu": 0.9231528979344094, "MEAPE-std": 0.4880980820773016, "_runtime": 2, "_timestamp": 1645387577, "_step": 0, "_wandb": {"runtime": 3}}