{"ARI": 0.15819792069343366, "NMI": 0.07235435219118438, "JSD": 0.19370665051784708, "Precision": 0.6859606344132452, "Recall": 0.7211082756106453, "F1-Score": 0.6694824768178285, "ROC AUC": 0.7284794290548072, "Accuracy": 0.7211082756106453, "MEAPE-mu": 19.0732807408403, "MEAPE-std": 0.6725921699472525, "_runtime": 89, "_timestamp": 1645508363, "_step": 0, "_wandb": {"runtime": 90}}