{"ARI": 0.19219606578523057, "NMI": 0.20761436294549349, "JSD": 0.16287440584284132, "Precision": 0.7583333333333333, "Recall": 0.7666666666666667, "F1-Score": 0.7037037037037037, "ROC AUC": 0.740602714515758, "Accuracy": 0.7666666666666667, "MEAPE-mu": 25.826810354219766, "MEAPE-std": 6.979831542477377, "_runtime": 14, "_timestamp": 1645465154, "_step": 0, "_wandb": {"runtime": 15}}