{"ARI": 0.2445719907375348, "NMI": 0.15288799054362354, "JSD": 0.17912175082361442, "Precision": 0.7712113664680691, "Recall": 0.7618522601984564, "F1-Score": 0.7210546630229263, "ROC AUC": 0.8161995571461998, "Accuracy": 0.7618522601984564, "MEAPE-mu": 14.987561651707338, "MEAPE-std": 1.551029605680978, "_runtime": 4, "_timestamp": 1654101422, "_step": 0, "_wandb": {"runtime": 5}}