{"MAE": 17.333128582421924, "MRAE": 0.2677755578369506, "R^2-Score": 0.10782084083729915, "MEAPE-mu": 8.883824821391462, "MEAPE-std": 5.3672014677173605, "RMSE": 21.39848341535976, "JSD": 0.0967773809719798, "_runtime": 3, "_timestamp": 1646306970, "_step": 0, "_wandb": {"runtime": 4}}