{"ARI": 0.678357715393024, "NMI": 0.5531678313637775, "JSD": 0.11432215610749658, "Precision": 0.9029938596219484, "Recall": 0.9029768467475193, "F1-Score": 0.9001075134845591, "ROC AUC": 0.9635664612223467, "Accuracy": 0.9029768467475193, "MEAPE-mu": 3.4470778739915655, "MEAPE-std": 1.241702743328337, "_runtime": 8, "_timestamp": 1654102562, "_step": 0, "_wandb": {"runtime": 8}}