{"MAE": 23.911163077037063, "RMSE": 30.42300746246049, "MRAE": 0.4286648395503607, "JSD": Infinity, "R^2-Score": 0.2854917017676044, "MEAPE-mu": 1.4298342554342969, "MEAPE-std": 0.4861551389842804, "_runtime": 51, "_timestamp": 1645202130, "_step": 0, "_wandb": {"runtime": 52}}