{"MAE": 19.483314727255305, "MRAE": 0.3753925504170935, "R^2-Score": 0.30290781753957063, "MEAPE-mu": 1.622806999677532, "MEAPE-std": 0.18893848632725138, "RMSE": 26.57123769278342, "JSD": 0.12927672287525066, "_runtime": 5, "_timestamp": 1647416938, "_step": 0, "_wandb": {"runtime": 5}}