{"MAE": 23.362032648762508, "RMSE": 29.70858876139109, "MRAE": 0.43139660190533413, "JSD": 0.1342788251629917, "R^2-Score": 0.3122573609938667, "MEAPE-mu": 2.0655814161571597, "MEAPE-std": 0.4955716520595313, "_runtime": 60, "_timestamp": 1645200890, "_step": 0, "_wandb": {"runtime": 62}}