{"MAE": 21.202946141689665, "MRAE": 0.3843403358900008, "R^2-Score": 0.42631921568241593, "MEAPE-mu": 0.3323970870754608, "MEAPE-std": 0.2400567096419083, "RMSE": 27.177401092086352, "JSD": Infinity, "_runtime": 3, "_timestamp": 1646317632, "_step": 0, "_wandb": {"runtime": 5}}