{"MAE": 25.5039168238296, "MRAE": 0.48845938545817313, "R^2-Score": -0.05185894153518533, "MEAPE-mu": 5.692469995739365, "MEAPE-std": 0.2885420297188394, "RMSE": 32.14534368533094, "JSD": Infinity, "_runtime": 6, "_timestamp": 1647416319, "_step": 0, "_wandb": {"runtime": 6}}