{"ARI": 0.0297232859831683, "NMI": 0.015260771046612179, "JSD": 0.19515946311024673, "Precision": 0.5299757298954378, "Recall": 0.6260483692034613, "F1-Score": 0.5190512203071673, "ROC AUC": 0.630656939652659, "Accuracy": 0.6260483692034613, "MEAPE-mu": 32.87162617496835, "MEAPE-std": 0.27676752747337674, "_runtime": 38, "_timestamp": 1645626811, "_step": 0, "_wandb": {"runtime": 38}}