{"ARI": 0.19182365947111082, "NMI": 0.1111716663306535, "JSD": 0.18685917215406922, "Precision": 0.7242489546167459, "Recall": 0.7358731316077287, "F1-Score": 0.6858694600710978, "ROC AUC": 0.7588057348361209, "Accuracy": 0.7358731316077287, "MEAPE-mu": 21.23801153961602, "MEAPE-std": 0.5936153660604638, "_runtime": 2914, "_timestamp": 1646884227, "_step": 0, "_wandb": {"runtime": 2913}}