{"ARI": 0.33752857943337117, "NMI": 0.23857022132252984, "JSD": 0.1754569094658945, "Precision": 0.7457349037550485, "Recall": 0.7509207898824052, "F1-Score": 0.7430242866458898, "ROC AUC": 0.8690559028892934, "Accuracy": 0.7509207898824052, "MEAPE-mu": 5.537568871685935, "MEAPE-std": 0.3403113996691251, "_runtime": 1001, "_timestamp": 1652629256, "_step": 0, "_wandb": {"runtime": 1002}}