{"MAE": 20.794337343750332, "RMSE": 24.835007881973386, "MRAE": 0.3127644858869742, "JSD": 0.10593901308923216, "R^2-Score": 0.46276830680894077, "MEAPE-mu": 4.63119658924087, "MEAPE-std": 3.5722062264724346, "_runtime": 6, "_timestamp": 1645433194, "_step": 0, "_wandb": {"runtime": 6}}