{"MAE": 27.274744449357986, "MRAE": 0.5721147568485176, "R^2-Score": 0.035797731027559565, "MEAPE-mu": 0.8805184305374908, "MEAPE-std": 0.2679802196976807, "RMSE": 33.29110653599597, "JSD": 0.17265833188571655, "_runtime": 5756, "_timestamp": 1652030528, "_step": 0, "_wandb": {"runtime": 5756}}