{"ARI": 0.5999191677007392, "NMI": 0.46651246246725003, "JSD": 0.12638215036942088, "Precision": 0.8769819824541637, "Recall": 0.8724257335520321, "F1-Score": 0.8613341117651908, "ROC AUC": 0.950654370832554, "Accuracy": 0.8724257335520321, "MEAPE-mu": 8.760360441157138, "MEAPE-std": 0.5163831967217344, "_runtime": 1134, "_timestamp": 1646927917, "_step": 0, "_wandb": {"runtime": 1134}}