{"MAE": 27.687039124862846, "MRAE": 0.6717728133935176, "R^2-Score": 0.024648883630496554, "MEAPE-mu": 9.968567941623816, "MEAPE-std": 0.2870808496036001, "RMSE": 33.55148309231249, "JSD": 0.17164413023189215, "_runtime": 10, "_timestamp": 1645991645, "_step": 0, "_wandb": {"runtime": 11}}