{"ARI": -0.005089204685032799, "NMI": 0.0008680387840930761, "JSD": Infinity, "Precision": 0.554065017012783, "Recall": 0.6904857486953031, "F1-Score": 0.5782704761492786, "ROC AUC": 0.4895388838347635, "Accuracy": 0.6904857486953031, "MEAPE-mu": 141.90516056859545, "MEAPE-std": 3.520774131657142, "_runtime": 89, "_timestamp": 1653692643, "_step": 0, "_wandb": {"runtime": 91}}