{"ARI": 0.0, "NMI": 0.0, "JSD": 0.17808250847017623, "Precision": 0.3832618155944979, "Recall": 0.6190814288883958, "F1-Score": 0.4734311798729381, "ROC AUC": 0.624028040808718, "Accuracy": 0.6190814288883958, "MEAPE-mu": 39.18797369836071, "MEAPE-std": 0.21782438004985855, "_runtime": 2349, "_timestamp": 1647881068, "_step": 0, "_wandb": {"runtime": 2347}}