{"ARI": 0.17125891465639562, "NMI": 0.10616037091940356, "JSD": 0.1859569267756065, "Precision": 0.6766652026295994, "Recall": 0.74090407938258, "F1-Score": 0.6894733620648952, "ROC AUC": 0.7370787560302782, "Accuracy": 0.74090407938258, "MEAPE-mu": 19.063708302153138, "MEAPE-std": 1.537407002699163, "_runtime": 4, "_timestamp": 1654277657, "_step": 0, "_wandb": {"runtime": 5}}