{"ARI": 0.0, "NMI": 0.0, "JSD": 0.17808250847017626, "Precision": 0.3832618155944979, "Recall": 0.6190814288883958, "F1-Score": 0.4734311798729381, "ROC AUC": 0.5290842535583509, "Accuracy": 0.6190814288883958, "MEAPE-mu": 39.27508208788223, "MEAPE-std": 0.22460270301870605, "_runtime": 2144, "_timestamp": 1647874122, "_step": 0, "_wandb": {"runtime": 2144}}