{"MAE": 19.820860581099605, "MRAE": 0.49304074567694883, "R^2-Score": 0.3866001782407934, "MEAPE-mu": 6.49500574203833, "MEAPE-std": 4.301033890416455, "RMSE": 26.40086240844471, "JSD": 0.12330900038349106, "_runtime": 3, "_timestamp": 1646307675, "_step": 0, "_wandb": {"runtime": 4}}