{"MAE": 26.17817691674417, "MRAE": 0.39358412962106104, "R^2-Score": 0.28906458022900205, "MEAPE-mu": 10.920922648291358, "MEAPE-std": 5.189201814590091, "RMSE": 30.20946304097814, "JSD": 0.12448752720089908, "_runtime": 3, "_timestamp": 1646297833, "_step": 0, "_wandb": {"runtime": 4}}