{"MAE": 12.106699232693682, "MRAE": 0.17425851255258487, "R^2-Score": 0.7353063536057853, "MEAPE-mu": 0.35224147306508835, "MEAPE-std": 0.22864797733055492, "RMSE": 18.594762454912637, "JSD": 0.07888638674727232, "_runtime": 1365, "_timestamp": 1646770586, "_step": 0, "_wandb": {"runtime": 1366}}