{"ARI": 0.2707708860719291, "NMI": 0.1620932453262741, "JSD": 0.17697129954759933, "Precision": 0.7322165468662917, "Recall": 0.7624863288370397, "F1-Score": 0.7281805905528448, "ROC AUC": 0.7525085610470915, "Accuracy": 0.7624863288370397, "MEAPE-mu": 13.038842178700454, "MEAPE-std": 0.6820651067272044, "_runtime": 564, "_timestamp": 1646938408, "_step": 0, "_wandb": {"runtime": 564}}