{"ARI": 0.05114577084988878, "NMI": 0.06386648005961698, "JSD": 0.17985155127777716, "Precision": 0.623980576232747, "Recall": 0.6485467051253605, "F1-Score": 0.5421197673673718, "ROC AUC": 0.7195127327938369, "Accuracy": 0.6485467051253605, "MEAPE-mu": 34.27006381055621, "MEAPE-std": 0.23547608435444836, "_runtime": 153, "_timestamp": 1648220016, "_step": 0, "_wandb": {"runtime": 153}}