{"ARI": 0.2815867937892542, "NMI": 0.3121650786356904, "JSD": 0.21709692850484202, "Precision": 0.6489219794892434, "Recall": 0.6798757488351453, "F1-Score": 0.6596206470368167, "ROC AUC": 0.6844692741496107, "Accuracy": 0.6798757488351453, "MEAPE-mu": 9.256222473995784, "MEAPE-std": 0.38884287264239303, "_runtime": 5684, "_timestamp": 1649389152, "_step": 0, "_wandb": {"runtime": 5684}}