{"MAE": 16.373994327295055, "RMSE": 22.924402802517033, "MRAE": 0.33498856269226573, "JSD": 0.11138457922380865, "R^2-Score": 0.46241897704217483, "MEAPE-mu": 4.341670429508119, "MEAPE-std": 3.6661460902271097, "_runtime": 2, "_timestamp": 1645106338, "_step": 0}