{"ARI": 0.6618578130347577, "NMI": 0.5312206792279555, "JSD": 0.11402993612875918, "Precision": 0.8986261924578672, "Recall": 0.896361631753032, "F1-Score": 0.889813706992496, "ROC AUC": 0.9677335412149599, "Accuracy": 0.896361631753032, "MEAPE-mu": 4.1859430226365735, "MEAPE-std": 1.1377534545259165, "_runtime": 56, "_timestamp": 1654116240, "_step": 0, "_wandb": {"runtime": 58}}