{"MAE": 28.52099895860417, "MRAE": 0.5507836111137899, "R^2-Score": 0.3237125893245941, "MEAPE-mu": 6.254987470684642, "MEAPE-std": 5.198523069786177, "RMSE": 36.16449759657214, "JSD": 0.1564362100393438, "_runtime": 3, "_timestamp": 1646481519, "_step": 0, "_wandb": {"runtime": 4}}