{"ARI": 0.18546027512827187, "NMI": 0.09243330904344926, "JSD": 0.2060451780311989, "Precision": 0.7257897383405003, "Recall": 0.743564008631505, "F1-Score": 0.7228569612239452, "ROC AUC": 0.774327442771964, "Accuracy": 0.743564008631505, "MEAPE-mu": 14.354420057256538, "MEAPE-std": 0.383091253155289, "_runtime": 9, "_timestamp": 1646850013, "_step": 0, "_wandb": {"runtime": 10}}