{"MAE": 3.310882245716369, "MRAE": 0.06481946584269428, "R^2-Score": 0.9146108583059424, "MEAPE-mu": 0.8299713195072309, "MEAPE-std": 0.1750295069788423, "RMSE": 10.623514028318487, "JSD": 0.04880255915297053, "_runtime": 133, "_timestamp": 1646551868, "_step": 0, "_wandb": {"runtime": 134}}