{"ARI": 0.0, "NMI": 1.6883267560046202e-15, "JSD": 0.1779992404031432, "Precision": 0.5036420395421436, "Recall": 0.7096774193548387, "F1-Score": 0.5891661594643944, "ROC AUC": 0.6478262884686689, "Accuracy": 0.7096774193548387, "MEAPE-mu": 33.07513539908693, "MEAPE-std": 7.459353144672122, "_runtime": 6, "_timestamp": 1646943035, "_step": 0, "_wandb": {"runtime": 6}}