{"ARI": 0.08508742621672792, "NMI": 0.1400737439927706, "JSD": 0.22075397337556957, "Precision": 0.4767025089605735, "Recall": 0.6129032258064516, "F1-Score": 0.5362903225806451, "ROC AUC": 0.5064900153609831, "Accuracy": 0.6129032258064516, "MEAPE-mu": 21.28254490915224, "MEAPE-std": 9.529016085057883, "_runtime": 13, "_timestamp": 1646944776, "_step": 0, "_wandb": {"runtime": 14}}