{"ARI": 0.0, "NMI": 7.024775910151136e-16, "JSD": 0.1813021946042139, "Precision": 0.4588969823100936, "Recall": 0.6774193548387096, "F1-Score": 0.5471464019851118, "ROC AUC": 0.6574914155825313, "Accuracy": 0.6774193548387096, "MEAPE-mu": 35.40992573303081, "MEAPE-std": 7.700638846209905, "_runtime": 3, "_timestamp": 1653942607, "_step": 0, "_wandb": {"runtime": 4}}