{"ARI": 0.22466170054974527, "NMI": 0.14025722941702834, "JSD": 0.17032910491224282, "Precision": 0.6398510730992293, "Recall": 0.5519857998668738, "F1-Score": 0.553696675793026, "ROC AUC": 0.7863807519064081, "Accuracy": 0.5519857998668738, "MEAPE-mu": 9.537982394485566, "MEAPE-std": 0.34779999707106224, "_runtime": 5, "_timestamp": 1646932076, "_step": 0, "_wandb": {"runtime": 6}}