{"ARI": 0.3277023979227798, "NMI": 0.2277277481435955, "JSD": 0.1778514336563952, "Precision": 0.7384609129423574, "Recall": 0.7447082316396716, "F1-Score": 0.7367998123653277, "ROC AUC": 0.8647292909607799, "Accuracy": 0.7447082316396716, "MEAPE-mu": 5.776749671738154, "MEAPE-std": 0.3186652765187959, "_runtime": 3654, "_timestamp": 1652546220, "_step": 0, "_wandb": {"runtime": 3655}}