{"ARI": -0.05680941114143477, "NMI": 0.07002185959317786, "JSD": 0.27450627305049224, "Precision": 0.37315096243169793, "Recall": 0.3897492788994897, "F1-Score": 0.38120217445799015, "ROC AUC": 0.49232717040173357, "Accuracy": 0.3897492788994897, "MEAPE-mu": 2.4386524875225835, "MEAPE-std": 0.5665329085698853, "_runtime": 5, "_timestamp": 1646916283, "_step": 0, "_wandb": {"runtime": 6}}