{"MAE": 22.604628606406575, "RMSE": 29.348116563058117, "MRAE": 0.45011697382984184, "JSD": 0.14698880073224455, "R^2-Score": 0.1151535321210434, "MEAPE-mu": 5.413912286452675, "MEAPE-std": 3.5625222844377595, "_runtime": 2, "_timestamp": 1645118695, "_step": 0, "_wandb": {"runtime": 3}}