{"MAE": 25.13173429825813, "MRAE": 0.4358633136358474, "R^2-Score": 0.19894708394212568, "MEAPE-mu": 6.411669232216981, "MEAPE-std": 5.311815243050192, "RMSE": 32.25882704346025, "JSD": 0.14550333346908775, "_runtime": 2, "_timestamp": 1646297337, "_step": 0, "_wandb": {"runtime": 4}}