{"ARI": 0.2504481716231574, "NMI": 0.2396502413847568, "JSD": 0.20115942362306846, "Precision": 0.549765001755517, "Recall": 0.627468382516086, "F1-Score": 0.5720287827834756, "ROC AUC": 0.7138027165637479, "Accuracy": 0.627468382516086, "MEAPE-mu": 18.59591424540047, "MEAPE-std": 0.30227209047754156, "_runtime": 1520, "_timestamp": 1648237749, "_step": 0, "_wandb": {"runtime": 1519}}