{"MAE": 30.599999999999998, "MRAE": 0.7164994067055204, "R^2-Score": 0.1682752136490805, "MEAPE-mu": 7.4968179594044235, "MEAPE-std": 6.150234831334632, "RMSE": 38.0890010370448, "JSD": 0.1747474989131099, "_runtime": 6, "_timestamp": 1646306301, "_step": 0, "_wandb": {"runtime": 4}}