{"MAE": 20.720628573330146, "MRAE": 0.3622559098809314, "R^2-Score": 0.24638001561708578, "MEAPE-mu": 5.975498507950285, "MEAPE-std": 4.76678395544622, "RMSE": 29.97391533620416, "JSD": 0.13816549820321716, "_runtime": 12, "_timestamp": 1646310520, "_step": 0, "_wandb": {"runtime": 12}}