{"ARI": 0.034365524212073874, "NMI": 0.08480534528271505, "JSD": 0.21162646943637364, "Precision": 0.6451612903225806, "Recall": 0.5806451612903226, "F1-Score": 0.6111308046791918, "ROC AUC": 0.6948152267952045, "Accuracy": 0.5806451612903226, "MEAPE-mu": 8.93449884922061, "MEAPE-std": 6.788221866475569, "_runtime": 10, "_timestamp": 1645460119, "_step": 0, "_wandb": {"runtime": 11}}