{"MAE": 16.607411032461762, "MRAE": 0.2869800265677134, "R^2-Score": 0.5831125549853291, "MEAPE-mu": 1.1152859874606846, "MEAPE-std": 0.3670839342147791, "RMSE": 23.311269825401745, "JSD": Infinity, "_runtime": 157, "_timestamp": 1646532649, "_step": 0, "_wandb": {"runtime": 157}}