{"ARI": 0.2835581331473769, "NMI": 0.15858880872783485, "JSD": 0.17533807778879432, "Precision": 0.6975210732104661, "Recall": 0.7632154575282537, "F1-Score": 0.7202423815086877, "ROC AUC": 0.8451764733380438, "Accuracy": 0.7632154575282537, "MEAPE-mu": 14.390497078498667, "MEAPE-std": 0.7180562866915701, "_runtime": 5, "_timestamp": 1645784543, "_step": 0, "_wandb": {"runtime": 6}}