{"ARI": 0.0885907900030924, "NMI": 0.02765908079767497, "JSD": 0.21284130175736515, "Precision": 0.6300930684591787, "Recall": 0.5489338436303991, "F1-Score": 0.5817641645732491, "ROC AUC": 0.6478998818537066, "Accuracy": 0.5489338436303991, "MEAPE-mu": 4.444787253686983, "MEAPE-std": 0.9461730998960275, "_runtime": 5, "_timestamp": 1645475044, "_step": 0, "_wandb": {"runtime": 5}}