{"ARI": 0.12582508379614837, "NMI": 0.10725526517372369, "JSD": 0.20615181921604595, "Precision": 0.6120208929664477, "Recall": 0.5892167739072554, "F1-Score": 0.5934688214178605, "ROC AUC": 0.6832472446541203, "Accuracy": 0.5892167739072554, "MEAPE-mu": 12.228737403445177, "MEAPE-std": 0.4732518985141368, "_runtime": 6, "_timestamp": 1646915857, "_step": 0, "_wandb": {"runtime": 6}}