{"ARI": 0.4274873971368365, "NMI": 0.2539684426914195, "JSD": 0.15716426402281983, "Precision": 0.7842289509583582, "Recall": 0.8004010207801677, "F1-Score": 0.7863577793187551, "ROC AUC": 0.7857337717930063, "Accuracy": 0.8004010207801677, "MEAPE-mu": 8.601541231634473, "MEAPE-std": 0.6615692535102398, "_runtime": 407, "_timestamp": 1646838301, "_step": 0, "_wandb": {"runtime": 407}}