{"ARI": -0.007179372469354331, "NMI": 0.0003317546885183009, "JSD": Infinity, "Precision": 0.5716342264299592, "Recall": 0.6275592131674026, "F1-Score": 0.5900236865903867, "ROC AUC": 0.4824802509445119, "Accuracy": 0.6275592131674026, "MEAPE-mu": 67.25761653895829, "MEAPE-std": 2.6577260234074993, "_runtime": 28, "_timestamp": 1653922381, "_step": 0, "_wandb": {"runtime": 29}}