{"MAE": 17.464569079100162, "MRAE": 0.38003219422550205, "R^2-Score": 0.02810867911561743, "MEAPE-mu": 5.423909615256985, "MEAPE-std": 0.20984734679238734, "RMSE": 21.09871927550437, "JSD": 0.12266100902698242, "_runtime": 4, "_timestamp": 1646946518, "_step": 0, "_wandb": {"runtime": 5}}