{"MAE": 23.739950398784348, "RMSE": 29.617845658347875, "MRAE": 0.4480002852642708, "JSD": 0.1304868894011308, "R^2-Score": 0.29980722220704226, "MEAPE-mu": 4.96296632522008, "MEAPE-std": 0.5520434402257555, "_runtime": 53, "_timestamp": 1645389510, "_step": 0, "_wandb": {"runtime": 53}}