{"ARI": 0.9967189270884729, "NMI": 0.9918190957350363, "JSD": 0.01197183767157004, "Precision": 0.999068386494449, "Recall": 0.9990681162635899, "F1-Score": 0.9990682103418765, "ROC AUC": 0.9991134062681414, "Accuracy": 0.9990681162635899, "MEAPE-mu": 0.025399243270846777, "MEAPE-std": 0.01935899469191445, "_runtime": 90, "_timestamp": 1648770012, "_step": 0, "_wandb": {"runtime": 91}}