{"MAE": 20.240944208314843, "MRAE": 0.3904398550059563, "R^2-Score": 0.38200691729293823, "MEAPE-mu": 0.8689806275499268, "MEAPE-std": 0.28357781802443316, "RMSE": 27.406855282992897, "JSD": Infinity, "_runtime": 5, "_timestamp": 1646946155, "_step": 0, "_wandb": {"runtime": 5}}