{"MAE": 32.30955574057077, "MRAE": 0.9423937103944358, "R^2-Score": 0.041274840724574435, "MEAPE-mu": 6.3661996635903435, "MEAPE-std": 0.47463977673649255, "RMSE": 39.4153751729458, "JSD": Infinity, "_runtime": 2, "_timestamp": 1645989031, "_step": 0, "_wandb": {"runtime": 4}}