{"ARI": 0.036438335248532114, "NMI": 0.03165574611252923, "JSD": 0.20603606971943744, "Precision": 0.5258745858065554, "Recall": 0.6064788107388507, "F1-Score": 0.5215428983909838, "ROC AUC": 0.6154008264425396, "Accuracy": 0.6064788107388507, "MEAPE-mu": 28.80180907632462, "MEAPE-std": 0.2833901977946713, "_runtime": 1438, "_timestamp": 1647713665, "_step": 0, "_wandb": {"runtime": 1438}}