{"ARI": -0.01150709759103449, "NMI": 0.0008878913611228864, "JSD": Infinity, "Precision": 0.5663162558294896, "Recall": 0.6233251367491344, "F1-Score": 0.5855693657007471, "ROC AUC": 0.4743951575423832, "Accuracy": 0.6233251367491344, "MEAPE-mu": 66.39341656083991, "MEAPE-std": 3.237137390908683, "_runtime": 27, "_timestamp": 1653922451, "_step": 0, "_wandb": {"runtime": 28}}