{"ARI": 0.0, "NMI": 0.0, "JSD": 0.17878432623971877, "Precision": 0.49, "Recall": 0.7, "F1-Score": 0.5764705882352941, "ROC AUC": 0.34521509086726476, "Accuracy": 0.7, "MEAPE-mu": 34.60304901523832, "MEAPE-std": 6.180737768764314, "_runtime": 5, "_timestamp": 1646933989, "_step": 0, "_wandb": {"runtime": 5}}