{"MAE": 29.58656829537493, "MRAE": 0.6337613486132031, "R^2-Score": -0.24821281914106263, "MEAPE-mu": 1.0816241126549453, "MEAPE-std": 0.37676260671785716, "RMSE": 37.87812520189218, "JSD": Infinity, "_runtime": 1530, "_timestamp": 1649344771, "_step": 0, "_wandb": {"runtime": 1529}}