{"ARI": 0.788520034418173, "NMI": 0.6722617425946491, "JSD": 0.09439351154248163, "Precision": 0.9356110779265638, "Recall": 0.9360306178239475, "F1-Score": 0.935727367267188, "ROC AUC": 0.9873576871027202, "Accuracy": 0.9360306178239475, "MEAPE-mu": 0.9238704411689485, "MEAPE-std": 0.37686369227566424, "_runtime": 388, "_timestamp": 1653419363, "_step": 0, "_wandb": {"runtime": 389}}