{"ARI": 0.07869401423189619, "NMI": 0.10305887554617958, "JSD": 0.17042071409364698, "Precision": 0.7, "Recall": 0.7096774193548387, "F1-Score": 0.6143263757115749, "ROC AUC": 0.8127112135176651, "Accuracy": 0.7096774193548387, "MEAPE-mu": 30.984244157611865, "MEAPE-std": 7.466991724121545, "_runtime": 2, "_timestamp": 1645452642, "_step": 0, "_wandb": {"runtime": 3}}