{"ARI": 0.0, "NMI": 0.0, "JSD": 0.1780825084701762, "Precision": 0.3832618155944979, "Recall": 0.6190814288883958, "F1-Score": 0.4734311798729381, "ROC AUC": 0.6000331166781149, "Accuracy": 0.6190814288883958, "MEAPE-mu": 39.26238846551347, "MEAPE-std": 0.19538200754643686, "_runtime": 3, "_timestamp": 1645606430, "_step": 0, "_wandb": {"runtime": 3}}