{"MAE": 26.673568793265392, "MRAE": 0.3553900130286198, "R^2-Score": -0.05356052780735743, "MEAPE-mu": 8.64004396011097, "MEAPE-std": 4.9950026205730085, "RMSE": 33.24600023052151, "JSD": 0.1333450366099704, "_runtime": 3, "_timestamp": 1646304202, "_step": 0, "_wandb": {"runtime": 4}}