{"ARI": 0.0, "NMI": 0.0, "JSD": 0.18390779094047427, "Precision": 0.5625, "Recall": 0.75, "F1-Score": 0.6428571428571429, "ROC AUC": 0.6428571428571429, "Accuracy": 0.75, "MEAPE-mu": 32.370509359796614, "MEAPE-std": 7.863165521491404, "_runtime": 5, "_timestamp": 1646933420, "_step": 0, "_wandb": {"runtime": 5}}