{"ARI": 0.4089958656849118, "NMI": 0.24000804141888618, "JSD": 0.161202964812451, "Precision": 0.7799326623702469, "Recall": 0.7962085308056872, "F1-Score": 0.78142817354459, "ROC AUC": 0.7779764458613544, "Accuracy": 0.7962085308056872, "MEAPE-mu": 8.515182043811652, "MEAPE-std": 0.5428640786750744, "_runtime": 376, "_timestamp": 1646837478, "_step": 0, "_wandb": {"runtime": 376}}