{"MAE": 27.00735200084639, "MRAE": 0.4425620787745024, "R^2-Score": -0.020735820310885833, "MEAPE-mu": 10.901659572007274, "MEAPE-std": 0.27911827185313026, "RMSE": 32.153137370844746, "JSD": Infinity, "_runtime": 2, "_timestamp": 1645985774, "_step": 0, "_wandb": {"runtime": 3}}