{"MAE": 16.80960230673513, "RMSE": 23.361615073084725, "MRAE": 0.394957820211012, "JSD": 0.12305603274405151, "R^2-Score": 0.5171705759107517, "MEAPE-mu": 4.228261155017021, "MEAPE-std": 3.048737703642225, "_runtime": 2, "_timestamp": 1645176196, "_step": 0, "_wandb": {"runtime": 4}}