{"MAE": 24.249929481551355, "RMSE": 30.276500353079665, "MRAE": 0.46930899840397183, "JSD": 0.13375794997462653, "R^2-Score": 0.2833042311478634, "MEAPE-mu": 7.519170422783543, "MEAPE-std": 0.5340654123330276, "_runtime": 9, "_timestamp": 1645221246, "_step": 0, "_wandb": {"runtime": 10}}