{"ARI": 0.10453819721470634, "NMI": 0.03883440087857507, "JSD": 0.20209678627017824, "Precision": 0.7146962607374567, "Recall": 0.755717665615142, "F1-Score": 0.7065913121951974, "ROC AUC": 0.7664061668971386, "Accuracy": 0.755717665615142, "MEAPE-mu": 22.127166902335176, "MEAPE-std": 0.7439827827432891, "_runtime": 8, "_timestamp": 1646916901, "_step": 0, "_wandb": {"runtime": 6}}