{"MAE": 21.417321184659244, "RMSE": 31.49057466134533, "MRAE": 0.29968325271963425, "JSD": 0.12617135833354132, "R^2-Score": 0.47160197108215796, "MEAPE-mu": 6.35909021375124, "MEAPE-std": 4.804859115844497, "_runtime": 2, "_timestamp": 1645116599, "_step": 0, "_wandb": {"runtime": 3}}