{"ARI": 0.8636199904564553, "NMI": 0.8032762611830393, "JSD": 0.08045050027963853, "Precision": 0.9614780491068291, "Recall": 0.961720743711265, "F1-Score": 0.9613388037156607, "ROC AUC": 0.9704827241513444, "Accuracy": 0.961720743711265, "MEAPE-mu": 1.779461966130732, "MEAPE-std": 0.3146469624270579, "_runtime": 2654, "_timestamp": 1647063545, "_step": 0, "_wandb": {"runtime": 2655}}