{"MAE": 21.284367221009326, "RMSE": 27.667367309070695, "MRAE": 0.3729754560596108, "JSD": Infinity, "R^2-Score": 0.40854735967609024, "MEAPE-mu": 0.5754815450422237, "MEAPE-std": 0.36246276979049413, "_runtime": 4, "_timestamp": 1645237809, "_step": 0, "_wandb": {"runtime": 5}}