{"MAE": 18.228427360268306, "MRAE": 0.32687107207112415, "R^2-Score": 0.004545167345149315, "MEAPE-mu": 2.1815667361917774, "MEAPE-std": 0.21045429949002137, "RMSE": 21.352956803776134, "JSD": 0.124829314921344, "_runtime": 7977, "_timestamp": 1648631949, "_step": 0, "_wandb": {"runtime": 7978}}