{"MAE": 18.167920149987633, "RMSE": 27.06661133359214, "MRAE": 0.3003913689454378, "JSD": 0.11621382415810806, "R^2-Score": 0.2341624773096599, "MEAPE-mu": 4.607719709703974, "MEAPE-std": 3.0204409552102836, "_runtime": 4, "_timestamp": 1645482710, "_step": 0, "_wandb": {"runtime": 4}}