{"ARI": 0.01475235973147565, "NMI": 0.013110316164097796, "JSD": 0.23038594776765242, "Precision": 0.5724509416155062, "Recall": 0.46564607253508294, "F1-Score": 0.5080017832947723, "ROC AUC": 0.5542114887260815, "Accuracy": 0.46564607253508294, "MEAPE-mu": 11.863705818836088, "MEAPE-std": 1.0511130769075696, "_runtime": 4, "_timestamp": 1645775187, "_step": 0, "_wandb": {"runtime": 5}}