{"MAE": 29.735792936700697, "RMSE": 35.767710126703435, "MRAE": 0.6653998760689875, "JSD": Infinity, "R^2-Score": 0.27985911698578814, "MEAPE-mu": 3.519785863152129, "MEAPE-std": 0.686360377647179, "_runtime": 5, "_timestamp": 1645517970, "_step": 0, "_wandb": {"runtime": 6}}