{"MAE": 25.060931899641577, "RMSE": 32.424111073287285, "MRAE": 0.8082237679603091, "JSD": 0.16769741965705418, "R^2-Score": 0.3080587684103635, "MEAPE-mu": 10.129634316243989, "MEAPE-std": 6.969176327661009, "_runtime": 2, "_timestamp": 1645116863, "_step": 0, "_wandb": {"runtime": 3}}