{"ARI": 0.7027435964485311, "NMI": 0.5805754110369459, "JSD": 0.10857014326277502, "Precision": 0.8980314540979695, "Recall": 0.8987796760594631, "F1-Score": 0.8979952401257495, "ROC AUC": 0.9704469511896333, "Accuracy": 0.8987796760594631, "MEAPE-mu": 2.240996626931929, "MEAPE-std": 0.21203222974008845, "_runtime": 15, "_timestamp": 1647592390, "_step": 0, "_wandb": {"runtime": 15}}