{"ARI": 0.855559480490063, "NMI": 0.7891462508665519, "JSD": 0.08220569179515662, "Precision": 0.9591047208272638, "Recall": 0.9593510754648196, "F1-Score": 0.9590690453949138, "ROC AUC": 0.9678077170401734, "Accuracy": 0.9593510754648196, "MEAPE-mu": 1.4635767144716723, "MEAPE-std": 0.3515448435977302, "_runtime": 3062, "_timestamp": 1647069275, "_step": 0, "_wandb": {"runtime": 3062}}