{"ARI": 0.02975767360078633, "NMI": 0.07594473616877714, "JSD": 0.17877383703069205, "Precision": 0.7070663231943657, "Recall": 0.30197470601286885, "F1-Score": 0.16126951036206552, "ROC AUC": 0.6881388406369205, "Accuracy": 0.30197470601286885, "MEAPE-mu": 76.26508679513172, "MEAPE-std": 0.5549880768551614, "_runtime": 6, "_timestamp": 1646914970, "_step": 0, "_wandb": {"runtime": 6}}