{"MAE": 26.108082768481836, "MRAE": 0.4107740802633512, "R^2-Score": 0.1810531541395045, "MEAPE-mu": 5.5362895925659465, "MEAPE-std": 4.191308404126852, "RMSE": 31.962063696004652, "JSD": 0.13568084168578562, "_runtime": 3, "_timestamp": 1646315970, "_step": 0, "_wandb": {"runtime": 4}}