{"ARI": 0.0015425382628760328, "NMI": 0.0008386035929463355, "JSD": 0.3364832757122041, "Precision": 0.48864305947457504, "Recall": 0.31510843812648076, "F1-Score": 0.3692322460292996, "Accuracy": 0.31510843812648076, "MEAPE-mu": 22.22348954386978, "MEAPE-std": 0.8580481415179536, "_runtime": 4, "_timestamp": 1645621575, "_step": 0, "_wandb": {"runtime": 4}}