{"ARI": -1.655935614581135e-05, "NMI": 0.0007577494277277712, "JSD": 0.32878458290955676, "Precision": 0.49733770372199965, "Recall": 0.3297484506015312, "F1-Score": 0.3799046036936869, "Accuracy": 0.3297484506015312, "MEAPE-mu": 20.973093651727314, "MEAPE-std": 0.896010258268629, "_runtime": 4, "_timestamp": 1645621618, "_step": 0, "_wandb": {"runtime": 4}}