{"ARI": 0.07567190776770857, "NMI": 0.033737818634697214, "JSD": 0.19261909095770524, "Precision": 0.6731571180851682, "Recall": 0.7026977761574918, "F1-Score": 0.6214786035216274, "ROC AUC": 0.6828162972373414, "Accuracy": 0.7026977761574918, "MEAPE-mu": 27.207081933805313, "MEAPE-std": 0.6104961195244946, "_runtime": 4, "_timestamp": 1645452582, "_step": 0, "_wandb": {"runtime": 4}}