{"MAE": 29.01279743067982, "MRAE": 0.601337237114858, "R^2-Score": 0.24124504879683595, "MEAPE-mu": 6.586688437084191, "MEAPE-std": 4.682829858709584, "RMSE": 36.36605754360406, "JSD": 0.16746786736827296, "_runtime": 2, "_timestamp": 1646480274, "_step": 0, "_wandb": {"runtime": 3}}