{"ARI": 0.1934826883910387, "NMI": 0.10489031526302724, "JSD": 0.19042038558792343, "Precision": 0.7666666666666667, "Recall": 0.7857142857142857, "F1-Score": 0.7521739130434782, "ROC AUC": 0.5578231292517006, "Accuracy": 0.7857142857142857, "MEAPE-mu": 18.494269462770273, "MEAPE-std": 9.203918765111027, "_runtime": 4, "_timestamp": 1646933759, "_step": 0, "_wandb": {"runtime": 5}}