{"ARI": -0.006394504544854712, "NMI": 0.03508373087667602, "JSD": 0.23031993215496718, "Precision": 0.4877611815161348, "Recall": 0.5865986243621034, "F1-Score": 0.5192343823046572, "ROC AUC": 0.6386424315827163, "Accuracy": 0.5865986243621034, "MEAPE-mu": 21.3114397484561, "MEAPE-std": 0.44305149786593234, "_runtime": 2, "_timestamp": 1645789096, "_step": 0, "_wandb": {"runtime": 4}}