{"MAE": 18.72061126194241, "RMSE": 24.610187134783605, "MRAE": 0.3543725315720782, "JSD": 0.11120948728965528, "R^2-Score": 0.27268209212112793, "MEAPE-mu": 11.56297549531387, "MEAPE-std": 5.823207187121026, "_runtime": 1, "_timestamp": 1645185277, "_step": 0, "_wandb": {"runtime": 3}}