{"ARI": -0.03198551599275799, "NMI": 0.07850325824437146, "JSD": 0.4649539582119905, "Precision": 0.5133333333333333, "Recall": 0.36666666666666664, "F1-Score": 0.42777777777777776, "Accuracy": 0.36666666666666664, "MEAPE-mu": 50.51338513349532, "MEAPE-std": 9.822049916987345, "_runtime": 3, "_timestamp": 1645623656, "_step": 0, "_wandb": {"runtime": 4}}