{"ARI": 0.0, "NMI": 0.0, "JSD": 0.17878432623971877, "Precision": 0.49, "Recall": 0.7, "F1-Score": 0.5764705882352941, "ROC AUC": 0.6920289855072463, "Accuracy": 0.7, "MEAPE-mu": 34.41268166607472, "MEAPE-std": 6.172371177478254, "_runtime": 5, "_timestamp": 1646933210, "_step": 0, "_wandb": {"runtime": 5}}