{"ARI": 0.05681287462955348, "NMI": 0.04071927837895848, "JSD": 0.19164666026503463, "Precision": 0.7006882541384089, "Recall": 0.7032446226759023, "F1-Score": 0.6213513696018151, "ROC AUC": 0.6705912121951824, "Accuracy": 0.7032446226759023, "MEAPE-mu": 27.683399066074195, "MEAPE-std": 0.5668530775876041, "_runtime": 4, "_timestamp": 1645774436, "_step": 0, "_wandb": {"runtime": 5}}