{"MAE": 30.05236299090304, "MRAE": 0.5620463611533283, "R^2-Score": -0.10805744919648008, "MEAPE-mu": 5.758606363160712, "MEAPE-std": 0.27964243035218045, "RMSE": 35.66836747636637, "JSD": 0.17795424162070617, "_runtime": 3, "_timestamp": 1645989603, "_step": 0, "_wandb": {"runtime": 4}}