{"ARI": 0.1901243884242914, "NMI": 0.09578192281777542, "JSD": 0.20524756660770996, "Precision": 0.7283403740237163, "Recall": 0.7455841027699719, "F1-Score": 0.7253607903254482, "ROC AUC": 0.7750597657541493, "Accuracy": 0.7455841027699719, "MEAPE-mu": 14.241855249468218, "MEAPE-std": 0.3716745448156007, "_runtime": 9, "_timestamp": 1646849996, "_step": 0, "_wandb": {"runtime": 10}}