{"ARI": 0.10893854748603352, "NMI": 0.12465082932157487, "JSD": Infinity, "Precision": 0.8189655172413793, "Recall": 0.7586206896551724, "F1-Score": 0.6819923371647509, "ROC AUC": 0.5684523809523809, "Accuracy": 0.7586206896551724, "MEAPE-mu": 182.5441091828708, "MEAPE-std": 276.0459581646128, "_runtime": 2, "_timestamp": 1653670851, "_step": 0, "_wandb": {"runtime": 4}}