{"MAE": 26.647976830185677, "RMSE": 34.7409682222864, "MRAE": 0.4738427175777213, "JSD": 0.15061426041882958, "R^2-Score": 0.3235427452686622, "MEAPE-mu": 6.912673544802439, "MEAPE-std": 5.010574788813583, "_runtime": 5, "_timestamp": 1645433106, "_step": 0, "_wandb": {"runtime": 6}}