{"ARI": 0.3126645434669421, "NMI": 0.2043873391725813, "JSD": 0.17894299019583043, "Precision": 0.7228030753389664, "Recall": 0.731218105169736, "F1-Score": 0.7247784282381822, "ROC AUC": 0.768836886768462, "Accuracy": 0.731218105169736, "MEAPE-mu": 4.675242273575093, "MEAPE-std": 0.3463068384274992, "_runtime": 46, "_timestamp": 1645867161, "_step": 0, "_wandb": {"runtime": 46}}