{"MAE": 28.19258732684741, "RMSE": 36.57752194661857, "MRAE": 0.5560602106615199, "JSD": 0.1614838241119194, "R^2-Score": 0.2266078328634683, "MEAPE-mu": 6.485657312517122, "MEAPE-std": 5.203074702230529, "_runtime": 4, "_timestamp": 1645482734, "_step": 0, "_wandb": {"runtime": 4}}