{"ARI": 0.01263845347380261, "NMI": 0.0031095515111636512, "JSD": 0.2161334434373176, "Precision": 0.48073276397726283, "Recall": 0.6007543820723319, "F1-Score": 0.5086517991012306, "ROC AUC": 0.568535235029001, "Accuracy": 0.6007543820723319, "MEAPE-mu": 28.129593741277695, "MEAPE-std": 0.36165172178579663, "_runtime": 886, "_timestamp": 1645806706, "_step": 0, "_wandb": {"runtime": 885}}