{"MAE": 20.870740444185625, "MRAE": 0.3828392998012917, "R^2-Score": 0.44283322331816966, "MEAPE-mu": 4.860681535979426, "MEAPE-std": 0.4443631859936249, "RMSE": 26.56109159425602, "JSD": 0.11855800077097703, "_runtime": 181, "_timestamp": 1646341772, "_step": 0, "_wandb": {"runtime": 182}}