{"MAE": 26.463341989824848, "RMSE": 36.27089594817215, "MRAE": 0.5460356733765537, "JSD": 0.1642962842988693, "R^2-Score": 0.24521082708117348, "MEAPE-mu": 6.732891284798387, "MEAPE-std": 5.034665592493429, "_runtime": 2, "_timestamp": 1645190318, "_step": 0, "_wandb": {"runtime": 3}}