{"MAE": 25.245761479810316, "RMSE": 32.12783576683954, "MRAE": 0.4517983351236072, "JSD": 0.15519946120108863, "R^2-Score": 0.06292657472412921, "MEAPE-mu": 6.050033596246116, "MEAPE-std": 3.9268618177808454, "_runtime": 2, "_timestamp": 1645116657, "_step": 0, "_wandb": {"runtime": 3}}